market,calendar_date,session_state,reconstruction_state,reconstruction_state_if_vendor_accepted,price_rows,coverage_calendar,coverage_security_lifecycle,coverage_daily_price,coverage_market_status,coverage_corporate_action,coverage_fundamental,reason_codes
TWSE,2025-01-01,official-closed,not-session,not-session,0,covered,licensed-vendor,official-no-data,covered,covered,licensed-vendor,disposal-and-attention-captured;lifecycle-and-fundamental-from-tej-licensed-vendor;suspension-inferred-from-price-absence
TPEX,2025-01-01,official-closed,not-session,not-session,0,covered,licensed-vendor,official-no-data,covered,unknown,licensed-vendor,disposal-and-attention-captured;lifecycle-and-fundamental-from-tej-licensed-vendor;suspension-inferred-from-price-absence;tpex-no-range-based-exright-endpoint
TWSE,2025-01-02,official-open,partial,supported,1274,covered,licensed-vendor,covered,covered,covered,licensed-vendor,blocked-only-by-vendor-dependency;disposal-and-attention-captured;lifecycle-and-fundamental-from-tej-licensed-vendor;suspension-inferred-from-price-absence
TPEX,2025-01-02,official-open,partial,partial,943,covered,licensed-vendor,covered,covered,unknown,licensed-vendor,disposal-and-attention-captured;lifecycle-and-fundamental-from-tej-licensed-vendor;suspension-inferred-from-price-absence;tpex-no-range-based-exright-endpoint
TWSE,2025-01-03,official-open,partial,supported,1274,covered,licensed-vendor,covered,covered,covered,licensed-vendor,blocked-only-by-vendor-dependency;disposal-and-attention-captured;lifecycle-and-fundamental-from-tej-licensed-vendor;suspension-inferred-from-price-absence
TPEX,2025-01-03,official-open,partial,partial,943,covered,licensed-vendor,covered,covered,unknown,licensed-vendor,disposal-and-attention-captured;lifecycle-and-fundamental-from-tej-licensed-vendor;suspension-inferred-from-price-absence;tpex-no-range-based-exright-endpoint
TWSE,2025-01-04,official-closed,not-session,not-session,0,covered,licensed-vendor,official-no-data,covered,covered,licensed-vendor,disposal-and-attention-captured;lifecycle-and-fundamental-from-tej-licensed-vendor;suspension-inferred-from-price-absence
TPEX,2025-01-04,official-closed,not-session,not-session,0,covered,licensed-vendor,official-no-data,covered,unknown,licensed-vendor,disposal-and-attention-captured;lifecycle-and-fundamental-from-tej-licensed-vendor;suspension-inferred-from-price-absence;tpex-no-range-based-exright-endpoint
TWSE,2025-01-05,official-closed,not-session,not-session,0,covered,licensed-vendor,official-no-data,covered,covered,licensed-vendor,disposal-and-attention-captured;lifecycle-and-fundamental-from-tej-licensed-vendor;suspension-inferred-from-price-absence
TPEX,2025-01-05,official-closed,not-session,not-session,0,covered,licensed-vendor,official-no-data,covered,unknown,licensed-vendor,disposal-and-attention-captured;lifecycle-and-fundamental-from-tej-licensed-vendor;suspension-inferred-from-price-absence;tpex-no-range-based-exright-endpoint
TWSE,2025-01-06,official-open,partial,supported,1274,covered,licensed-vendor,covered,covered,covered,licensed-vendor,blocked-only-by-vendor-dependency;disposal-and-attention-captured;lifecycle-and-fundamental-from-tej-licensed-vendor;suspension-inferred-from-price-absence
TPEX,2025-01-06,official-open,partial,partial,943,covered,licensed-vendor,covered,covered,unknown,licensed-vendor,disposal-and-attention-captured;lifecycle-and-fundamental-from-tej-licensed-vendor;suspension-inferred-from-price-absence;tpex-no-range-based-exright-endpoint
TWSE,2025-01-07,official-open,partial,supported,1274,covered,licensed-vendor,covered,covered,covered,licensed-vendor,blocked-only-by-vendor-dependency;disposal-and-attention-captured;lifecycle-and-fundamental-from-tej-licensed-vendor;suspension-inferred-from-price-absence
TPEX,2025-01-07,official-open,partial,partial,943,covered,licensed-vendor,covered,covered,unknown,licensed-vendor,disposal-and-attention-captured;lifecycle-and-fundamental-from-tej-licensed-vendor;suspension-inferred-from-price-absence;tpex-no-range-based-exright-endpoint
TWSE,2025-01-08,official-open,partial,supported,1274,covered,licensed-vendor,covered,covered,covered,licensed-vendor,blocked-only-by-vendor-dependency;disposal-and-attention-captured;lifecycle-and-fundamental-from-tej-licensed-vendor;suspension-inferred-from-price-absence
TPEX,2025-01-08,official-open,partial,partial,943,covered,licensed-vendor,covered,covered,unknown,licensed-vendor,disposal-and-attention-captured;lifecycle-and-fundamental-from-tej-licensed-vendor;suspension-inferred-from-price-absence;tpex-no-range-based-exright-endpoint
TWSE,2025-01-09,official-open,partial,supported,1276,covered,licensed-vendor,covered,covered,covered,licensed-vendor,blocked-only-by-vendor-dependency;disposal-and-attention-captured;lifecycle-and-fundamental-from-tej-licensed-vendor;suspension-inferred-from-price-absence
TPEX,2025-01-09,official-open,partial,partial,942,covered,licensed-vendor,covered,covered,unknown,licensed-vendor,disposal-and-attention-captured;lifecycle-and-fundamental-from-tej-licensed-vendor;suspension-inferred-from-price-absence;tpex-no-range-based-exright-endpoint
TWSE,2025-01-10,official-open,partial,supported,1276,covered,licensed-vendor,covered,covered,covered,licensed-vendor,blocked-only-by-vendor-dependency;disposal-and-attention-captured;lifecycle-and-fundamental-from-tej-licensed-vendor;suspension-inferred-from-price-absence
TPEX,2025-01-10,official-open,partial,partial,943,covered,licensed-vendor,covered,covered,unknown,licensed-vendor,disposal-and-attention-captured;lifecycle-and-fundamental-from-tej-licensed-vendor;suspension-inferred-from-price-absence;tpex-no-range-based-exright-endpoint
TWSE,2025-01-11,official-closed,not-session,not-session,0,covered,licensed-vendor,official-no-data,covered,covered,licensed-vendor,disposal-and-attention-captured;lifecycle-and-fundamental-from-tej-licensed-vendor;suspension-inferred-from-price-absence
TPEX,2025-01-11,official-closed,not-session,not-session,0,covered,licensed-vendor,official-no-data,covered,unknown,licensed-vendor,disposal-and-attention-captured;lifecycle-and-fundamental-from-tej-licensed-vendor;suspension-inferred-from-price-absence;tpex-no-range-based-exright-endpoint
TWSE,2025-01-12,official-closed,not-session,not-session,0,covered,licensed-vendor,official-no-data,covered,covered,licensed-vendor,disposal-and-attention-captured;lifecycle-and-fundamental-from-tej-licensed-vendor;suspension-inferred-from-price-absence
TPEX,2025-01-12,official-closed,not-session,not-session,0,covered,licensed-vendor,official-no-data,covered,unknown,licensed-vendor,disposal-and-attention-captured;lifecycle-and-fundamental-from-tej-licensed-vendor;suspension-inferred-from-price-absence;tpex-no-range-based-exright-endpoint
TWSE,2025-01-13,official-open,partial,supported,1276,covered,licensed-vendor,covered,covered,covered,licensed-vendor,blocked-only-by-vendor-dependency;disposal-and-attention-captured;lifecycle-and-fundamental-from-tej-licensed-vendor;suspension-inferred-from-price-absence
TPEX,2025-01-13,official-open,partial,partial,944,covered,licensed-vendor,covered,covered,unknown,licensed-vendor,disposal-and-attention-captured;lifecycle-and-fundamental-from-tej-licensed-vendor;suspension-inferred-from-price-absence;tpex-no-range-based-exright-endpoint
TWSE,2025-01-14,official-open,partial,supported,1277,covered,licensed-vendor,covered,covered,covered,licensed-vendor,blocked-only-by-vendor-dependency;disposal-and-attention-captured;lifecycle-and-fundamental-from-tej-licensed-vendor;suspension-inferred-from-price-absence
TPEX,2025-01-14,official-open,partial,partial,944,covered,licensed-vendor,covered,covered,unknown,licensed-vendor,disposal-and-attention-captured;lifecycle-and-fundamental-from-tej-licensed-vendor;suspension-inferred-from-price-absence;tpex-no-range-based-exright-endpoint
TWSE,2025-01-15,official-open,partial,supported,1279,covered,licensed-vendor,covered,covered,covered,licensed-vendor,blocked-only-by-vendor-dependency;disposal-and-attention-captured;lifecycle-and-fundamental-from-tej-licensed-vendor;suspension-inferred-from-price-absence
TPEX,2025-01-15,official-open,partial,partial,946,covered,licensed-vendor,covered,covered,unknown,licensed-vendor,disposal-and-attention-captured;lifecycle-and-fundamental-from-tej-licensed-vendor;suspension-inferred-from-price-absence;tpex-no-range-based-exright-endpoint
TWSE,2025-01-16,official-open,partial,supported,1279,covered,licensed-vendor,covered,covered,covered,licensed-vendor,blocked-only-by-vendor-dependency;disposal-and-attention-captured;lifecycle-and-fundamental-from-tej-licensed-vendor;suspension-inferred-from-price-absence
TPEX,2025-01-16,official-open,partial,partial,946,covered,licensed-vendor,covered,covered,unknown,licensed-vendor,disposal-and-attention-captured;lifecycle-and-fundamental-from-tej-licensed-vendor;suspension-inferred-from-price-absence;tpex-no-range-based-exright-endpoint
TWSE,2025-01-17,official-open,partial,supported,1279,covered,licensed-vendor,covered,covered,covered,licensed-vendor,blocked-only-by-vendor-dependency;disposal-and-attention-captured;lifecycle-and-fundamental-from-tej-licensed-vendor;suspension-inferred-from-price-absence
TPEX,2025-01-17,official-open,partial,partial,947,covered,licensed-vendor,covered,covered,unknown,licensed-vendor,disposal-and-attention-captured;lifecycle-and-fundamental-from-tej-licensed-vendor;suspension-inferred-from-price-absence;tpex-no-range-based-exright-endpoint
TWSE,2025-01-18,official-closed,not-session,not-session,0,covered,licensed-vendor,official-no-data,covered,covered,licensed-vendor,disposal-and-attention-captured;lifecycle-and-fundamental-from-tej-licensed-vendor;suspension-inferred-from-price-absence
TPEX,2025-01-18,official-closed,not-session,not-session,0,covered,licensed-vendor,official-no-data,covered,unknown,licensed-vendor,disposal-and-attention-captured;lifecycle-and-fundamental-from-tej-licensed-vendor;suspension-inferred-from-price-absence;tpex-no-range-based-exright-endpoint
TWSE,2025-01-19,official-closed,not-session,not-session,0,covered,licensed-vendor,official-no-data,covered,covered,licensed-vendor,disposal-and-attention-captured;lifecycle-and-fundamental-from-tej-licensed-vendor;suspension-inferred-from-price-absence
TPEX,2025-01-19,official-closed,not-session,not-session,0,covered,licensed-vendor,official-no-data,covered,unknown,licensed-vendor,disposal-and-attention-captured;lifecycle-and-fundamental-from-tej-licensed-vendor;suspension-inferred-from-price-absence;tpex-no-range-based-exright-endpoint
TWSE,2025-01-20,official-open,partial,supported,1279,covered,licensed-vendor,covered,covered,covered,licensed-vendor,blocked-only-by-vendor-dependency;disposal-and-attention-captured;lifecycle-and-fundamental-from-tej-licensed-vendor;suspension-inferred-from-price-absence
TPEX,2025-01-20,official-open,partial,partial,948,covered,licensed-vendor,covered,covered,unknown,licensed-vendor,disposal-and-attention-captured;lifecycle-and-fundamental-from-tej-licensed-vendor;suspension-inferred-from-price-absence;tpex-no-range-based-exright-endpoint
TWSE,2025-01-21,official-open,partial,supported,1279,covered,licensed-vendor,covered,covered,covered,licensed-vendor,blocked-only-by-vendor-dependency;disposal-and-attention-captured;lifecycle-and-fundamental-from-tej-licensed-vendor;suspension-inferred-from-price-absence
TPEX,2025-01-21,official-open,partial,partial,948,covered,licensed-vendor,covered,covered,unknown,licensed-vendor,disposal-and-attention-captured;lifecycle-and-fundamental-from-tej-licensed-vendor;suspension-inferred-from-price-absence;tpex-no-range-based-exright-endpoint
TWSE,2025-01-22,official-open,partial,supported,1279,covered,licensed-vendor,covered,covered,covered,licensed-vendor,blocked-only-by-vendor-dependency;disposal-and-attention-captured;lifecycle-and-fundamental-from-tej-licensed-vendor;suspension-inferred-from-price-absence
TPEX,2025-01-22,official-open,partial,partial,949,covered,licensed-vendor,covered,covered,unknown,licensed-vendor,disposal-and-attention-captured;lifecycle-and-fundamental-from-tej-licensed-vendor;suspension-inferred-from-price-absence;tpex-no-range-based-exright-endpoint
TWSE,2025-01-23,official-closed,not-session,not-session,0,covered,licensed-vendor,official-no-data,covered,covered,licensed-vendor,disposal-and-attention-captured;lifecycle-and-fundamental-from-tej-licensed-vendor;suspension-inferred-from-price-absence
TPEX,2025-01-23,official-closed,not-session,not-session,0,covered,licensed-vendor,official-no-data,covered,unknown,licensed-vendor,disposal-and-attention-captured;lifecycle-and-fundamental-from-tej-licensed-vendor;suspension-inferred-from-price-absence;tpex-no-range-based-exright-endpoint
TWSE,2025-01-24,official-closed,not-session,not-session,0,covered,licensed-vendor,official-no-data,covered,covered,licensed-vendor,disposal-and-attention-captured;lifecycle-and-fundamental-from-tej-licensed-vendor;suspension-inferred-from-price-absence
TPEX,2025-01-24,official-closed,not-session,not-session,0,covered,licensed-vendor,official-no-data,covered,unknown,licensed-vendor,disposal-and-attention-captured;lifecycle-and-fundamental-from-tej-licensed-vendor;suspension-inferred-from-price-absence;tpex-no-range-based-exright-endpoint
TWSE,2025-01-25,official-closed,not-session,not-session,0,covered,licensed-vendor,official-no-data,covered,covered,licensed-vendor,disposal-and-attention-captured;lifecycle-and-fundamental-from-tej-licensed-vendor;suspension-inferred-from-price-absence
TPEX,2025-01-25,official-closed,not-session,not-session,0,covered,licensed-vendor,official-no-data,covered,unknown,licensed-vendor,disposal-and-attention-captured;lifecycle-and-fundamental-from-tej-licensed-vendor;suspension-inferred-from-price-absence;tpex-no-range-based-exright-endpoint
TWSE,2025-01-26,official-closed,not-session,not-session,0,covered,licensed-vendor,official-no-data,covered,covered,licensed-vendor,disposal-and-attention-captured;lifecycle-and-fundamental-from-tej-licensed-vendor;suspension-inferred-from-price-absence
TPEX,2025-01-26,official-closed,not-session,not-session,0,covered,licensed-vendor,official-no-data,covered,unknown,licensed-vendor,disposal-and-attention-captured;lifecycle-and-fundamental-from-tej-licensed-vendor;suspension-inferred-from-price-absence;tpex-no-range-based-exright-endpoint
TWSE,2025-01-27,official-closed,not-session,not-session,0,covered,licensed-vendor,official-no-data,covered,covered,licensed-vendor,disposal-and-attention-captured;lifecycle-and-fundamental-from-tej-licensed-vendor;suspension-inferred-from-price-absence
TPEX,2025-01-27,official-closed,not-session,not-session,0,covered,licensed-vendor,official-no-data,covered,unknown,licensed-vendor,disposal-and-attention-captured;lifecycle-and-fundamental-from-tej-licensed-vendor;suspension-inferred-from-price-absence;tpex-no-range-based-exright-endpoint
TWSE,2025-01-28,official-closed,not-session,not-session,0,covered,licensed-vendor,official-no-data,covered,covered,licensed-vendor,disposal-and-attention-captured;lifecycle-and-fundamental-from-tej-licensed-vendor;suspension-inferred-from-price-absence
TPEX,2025-01-28,official-closed,not-session,not-session,0,covered,licensed-vendor,official-no-data,covered,unknown,licensed-vendor,disposal-and-attention-captured;lifecycle-and-fundamental-from-tej-licensed-vendor;suspension-inferred-from-price-absence;tpex-no-range-based-exright-endpoint
TWSE,2025-01-29,official-closed,not-session,not-session,0,covered,licensed-vendor,official-no-data,covered,covered,licensed-vendor,disposal-and-attention-captured;lifecycle-and-fundamental-from-tej-licensed-vendor;suspension-inferred-from-price-absence
TPEX,2025-01-29,official-closed,not-session,not-session,0,covered,licensed-vendor,official-no-data,covered,unknown,licensed-vendor,disposal-and-attention-captured;lifecycle-and-fundamental-from-tej-licensed-vendor;suspension-inferred-from-price-absence;tpex-no-range-based-exright-endpoint
TWSE,2025-01-30,official-closed,not-session,not-session,0,covered,licensed-vendor,official-no-data,covered,covered,licensed-vendor,disposal-and-attention-captured;lifecycle-and-fundamental-from-tej-licensed-vendor;suspension-inferred-from-price-absence
TPEX,2025-01-30,official-closed,not-session,not-session,0,covered,licensed-vendor,official-no-data,covered,unknown,licensed-vendor,disposal-and-attention-captured;lifecycle-and-fundamental-from-tej-licensed-vendor;suspension-inferred-from-price-absence;tpex-no-range-based-exright-endpoint
TWSE,2025-01-31,official-closed,not-session,not-session,0,covered,licensed-vendor,official-no-data,covered,covered,licensed-vendor,disposal-and-attention-captured;lifecycle-and-fundamental-from-tej-licensed-vendor;suspension-inferred-from-price-absence
TPEX,2025-01-31,official-closed,not-session,not-session,0,covered,licensed-vendor,official-no-data,covered,unknown,licensed-vendor,disposal-and-attention-captured;lifecycle-and-fundamental-from-tej-licensed-vendor;suspension-inferred-from-price-absence;tpex-no-range-based-exright-endpoint
TWSE,2025-02-01,official-closed,not-session,not-session,0,covered,licensed-vendor,official-no-data,covered,covered,licensed-vendor,disposal-and-attention-captured;lifecycle-and-fundamental-from-tej-licensed-vendor;suspension-inferred-from-price-absence
TPEX,2025-02-01,official-closed,not-session,not-session,0,covered,licensed-vendor,official-no-data,covered,unknown,licensed-vendor,disposal-and-attention-captured;lifecycle-and-fundamental-from-tej-licensed-vendor;suspension-inferred-from-price-absence;tpex-no-range-based-exright-endpoint
TWSE,2025-02-02,official-closed,not-session,not-session,0,covered,licensed-vendor,official-no-data,covered,covered,licensed-vendor,disposal-and-attention-captured;lifecycle-and-fundamental-from-tej-licensed-vendor;suspension-inferred-from-price-absence
TPEX,2025-02-02,official-closed,not-session,not-session,0,covered,licensed-vendor,official-no-data,covered,unknown,licensed-vendor,disposal-and-attention-captured;lifecycle-and-fundamental-from-tej-licensed-vendor;suspension-inferred-from-price-absence;tpex-no-range-based-exright-endpoint
TWSE,2025-02-03,official-open,partial,supported,1279,covered,licensed-vendor,covered,covered,covered,licensed-vendor,blocked-only-by-vendor-dependency;disposal-and-attention-captured;lifecycle-and-fundamental-from-tej-licensed-vendor;suspension-inferred-from-price-absence
TPEX,2025-02-03,official-open,partial,partial,949,covered,licensed-vendor,covered,covered,unknown,licensed-vendor,disposal-and-attention-captured;lifecycle-and-fundamental-from-tej-licensed-vendor;suspension-inferred-from-price-absence;tpex-no-range-based-exright-endpoint
TWSE,2025-02-04,official-open,partial,supported,1279,covered,licensed-vendor,covered,covered,covered,licensed-vendor,blocked-only-by-vendor-dependency;disposal-and-attention-captured;lifecycle-and-fundamental-from-tej-licensed-vendor;suspension-inferred-from-price-absence
TPEX,2025-02-04,official-open,partial,partial,949,covered,licensed-vendor,covered,covered,unknown,licensed-vendor,disposal-and-attention-captured;lifecycle-and-fundamental-from-tej-licensed-vendor;suspension-inferred-from-price-absence;tpex-no-range-based-exright-endpoint
TWSE,2025-02-05,official-open,partial,supported,1278,covered,licensed-vendor,covered,covered,covered,licensed-vendor,blocked-only-by-vendor-dependency;disposal-and-attention-captured;lifecycle-and-fundamental-from-tej-licensed-vendor;suspension-inferred-from-price-absence
TPEX,2025-02-05,official-open,partial,partial,949,covered,licensed-vendor,covered,covered,unknown,licensed-vendor,disposal-and-attention-captured;lifecycle-and-fundamental-from-tej-licensed-vendor;suspension-inferred-from-price-absence;tpex-no-range-based-exright-endpoint
TWSE,2025-02-06,official-open,partial,supported,1278,covered,licensed-vendor,covered,covered,covered,licensed-vendor,blocked-only-by-vendor-dependency;disposal-and-attention-captured;lifecycle-and-fundamental-from-tej-licensed-vendor;suspension-inferred-from-price-absence
TPEX,2025-02-06,official-open,partial,partial,949,covered,licensed-vendor,covered,covered,unknown,licensed-vendor,disposal-and-attention-captured;lifecycle-and-fundamental-from-tej-licensed-vendor;suspension-inferred-from-price-absence;tpex-no-range-based-exright-endpoint
TWSE,2025-02-07,official-open,partial,supported,1278,covered,licensed-vendor,covered,covered,covered,licensed-vendor,blocked-only-by-vendor-dependency;disposal-and-attention-captured;lifecycle-and-fundamental-from-tej-licensed-vendor;suspension-inferred-from-price-absence
TPEX,2025-02-07,official-open,partial,partial,949,covered,licensed-vendor,covered,covered,unknown,licensed-vendor,disposal-and-attention-captured;lifecycle-and-fundamental-from-tej-licensed-vendor;suspension-inferred-from-price-absence;tpex-no-range-based-exright-endpoint
TWSE,2025-02-08,official-closed,not-session,not-session,0,covered,licensed-vendor,official-no-data,covered,covered,licensed-vendor,disposal-and-attention-captured;lifecycle-and-fundamental-from-tej-licensed-vendor;suspension-inferred-from-price-absence
TPEX,2025-02-08,official-closed,not-session,not-session,0,covered,licensed-vendor,official-no-data,covered,unknown,licensed-vendor,disposal-and-attention-captured;lifecycle-and-fundamental-from-tej-licensed-vendor;suspension-inferred-from-price-absence;tpex-no-range-based-exright-endpoint
TWSE,2025-02-09,official-closed,not-session,not-session,0,covered,licensed-vendor,official-no-data,covered,covered,licensed-vendor,disposal-and-attention-captured;lifecycle-and-fundamental-from-tej-licensed-vendor;suspension-inferred-from-price-absence
TPEX,2025-02-09,official-closed,not-session,not-session,0,covered,licensed-vendor,official-no-data,covered,unknown,licensed-vendor,disposal-and-attention-captured;lifecycle-and-fundamental-from-tej-licensed-vendor;suspension-inferred-from-price-absence;tpex-no-range-based-exright-endpoint
TWSE,2025-02-10,official-open,partial,supported,1278,covered,licensed-vendor,covered,covered,covered,licensed-vendor,blocked-only-by-vendor-dependency;disposal-and-attention-captured;lifecycle-and-fundamental-from-tej-licensed-vendor;suspension-inferred-from-price-absence
TPEX,2025-02-10,official-open,partial,partial,949,covered,licensed-vendor,covered,covered,unknown,licensed-vendor,disposal-and-attention-captured;lifecycle-and-fundamental-from-tej-licensed-vendor;suspension-inferred-from-price-absence;tpex-no-range-based-exright-endpoint
TWSE,2025-02-11,official-open,partial,supported,1280,covered,licensed-vendor,covered,covered,covered,licensed-vendor,blocked-only-by-vendor-dependency;disposal-and-attention-captured;lifecycle-and-fundamental-from-tej-licensed-vendor;suspension-inferred-from-price-absence
TPEX,2025-02-11,official-open,partial,partial,949,covered,licensed-vendor,covered,covered,unknown,licensed-vendor,disposal-and-attention-captured;lifecycle-and-fundamental-from-tej-licensed-vendor;suspension-inferred-from-price-absence;tpex-no-range-based-exright-endpoint
TWSE,2025-02-12,official-open,partial,supported,1280,covered,licensed-vendor,covered,covered,covered,licensed-vendor,blocked-only-by-vendor-dependency;disposal-and-attention-captured;lifecycle-and-fundamental-from-tej-licensed-vendor;suspension-inferred-from-price-absence
TPEX,2025-02-12,official-open,partial,partial,949,covered,licensed-vendor,covered,covered,unknown,licensed-vendor,disposal-and-attention-captured;lifecycle-and-fundamental-from-tej-licensed-vendor;suspension-inferred-from-price-absence;tpex-no-range-based-exright-endpoint
TWSE,2025-02-13,official-open,partial,supported,1280,covered,licensed-vendor,covered,covered,covered,licensed-vendor,blocked-only-by-vendor-dependency;disposal-and-attention-captured;lifecycle-and-fundamental-from-tej-licensed-vendor;suspension-inferred-from-price-absence
TPEX,2025-02-13,official-open,partial,partial,949,covered,licensed-vendor,covered,covered,unknown,licensed-vendor,disposal-and-attention-captured;lifecycle-and-fundamental-from-tej-licensed-vendor;suspension-inferred-from-price-absence;tpex-no-range-based-exright-endpoint
TWSE,2025-02-14,official-open,partial,supported,1280,covered,licensed-vendor,covered,covered,covered,licensed-vendor,blocked-only-by-vendor-dependency;disposal-and-attention-captured;lifecycle-and-fundamental-from-tej-licensed-vendor;suspension-inferred-from-price-absence
TPEX,2025-02-14,official-open,partial,partial,949,covered,licensed-vendor,covered,covered,unknown,licensed-vendor,disposal-and-attention-captured;lifecycle-and-fundamental-from-tej-licensed-vendor;suspension-inferred-from-price-absence;tpex-no-range-based-exright-endpoint
TWSE,2025-02-15,official-closed,not-session,not-session,0,covered,licensed-vendor,official-no-data,covered,covered,licensed-vendor,disposal-and-attention-captured;lifecycle-and-fundamental-from-tej-licensed-vendor;suspension-inferred-from-price-absence
TPEX,2025-02-15,official-closed,not-session,not-session,0,covered,licensed-vendor,official-no-data,covered,unknown,licensed-vendor,disposal-and-attention-captured;lifecycle-and-fundamental-from-tej-licensed-vendor;suspension-inferred-from-price-absence;tpex-no-range-based-exright-endpoint
TWSE,2025-02-16,official-closed,not-session,not-session,0,covered,licensed-vendor,official-no-data,covered,covered,licensed-vendor,disposal-and-attention-captured;lifecycle-and-fundamental-from-tej-licensed-vendor;suspension-inferred-from-price-absence
TPEX,2025-02-16,official-closed,not-session,not-session,0,covered,licensed-vendor,official-no-data,covered,unknown,licensed-vendor,disposal-and-attention-captured;lifecycle-and-fundamental-from-tej-licensed-vendor;suspension-inferred-from-price-absence;tpex-no-range-based-exright-endpoint
TWSE,2025-02-17,official-open,partial,supported,1280,covered,licensed-vendor,covered,covered,covered,licensed-vendor,blocked-only-by-vendor-dependency;disposal-and-attention-captured;lifecycle-and-fundamental-from-tej-licensed-vendor;suspension-inferred-from-price-absence
TPEX,2025-02-17,official-open,partial,partial,949,covered,licensed-vendor,covered,covered,unknown,licensed-vendor,disposal-and-attention-captured;lifecycle-and-fundamental-from-tej-licensed-vendor;suspension-inferred-from-price-absence;tpex-no-range-based-exright-endpoint
TWSE,2025-02-18,official-open,partial,supported,1280,covered,licensed-vendor,covered,covered,covered,licensed-vendor,blocked-only-by-vendor-dependency;disposal-and-attention-captured;lifecycle-and-fundamental-from-tej-licensed-vendor;suspension-inferred-from-price-absence
TPEX,2025-02-18,official-open,partial,partial,949,covered,licensed-vendor,covered,covered,unknown,licensed-vendor,disposal-and-attention-captured;lifecycle-and-fundamental-from-tej-licensed-vendor;suspension-inferred-from-price-absence;tpex-no-range-based-exright-endpoint
TWSE,2025-02-19,official-open,partial,supported,1281,covered,licensed-vendor,covered,covered,covered,licensed-vendor,blocked-only-by-vendor-dependency;disposal-and-attention-captured;lifecycle-and-fundamental-from-tej-licensed-vendor;suspension-inferred-from-price-absence
TPEX,2025-02-19,official-open,partial,partial,949,covered,licensed-vendor,covered,covered,unknown,licensed-vendor,disposal-and-attention-captured;lifecycle-and-fundamental-from-tej-licensed-vendor;suspension-inferred-from-price-absence;tpex-no-range-based-exright-endpoint
TWSE,2025-02-20,official-open,partial,supported,1281,covered,licensed-vendor,covered,covered,covered,licensed-vendor,blocked-only-by-vendor-dependency;disposal-and-attention-captured;lifecycle-and-fundamental-from-tej-licensed-vendor;suspension-inferred-from-price-absence
TPEX,2025-02-20,official-open,partial,partial,950,covered,licensed-vendor,covered,covered,unknown,licensed-vendor,disposal-and-attention-captured;lifecycle-and-fundamental-from-tej-licensed-vendor;suspension-inferred-from-price-absence;tpex-no-range-based-exright-endpoint
TWSE,2025-02-21,official-open,partial,supported,1281,covered,licensed-vendor,covered,covered,covered,licensed-vendor,blocked-only-by-vendor-dependency;disposal-and-attention-captured;lifecycle-and-fundamental-from-tej-licensed-vendor;suspension-inferred-from-price-absence
TPEX,2025-02-21,official-open,partial,partial,950,covered,licensed-vendor,covered,covered,unknown,licensed-vendor,disposal-and-attention-captured;lifecycle-and-fundamental-from-tej-licensed-vendor;suspension-inferred-from-price-absence;tpex-no-range-based-exright-endpoint
TWSE,2025-02-22,official-closed,not-session,not-session,0,covered,licensed-vendor,official-no-data,covered,covered,licensed-vendor,disposal-and-attention-captured;lifecycle-and-fundamental-from-tej-licensed-vendor;suspension-inferred-from-price-absence
TPEX,2025-02-22,official-closed,not-session,not-session,0,covered,licensed-vendor,official-no-data,covered,unknown,licensed-vendor,disposal-and-attention-captured;lifecycle-and-fundamental-from-tej-licensed-vendor;suspension-inferred-from-price-absence;tpex-no-range-based-exright-endpoint
TWSE,2025-02-23,official-closed,not-session,not-session,0,covered,licensed-vendor,official-no-data,covered,covered,licensed-vendor,disposal-and-attention-captured;lifecycle-and-fundamental-from-tej-licensed-vendor;suspension-inferred-from-price-absence
TPEX,2025-02-23,official-closed,not-session,not-session,0,covered,licensed-vendor,official-no-data,covered,unknown,licensed-vendor,disposal-and-attention-captured;lifecycle-and-fundamental-from-tej-licensed-vendor;suspension-inferred-from-price-absence;tpex-no-range-based-exright-endpoint
TWSE,2025-02-24,official-open,partial,supported,1281,covered,licensed-vendor,covered,covered,covered,licensed-vendor,blocked-only-by-vendor-dependency;disposal-and-attention-captured;lifecycle-and-fundamental-from-tej-licensed-vendor;suspension-inferred-from-price-absence
TPEX,2025-02-24,official-open,partial,partial,951,covered,licensed-vendor,covered,covered,unknown,licensed-vendor,disposal-and-attention-captured;lifecycle-and-fundamental-from-tej-licensed-vendor;suspension-inferred-from-price-absence;tpex-no-range-based-exright-endpoint
TWSE,2025-02-25,official-open,partial,supported,1281,covered,licensed-vendor,covered,covered,covered,licensed-vendor,blocked-only-by-vendor-dependency;disposal-and-attention-captured;lifecycle-and-fundamental-from-tej-licensed-vendor;suspension-inferred-from-price-absence
TPEX,2025-02-25,official-open,partial,partial,952,covered,licensed-vendor,covered,covered,unknown,licensed-vendor,disposal-and-attention-captured;lifecycle-and-fundamental-from-tej-licensed-vendor;suspension-inferred-from-price-absence;tpex-no-range-based-exright-endpoint
TWSE,2025-02-26,official-open,partial,supported,1281,covered,licensed-vendor,covered,covered,covered,licensed-vendor,blocked-only-by-vendor-dependency;disposal-and-attention-captured;lifecycle-and-fundamental-from-tej-licensed-vendor;suspension-inferred-from-price-absence
TPEX,2025-02-26,official-open,partial,partial,953,covered,licensed-vendor,covered,covered,unknown,licensed-vendor,disposal-and-attention-captured;lifecycle-and-fundamental-from-tej-licensed-vendor;suspension-inferred-from-price-absence;tpex-no-range-based-exright-endpoint
TWSE,2025-02-27,official-open,partial,supported,1281,covered,licensed-vendor,covered,covered,covered,licensed-vendor,blocked-only-by-vendor-dependency;disposal-and-attention-captured;lifecycle-and-fundamental-from-tej-licensed-vendor;suspension-inferred-from-price-absence
TPEX,2025-02-27,official-open,partial,partial,953,covered,licensed-vendor,covered,covered,unknown,licensed-vendor,disposal-and-attention-captured;lifecycle-and-fundamental-from-tej-licensed-vendor;suspension-inferred-from-price-absence;tpex-no-range-based-exright-endpoint
TWSE,2025-02-28,official-closed,not-session,not-session,0,covered,licensed-vendor,official-no-data,covered,covered,licensed-vendor,disposal-and-attention-captured;lifecycle-and-fundamental-from-tej-licensed-vendor;suspension-inferred-from-price-absence
TPEX,2025-02-28,official-closed,not-session,not-session,0,covered,licensed-vendor,official-no-data,covered,unknown,licensed-vendor,disposal-and-attention-captured;lifecycle-and-fundamental-from-tej-licensed-vendor;suspension-inferred-from-price-absence;tpex-no-range-based-exright-endpoint
TWSE,2025-03-01,official-closed,not-session,not-session,0,covered,licensed-vendor,official-no-data,covered,covered,licensed-vendor,disposal-and-attention-captured;lifecycle-and-fundamental-from-tej-licensed-vendor;suspension-inferred-from-price-absence
TPEX,2025-03-01,official-closed,not-session,not-session,0,covered,licensed-vendor,official-no-data,covered,unknown,licensed-vendor,disposal-and-attention-captured;lifecycle-and-fundamental-from-tej-licensed-vendor;suspension-inferred-from-price-absence;tpex-no-range-based-exright-endpoint
TWSE,2025-03-02,official-closed,not-session,not-session,0,covered,licensed-vendor,official-no-data,covered,covered,licensed-vendor,disposal-and-attention-captured;lifecycle-and-fundamental-from-tej-licensed-vendor;suspension-inferred-from-price-absence
TPEX,2025-03-02,official-closed,not-session,not-session,0,covered,licensed-vendor,official-no-data,covered,unknown,licensed-vendor,disposal-and-attention-captured;lifecycle-and-fundamental-from-tej-licensed-vendor;suspension-inferred-from-price-absence;tpex-no-range-based-exright-endpoint
TWSE,2025-03-03,official-open,partial,supported,1281,covered,licensed-vendor,covered,covered,covered,licensed-vendor,blocked-only-by-vendor-dependency;disposal-and-attention-captured;lifecycle-and-fundamental-from-tej-licensed-vendor;suspension-inferred-from-price-absence
TPEX,2025-03-03,official-open,partial,partial,953,covered,licensed-vendor,covered,covered,unknown,licensed-vendor,disposal-and-attention-captured;lifecycle-and-fundamental-from-tej-licensed-vendor;suspension-inferred-from-price-absence;tpex-no-range-based-exright-endpoint
TWSE,2025-03-04,official-open,partial,supported,1281,covered,licensed-vendor,covered,covered,covered,licensed-vendor,blocked-only-by-vendor-dependency;disposal-and-attention-captured;lifecycle-and-fundamental-from-tej-licensed-vendor;suspension-inferred-from-price-absence
TPEX,2025-03-04,official-open,partial,partial,953,covered,licensed-vendor,covered,covered,unknown,licensed-vendor,disposal-and-attention-captured;lifecycle-and-fundamental-from-tej-licensed-vendor;suspension-inferred-from-price-absence;tpex-no-range-based-exright-endpoint
TWSE,2025-03-05,official-open,partial,supported,1281,covered,licensed-vendor,covered,covered,covered,licensed-vendor,blocked-only-by-vendor-dependency;disposal-and-attention-captured;lifecycle-and-fundamental-from-tej-licensed-vendor;suspension-inferred-from-price-absence
TPEX,2025-03-05,official-open,partial,partial,953,covered,licensed-vendor,covered,covered,unknown,licensed-vendor,disposal-and-attention-captured;lifecycle-and-fundamental-from-tej-licensed-vendor;suspension-inferred-from-price-absence;tpex-no-range-based-exright-endpoint
TWSE,2025-03-06,official-open,partial,supported,1281,covered,licensed-vendor,covered,covered,covered,licensed-vendor,blocked-only-by-vendor-dependency;disposal-and-attention-captured;lifecycle-and-fundamental-from-tej-licensed-vendor;suspension-inferred-from-price-absence
TPEX,2025-03-06,official-open,partial,partial,954,covered,licensed-vendor,covered,covered,unknown,licensed-vendor,disposal-and-attention-captured;lifecycle-and-fundamental-from-tej-licensed-vendor;suspension-inferred-from-price-absence;tpex-no-range-based-exright-endpoint
TWSE,2025-03-07,official-open,partial,supported,1282,covered,licensed-vendor,covered,covered,covered,licensed-vendor,blocked-only-by-vendor-dependency;disposal-and-attention-captured;lifecycle-and-fundamental-from-tej-licensed-vendor;suspension-inferred-from-price-absence
TPEX,2025-03-07,official-open,partial,partial,955,covered,licensed-vendor,covered,covered,unknown,licensed-vendor,disposal-and-attention-captured;lifecycle-and-fundamental-from-tej-licensed-vendor;suspension-inferred-from-price-absence;tpex-no-range-based-exright-endpoint
TWSE,2025-03-08,official-closed,not-session,not-session,0,covered,licensed-vendor,official-no-data,covered,covered,licensed-vendor,disposal-and-attention-captured;lifecycle-and-fundamental-from-tej-licensed-vendor;suspension-inferred-from-price-absence
TPEX,2025-03-08,official-closed,not-session,not-session,0,covered,licensed-vendor,official-no-data,covered,unknown,licensed-vendor,disposal-and-attention-captured;lifecycle-and-fundamental-from-tej-licensed-vendor;suspension-inferred-from-price-absence;tpex-no-range-based-exright-endpoint
TWSE,2025-03-09,official-closed,not-session,not-session,0,covered,licensed-vendor,official-no-data,covered,covered,licensed-vendor,disposal-and-attention-captured;lifecycle-and-fundamental-from-tej-licensed-vendor;suspension-inferred-from-price-absence
TPEX,2025-03-09,official-closed,not-session,not-session,0,covered,licensed-vendor,official-no-data,covered,unknown,licensed-vendor,disposal-and-attention-captured;lifecycle-and-fundamental-from-tej-licensed-vendor;suspension-inferred-from-price-absence;tpex-no-range-based-exright-endpoint
TWSE,2025-03-10,official-open,partial,supported,1283,covered,licensed-vendor,covered,covered,covered,licensed-vendor,blocked-only-by-vendor-dependency;disposal-and-attention-captured;lifecycle-and-fundamental-from-tej-licensed-vendor;suspension-inferred-from-price-absence
TPEX,2025-03-10,official-open,partial,partial,956,covered,licensed-vendor,covered,covered,unknown,licensed-vendor,disposal-and-attention-captured;lifecycle-and-fundamental-from-tej-licensed-vendor;suspension-inferred-from-price-absence;tpex-no-range-based-exright-endpoint
TWSE,2025-03-11,official-open,partial,supported,1283,covered,licensed-vendor,covered,covered,covered,licensed-vendor,blocked-only-by-vendor-dependency;disposal-and-attention-captured;lifecycle-and-fundamental-from-tej-licensed-vendor;suspension-inferred-from-price-absence
TPEX,2025-03-11,official-open,partial,partial,956,covered,licensed-vendor,covered,covered,unknown,licensed-vendor,disposal-and-attention-captured;lifecycle-and-fundamental-from-tej-licensed-vendor;suspension-inferred-from-price-absence;tpex-no-range-based-exright-endpoint
TWSE,2025-03-12,official-open,partial,supported,1283,covered,licensed-vendor,covered,covered,covered,licensed-vendor,blocked-only-by-vendor-dependency;disposal-and-attention-captured;lifecycle-and-fundamental-from-tej-licensed-vendor;suspension-inferred-from-price-absence
TPEX,2025-03-12,official-open,partial,partial,956,covered,licensed-vendor,covered,covered,unknown,licensed-vendor,disposal-and-attention-captured;lifecycle-and-fundamental-from-tej-licensed-vendor;suspension-inferred-from-price-absence;tpex-no-range-based-exright-endpoint
TWSE,2025-03-13,official-open,partial,supported,1286,covered,licensed-vendor,covered,covered,covered,licensed-vendor,blocked-only-by-vendor-dependency;disposal-and-attention-captured;lifecycle-and-fundamental-from-tej-licensed-vendor;suspension-inferred-from-price-absence
TPEX,2025-03-13,official-open,partial,partial,956,covered,licensed-vendor,covered,covered,unknown,licensed-vendor,disposal-and-attention-captured;lifecycle-and-fundamental-from-tej-licensed-vendor;suspension-inferred-from-price-absence;tpex-no-range-based-exright-endpoint
TWSE,2025-03-14,official-open,partial,supported,1286,covered,licensed-vendor,covered,covered,covered,licensed-vendor,blocked-only-by-vendor-dependency;disposal-and-attention-captured;lifecycle-and-fundamental-from-tej-licensed-vendor;suspension-inferred-from-price-absence
TPEX,2025-03-14,official-open,partial,partial,956,covered,licensed-vendor,covered,covered,unknown,licensed-vendor,disposal-and-attention-captured;lifecycle-and-fundamental-from-tej-licensed-vendor;suspension-inferred-from-price-absence;tpex-no-range-based-exright-endpoint
TWSE,2025-03-15,official-closed,not-session,not-session,0,covered,licensed-vendor,official-no-data,covered,covered,licensed-vendor,disposal-and-attention-captured;lifecycle-and-fundamental-from-tej-licensed-vendor;suspension-inferred-from-price-absence
TPEX,2025-03-15,official-closed,not-session,not-session,0,covered,licensed-vendor,official-no-data,covered,unknown,licensed-vendor,disposal-and-attention-captured;lifecycle-and-fundamental-from-tej-licensed-vendor;suspension-inferred-from-price-absence;tpex-no-range-based-exright-endpoint
TWSE,2025-03-16,official-closed,not-session,not-session,0,covered,licensed-vendor,official-no-data,covered,covered,licensed-vendor,disposal-and-attention-captured;lifecycle-and-fundamental-from-tej-licensed-vendor;suspension-inferred-from-price-absence
TPEX,2025-03-16,official-closed,not-session,not-session,0,covered,licensed-vendor,official-no-data,covered,unknown,licensed-vendor,disposal-and-attention-captured;lifecycle-and-fundamental-from-tej-licensed-vendor;suspension-inferred-from-price-absence;tpex-no-range-based-exright-endpoint
TWSE,2025-03-17,official-open,partial,supported,1286,covered,licensed-vendor,covered,covered,covered,licensed-vendor,blocked-only-by-vendor-dependency;disposal-and-attention-captured;lifecycle-and-fundamental-from-tej-licensed-vendor;suspension-inferred-from-price-absence
TPEX,2025-03-17,official-open,partial,partial,956,covered,licensed-vendor,covered,covered,unknown,licensed-vendor,disposal-and-attention-captured;lifecycle-and-fundamental-from-tej-licensed-vendor;suspension-inferred-from-price-absence;tpex-no-range-based-exright-endpoint
TWSE,2025-03-18,official-open,partial,supported,1287,covered,licensed-vendor,covered,covered,covered,licensed-vendor,blocked-only-by-vendor-dependency;disposal-and-attention-captured;lifecycle-and-fundamental-from-tej-licensed-vendor;suspension-inferred-from-price-absence
TPEX,2025-03-18,official-open,partial,partial,957,covered,licensed-vendor,covered,covered,unknown,licensed-vendor,disposal-and-attention-captured;lifecycle-and-fundamental-from-tej-licensed-vendor;suspension-inferred-from-price-absence;tpex-no-range-based-exright-endpoint
TWSE,2025-03-19,official-open,partial,supported,1288,covered,licensed-vendor,covered,covered,covered,licensed-vendor,blocked-only-by-vendor-dependency;disposal-and-attention-captured;lifecycle-and-fundamental-from-tej-licensed-vendor;suspension-inferred-from-price-absence
TPEX,2025-03-19,official-open,partial,partial,957,covered,licensed-vendor,covered,covered,unknown,licensed-vendor,disposal-and-attention-captured;lifecycle-and-fundamental-from-tej-licensed-vendor;suspension-inferred-from-price-absence;tpex-no-range-based-exright-endpoint
TWSE,2025-03-20,official-open,partial,supported,1288,covered,licensed-vendor,covered,covered,covered,licensed-vendor,blocked-only-by-vendor-dependency;disposal-and-attention-captured;lifecycle-and-fundamental-from-tej-licensed-vendor;suspension-inferred-from-price-absence
TPEX,2025-03-20,official-open,partial,partial,956,covered,licensed-vendor,covered,covered,unknown,licensed-vendor,disposal-and-attention-captured;lifecycle-and-fundamental-from-tej-licensed-vendor;suspension-inferred-from-price-absence;tpex-no-range-based-exright-endpoint
TWSE,2025-03-21,official-open,partial,supported,1288,covered,licensed-vendor,covered,covered,covered,licensed-vendor,blocked-only-by-vendor-dependency;disposal-and-attention-captured;lifecycle-and-fundamental-from-tej-licensed-vendor;suspension-inferred-from-price-absence
TPEX,2025-03-21,official-open,partial,partial,956,covered,licensed-vendor,covered,covered,unknown,licensed-vendor,disposal-and-attention-captured;lifecycle-and-fundamental-from-tej-licensed-vendor;suspension-inferred-from-price-absence;tpex-no-range-based-exright-endpoint
TWSE,2025-03-22,official-closed,not-session,not-session,0,covered,licensed-vendor,official-no-data,covered,covered,licensed-vendor,disposal-and-attention-captured;lifecycle-and-fundamental-from-tej-licensed-vendor;suspension-inferred-from-price-absence
TPEX,2025-03-22,official-closed,not-session,not-session,0,covered,licensed-vendor,official-no-data,covered,unknown,licensed-vendor,disposal-and-attention-captured;lifecycle-and-fundamental-from-tej-licensed-vendor;suspension-inferred-from-price-absence;tpex-no-range-based-exright-endpoint
TWSE,2025-03-23,official-closed,not-session,not-session,0,covered,licensed-vendor,official-no-data,covered,covered,licensed-vendor,disposal-and-attention-captured;lifecycle-and-fundamental-from-tej-licensed-vendor;suspension-inferred-from-price-absence
TPEX,2025-03-23,official-closed,not-session,not-session,0,covered,licensed-vendor,official-no-data,covered,unknown,licensed-vendor,disposal-and-attention-captured;lifecycle-and-fundamental-from-tej-licensed-vendor;suspension-inferred-from-price-absence;tpex-no-range-based-exright-endpoint
TWSE,2025-03-24,official-open,partial,supported,1288,covered,licensed-vendor,covered,covered,covered,licensed-vendor,blocked-only-by-vendor-dependency;disposal-and-attention-captured;lifecycle-and-fundamental-from-tej-licensed-vendor;suspension-inferred-from-price-absence
TPEX,2025-03-24,official-open,partial,partial,956,covered,licensed-vendor,covered,covered,unknown,licensed-vendor,disposal-and-attention-captured;lifecycle-and-fundamental-from-tej-licensed-vendor;suspension-inferred-from-price-absence;tpex-no-range-based-exright-endpoint
TWSE,2025-03-25,official-open,partial,supported,1286,covered,licensed-vendor,covered,covered,covered,licensed-vendor,blocked-only-by-vendor-dependency;disposal-and-attention-captured;lifecycle-and-fundamental-from-tej-licensed-vendor;suspension-inferred-from-price-absence
TPEX,2025-03-25,official-open,partial,partial,957,covered,licensed-vendor,covered,covered,unknown,licensed-vendor,disposal-and-attention-captured;lifecycle-and-fundamental-from-tej-licensed-vendor;suspension-inferred-from-price-absence;tpex-no-range-based-exright-endpoint
TWSE,2025-03-26,official-open,partial,supported,1286,covered,licensed-vendor,covered,covered,covered,licensed-vendor,blocked-only-by-vendor-dependency;disposal-and-attention-captured;lifecycle-and-fundamental-from-tej-licensed-vendor;suspension-inferred-from-price-absence
TPEX,2025-03-26,official-open,partial,partial,957,covered,licensed-vendor,covered,covered,unknown,licensed-vendor,disposal-and-attention-captured;lifecycle-and-fundamental-from-tej-licensed-vendor;suspension-inferred-from-price-absence;tpex-no-range-based-exright-endpoint
TWSE,2025-03-27,official-open,partial,supported,1286,covered,licensed-vendor,covered,covered,covered,licensed-vendor,blocked-only-by-vendor-dependency;disposal-and-attention-captured;lifecycle-and-fundamental-from-tej-licensed-vendor;suspension-inferred-from-price-absence
TPEX,2025-03-27,official-open,partial,partial,957,covered,licensed-vendor,covered,covered,unknown,licensed-vendor,disposal-and-attention-captured;lifecycle-and-fundamental-from-tej-licensed-vendor;suspension-inferred-from-price-absence;tpex-no-range-based-exright-endpoint
TWSE,2025-03-28,official-open,partial,supported,1286,covered,licensed-vendor,covered,covered,covered,licensed-vendor,blocked-only-by-vendor-dependency;disposal-and-attention-captured;lifecycle-and-fundamental-from-tej-licensed-vendor;suspension-inferred-from-price-absence
TPEX,2025-03-28,official-open,partial,partial,957,covered,licensed-vendor,covered,covered,unknown,licensed-vendor,disposal-and-attention-captured;lifecycle-and-fundamental-from-tej-licensed-vendor;suspension-inferred-from-price-absence;tpex-no-range-based-exright-endpoint
TWSE,2025-03-29,official-closed,not-session,not-session,0,covered,licensed-vendor,official-no-data,covered,covered,licensed-vendor,disposal-and-attention-captured;lifecycle-and-fundamental-from-tej-licensed-vendor;suspension-inferred-from-price-absence
TPEX,2025-03-29,official-closed,not-session,not-session,0,covered,licensed-vendor,official-no-data,covered,unknown,licensed-vendor,disposal-and-attention-captured;lifecycle-and-fundamental-from-tej-licensed-vendor;suspension-inferred-from-price-absence;tpex-no-range-based-exright-endpoint
TWSE,2025-03-30,official-closed,not-session,not-session,0,covered,licensed-vendor,official-no-data,covered,covered,licensed-vendor,disposal-and-attention-captured;lifecycle-and-fundamental-from-tej-licensed-vendor;suspension-inferred-from-price-absence
TPEX,2025-03-30,official-closed,not-session,not-session,0,covered,licensed-vendor,official-no-data,covered,unknown,licensed-vendor,disposal-and-attention-captured;lifecycle-and-fundamental-from-tej-licensed-vendor;suspension-inferred-from-price-absence;tpex-no-range-based-exright-endpoint
TWSE,2025-03-31,official-open,partial,supported,1286,covered,licensed-vendor,covered,covered,covered,licensed-vendor,blocked-only-by-vendor-dependency;disposal-and-attention-captured;lifecycle-and-fundamental-from-tej-licensed-vendor;suspension-inferred-from-price-absence
TPEX,2025-03-31,official-open,partial,partial,958,covered,licensed-vendor,covered,covered,unknown,licensed-vendor,disposal-and-attention-captured;lifecycle-and-fundamental-from-tej-licensed-vendor;suspension-inferred-from-price-absence;tpex-no-range-based-exright-endpoint
TWSE,2025-04-01,official-open,partial,supported,1286,covered,licensed-vendor,covered,covered,covered,licensed-vendor,blocked-only-by-vendor-dependency;disposal-and-attention-captured;lifecycle-and-fundamental-from-tej-licensed-vendor;suspension-inferred-from-price-absence
TPEX,2025-04-01,official-open,partial,partial,958,covered,licensed-vendor,covered,covered,unknown,licensed-vendor,disposal-and-attention-captured;lifecycle-and-fundamental-from-tej-licensed-vendor;suspension-inferred-from-price-absence;tpex-no-range-based-exright-endpoint
TWSE,2025-04-02,official-open,partial,supported,1286,covered,licensed-vendor,covered,covered,covered,licensed-vendor,blocked-only-by-vendor-dependency;disposal-and-attention-captured;lifecycle-and-fundamental-from-tej-licensed-vendor;suspension-inferred-from-price-absence
TPEX,2025-04-02,official-open,partial,partial,958,covered,licensed-vendor,covered,covered,unknown,licensed-vendor,disposal-and-attention-captured;lifecycle-and-fundamental-from-tej-licensed-vendor;suspension-inferred-from-price-absence;tpex-no-range-based-exright-endpoint
TWSE,2025-04-03,official-closed,not-session,not-session,0,covered,licensed-vendor,official-no-data,covered,covered,licensed-vendor,disposal-and-attention-captured;lifecycle-and-fundamental-from-tej-licensed-vendor;suspension-inferred-from-price-absence
TPEX,2025-04-03,official-closed,not-session,not-session,0,covered,licensed-vendor,official-no-data,covered,unknown,licensed-vendor,disposal-and-attention-captured;lifecycle-and-fundamental-from-tej-licensed-vendor;suspension-inferred-from-price-absence;tpex-no-range-based-exright-endpoint
TWSE,2025-04-04,official-closed,not-session,not-session,0,covered,licensed-vendor,official-no-data,covered,covered,licensed-vendor,disposal-and-attention-captured;lifecycle-and-fundamental-from-tej-licensed-vendor;suspension-inferred-from-price-absence
TPEX,2025-04-04,official-closed,not-session,not-session,0,covered,licensed-vendor,official-no-data,covered,unknown,licensed-vendor,disposal-and-attention-captured;lifecycle-and-fundamental-from-tej-licensed-vendor;suspension-inferred-from-price-absence;tpex-no-range-based-exright-endpoint
TWSE,2025-04-05,official-closed,not-session,not-session,0,covered,licensed-vendor,official-no-data,covered,covered,licensed-vendor,disposal-and-attention-captured;lifecycle-and-fundamental-from-tej-licensed-vendor;suspension-inferred-from-price-absence
TPEX,2025-04-05,official-closed,not-session,not-session,0,covered,licensed-vendor,official-no-data,covered,unknown,licensed-vendor,disposal-and-attention-captured;lifecycle-and-fundamental-from-tej-licensed-vendor;suspension-inferred-from-price-absence;tpex-no-range-based-exright-endpoint
TWSE,2025-04-06,official-closed,not-session,not-session,0,covered,licensed-vendor,official-no-data,covered,covered,licensed-vendor,disposal-and-attention-captured;lifecycle-and-fundamental-from-tej-licensed-vendor;suspension-inferred-from-price-absence
TPEX,2025-04-06,official-closed,not-session,not-session,0,covered,licensed-vendor,official-no-data,covered,unknown,licensed-vendor,disposal-and-attention-captured;lifecycle-and-fundamental-from-tej-licensed-vendor;suspension-inferred-from-price-absence;tpex-no-range-based-exright-endpoint
TWSE,2025-04-07,official-open,partial,supported,1285,covered,licensed-vendor,covered,covered,covered,licensed-vendor,blocked-only-by-vendor-dependency;disposal-and-attention-captured;lifecycle-and-fundamental-from-tej-licensed-vendor;suspension-inferred-from-price-absence
TPEX,2025-04-07,official-open,partial,partial,957,covered,licensed-vendor,covered,covered,unknown,licensed-vendor,disposal-and-attention-captured;lifecycle-and-fundamental-from-tej-licensed-vendor;suspension-inferred-from-price-absence;tpex-no-range-based-exright-endpoint
TWSE,2025-04-08,official-open,partial,supported,1285,covered,licensed-vendor,covered,covered,covered,licensed-vendor,blocked-only-by-vendor-dependency;disposal-and-attention-captured;lifecycle-and-fundamental-from-tej-licensed-vendor;suspension-inferred-from-price-absence
TPEX,2025-04-08,official-open,partial,partial,957,covered,licensed-vendor,covered,covered,unknown,licensed-vendor,disposal-and-attention-captured;lifecycle-and-fundamental-from-tej-licensed-vendor;suspension-inferred-from-price-absence;tpex-no-range-based-exright-endpoint
TWSE,2025-04-09,official-open,partial,supported,1285,covered,licensed-vendor,covered,covered,covered,licensed-vendor,blocked-only-by-vendor-dependency;disposal-and-attention-captured;lifecycle-and-fundamental-from-tej-licensed-vendor;suspension-inferred-from-price-absence
TPEX,2025-04-09,official-open,partial,partial,957,covered,licensed-vendor,covered,covered,unknown,licensed-vendor,disposal-and-attention-captured;lifecycle-and-fundamental-from-tej-licensed-vendor;suspension-inferred-from-price-absence;tpex-no-range-based-exright-endpoint
TWSE,2025-04-10,official-open,partial,supported,1285,covered,licensed-vendor,covered,covered,covered,licensed-vendor,blocked-only-by-vendor-dependency;disposal-and-attention-captured;lifecycle-and-fundamental-from-tej-licensed-vendor;suspension-inferred-from-price-absence
TPEX,2025-04-10,official-open,partial,partial,957,covered,licensed-vendor,covered,covered,unknown,licensed-vendor,disposal-and-attention-captured;lifecycle-and-fundamental-from-tej-licensed-vendor;suspension-inferred-from-price-absence;tpex-no-range-based-exright-endpoint
TWSE,2025-04-11,official-open,partial,supported,1285,covered,licensed-vendor,covered,covered,covered,licensed-vendor,blocked-only-by-vendor-dependency;disposal-and-attention-captured;lifecycle-and-fundamental-from-tej-licensed-vendor;suspension-inferred-from-price-absence
TPEX,2025-04-11,official-open,partial,partial,957,covered,licensed-vendor,covered,covered,unknown,licensed-vendor,disposal-and-attention-captured;lifecycle-and-fundamental-from-tej-licensed-vendor;suspension-inferred-from-price-absence;tpex-no-range-based-exright-endpoint
TWSE,2025-04-12,official-closed,not-session,not-session,0,covered,licensed-vendor,official-no-data,covered,covered,licensed-vendor,disposal-and-attention-captured;lifecycle-and-fundamental-from-tej-licensed-vendor;suspension-inferred-from-price-absence
TPEX,2025-04-12,official-closed,not-session,not-session,0,covered,licensed-vendor,official-no-data,covered,unknown,licensed-vendor,disposal-and-attention-captured;lifecycle-and-fundamental-from-tej-licensed-vendor;suspension-inferred-from-price-absence;tpex-no-range-based-exright-endpoint
TWSE,2025-04-13,official-closed,not-session,not-session,0,covered,licensed-vendor,official-no-data,covered,covered,licensed-vendor,disposal-and-attention-captured;lifecycle-and-fundamental-from-tej-licensed-vendor;suspension-inferred-from-price-absence
TPEX,2025-04-13,official-closed,not-session,not-session,0,covered,licensed-vendor,official-no-data,covered,unknown,licensed-vendor,disposal-and-attention-captured;lifecycle-and-fundamental-from-tej-licensed-vendor;suspension-inferred-from-price-absence;tpex-no-range-based-exright-endpoint
TWSE,2025-04-14,official-open,partial,supported,1285,covered,licensed-vendor,covered,covered,covered,licensed-vendor,blocked-only-by-vendor-dependency;disposal-and-attention-captured;lifecycle-and-fundamental-from-tej-licensed-vendor;suspension-inferred-from-price-absence
TPEX,2025-04-14,official-open,partial,partial,957,covered,licensed-vendor,covered,covered,unknown,licensed-vendor,disposal-and-attention-captured;lifecycle-and-fundamental-from-tej-licensed-vendor;suspension-inferred-from-price-absence;tpex-no-range-based-exright-endpoint
TWSE,2025-04-15,official-open,partial,supported,1285,covered,licensed-vendor,covered,covered,covered,licensed-vendor,blocked-only-by-vendor-dependency;disposal-and-attention-captured;lifecycle-and-fundamental-from-tej-licensed-vendor;suspension-inferred-from-price-absence
TPEX,2025-04-15,official-open,partial,partial,957,covered,licensed-vendor,covered,covered,unknown,licensed-vendor,disposal-and-attention-captured;lifecycle-and-fundamental-from-tej-licensed-vendor;suspension-inferred-from-price-absence;tpex-no-range-based-exright-endpoint
TWSE,2025-04-16,official-open,partial,supported,1286,covered,licensed-vendor,covered,covered,covered,licensed-vendor,blocked-only-by-vendor-dependency;disposal-and-attention-captured;lifecycle-and-fundamental-from-tej-licensed-vendor;suspension-inferred-from-price-absence
TPEX,2025-04-16,official-open,partial,partial,956,covered,licensed-vendor,covered,covered,unknown,licensed-vendor,disposal-and-attention-captured;lifecycle-and-fundamental-from-tej-licensed-vendor;suspension-inferred-from-price-absence;tpex-no-range-based-exright-endpoint
TWSE,2025-04-17,official-open,partial,supported,1286,covered,licensed-vendor,covered,covered,covered,licensed-vendor,blocked-only-by-vendor-dependency;disposal-and-attention-captured;lifecycle-and-fundamental-from-tej-licensed-vendor;suspension-inferred-from-price-absence
TPEX,2025-04-17,official-open,partial,partial,956,covered,licensed-vendor,covered,covered,unknown,licensed-vendor,disposal-and-attention-captured;lifecycle-and-fundamental-from-tej-licensed-vendor;suspension-inferred-from-price-absence;tpex-no-range-based-exright-endpoint
TWSE,2025-04-18,official-open,partial,supported,1286,covered,licensed-vendor,covered,covered,covered,licensed-vendor,blocked-only-by-vendor-dependency;disposal-and-attention-captured;lifecycle-and-fundamental-from-tej-licensed-vendor;suspension-inferred-from-price-absence
TPEX,2025-04-18,official-open,partial,partial,956,covered,licensed-vendor,covered,covered,unknown,licensed-vendor,disposal-and-attention-captured;lifecycle-and-fundamental-from-tej-licensed-vendor;suspension-inferred-from-price-absence;tpex-no-range-based-exright-endpoint
TWSE,2025-04-19,official-closed,not-session,not-session,0,covered,licensed-vendor,official-no-data,covered,covered,licensed-vendor,disposal-and-attention-captured;lifecycle-and-fundamental-from-tej-licensed-vendor;suspension-inferred-from-price-absence
TPEX,2025-04-19,official-closed,not-session,not-session,0,covered,licensed-vendor,official-no-data,covered,unknown,licensed-vendor,disposal-and-attention-captured;lifecycle-and-fundamental-from-tej-licensed-vendor;suspension-inferred-from-price-absence;tpex-no-range-based-exright-endpoint
TWSE,2025-04-20,official-closed,not-session,not-session,0,covered,licensed-vendor,official-no-data,covered,covered,licensed-vendor,disposal-and-attention-captured;lifecycle-and-fundamental-from-tej-licensed-vendor;suspension-inferred-from-price-absence
TPEX,2025-04-20,official-closed,not-session,not-session,0,covered,licensed-vendor,official-no-data,covered,unknown,licensed-vendor,disposal-and-attention-captured;lifecycle-and-fundamental-from-tej-licensed-vendor;suspension-inferred-from-price-absence;tpex-no-range-based-exright-endpoint
TWSE,2025-04-21,official-open,partial,supported,1286,covered,licensed-vendor,covered,covered,covered,licensed-vendor,blocked-only-by-vendor-dependency;disposal-and-attention-captured;lifecycle-and-fundamental-from-tej-licensed-vendor;suspension-inferred-from-price-absence
TPEX,2025-04-21,official-open,partial,partial,956,covered,licensed-vendor,covered,covered,unknown,licensed-vendor,disposal-and-attention-captured;lifecycle-and-fundamental-from-tej-licensed-vendor;suspension-inferred-from-price-absence;tpex-no-range-based-exright-endpoint
TWSE,2025-04-22,official-open,partial,supported,1286,covered,licensed-vendor,covered,covered,covered,licensed-vendor,blocked-only-by-vendor-dependency;disposal-and-attention-captured;lifecycle-and-fundamental-from-tej-licensed-vendor;suspension-inferred-from-price-absence
TPEX,2025-04-22,official-open,partial,partial,956,covered,licensed-vendor,covered,covered,unknown,licensed-vendor,disposal-and-attention-captured;lifecycle-and-fundamental-from-tej-licensed-vendor;suspension-inferred-from-price-absence;tpex-no-range-based-exright-endpoint
TWSE,2025-04-23,official-open,partial,supported,1286,covered,licensed-vendor,covered,covered,covered,licensed-vendor,blocked-only-by-vendor-dependency;disposal-and-attention-captured;lifecycle-and-fundamental-from-tej-licensed-vendor;suspension-inferred-from-price-absence
TPEX,2025-04-23,official-open,partial,partial,955,covered,licensed-vendor,covered,covered,unknown,licensed-vendor,disposal-and-attention-captured;lifecycle-and-fundamental-from-tej-licensed-vendor;suspension-inferred-from-price-absence;tpex-no-range-based-exright-endpoint
TWSE,2025-04-24,official-open,partial,supported,1286,covered,licensed-vendor,covered,covered,covered,licensed-vendor,blocked-only-by-vendor-dependency;disposal-and-attention-captured;lifecycle-and-fundamental-from-tej-licensed-vendor;suspension-inferred-from-price-absence
TPEX,2025-04-24,official-open,partial,partial,955,covered,licensed-vendor,covered,covered,unknown,licensed-vendor,disposal-and-attention-captured;lifecycle-and-fundamental-from-tej-licensed-vendor;suspension-inferred-from-price-absence;tpex-no-range-based-exright-endpoint
TWSE,2025-04-25,official-open,partial,supported,1286,covered,licensed-vendor,covered,covered,covered,licensed-vendor,blocked-only-by-vendor-dependency;disposal-and-attention-captured;lifecycle-and-fundamental-from-tej-licensed-vendor;suspension-inferred-from-price-absence
TPEX,2025-04-25,official-open,partial,partial,955,covered,licensed-vendor,covered,covered,unknown,licensed-vendor,disposal-and-attention-captured;lifecycle-and-fundamental-from-tej-licensed-vendor;suspension-inferred-from-price-absence;tpex-no-range-based-exright-endpoint
TWSE,2025-04-26,official-closed,not-session,not-session,0,covered,licensed-vendor,official-no-data,covered,covered,licensed-vendor,disposal-and-attention-captured;lifecycle-and-fundamental-from-tej-licensed-vendor;suspension-inferred-from-price-absence
TPEX,2025-04-26,official-closed,not-session,not-session,0,covered,licensed-vendor,official-no-data,covered,unknown,licensed-vendor,disposal-and-attention-captured;lifecycle-and-fundamental-from-tej-licensed-vendor;suspension-inferred-from-price-absence;tpex-no-range-based-exright-endpoint
TWSE,2025-04-27,official-closed,not-session,not-session,0,covered,licensed-vendor,official-no-data,covered,covered,licensed-vendor,disposal-and-attention-captured;lifecycle-and-fundamental-from-tej-licensed-vendor;suspension-inferred-from-price-absence
TPEX,2025-04-27,official-closed,not-session,not-session,0,covered,licensed-vendor,official-no-data,covered,unknown,licensed-vendor,disposal-and-attention-captured;lifecycle-and-fundamental-from-tej-licensed-vendor;suspension-inferred-from-price-absence;tpex-no-range-based-exright-endpoint
TWSE,2025-04-28,official-open,partial,supported,1287,covered,licensed-vendor,covered,covered,covered,licensed-vendor,blocked-only-by-vendor-dependency;disposal-and-attention-captured;lifecycle-and-fundamental-from-tej-licensed-vendor;suspension-inferred-from-price-absence
TPEX,2025-04-28,official-open,partial,partial,956,covered,licensed-vendor,covered,covered,unknown,licensed-vendor,disposal-and-attention-captured;lifecycle-and-fundamental-from-tej-licensed-vendor;suspension-inferred-from-price-absence;tpex-no-range-based-exright-endpoint
TWSE,2025-04-29,official-open,partial,supported,1287,covered,licensed-vendor,covered,covered,covered,licensed-vendor,blocked-only-by-vendor-dependency;disposal-and-attention-captured;lifecycle-and-fundamental-from-tej-licensed-vendor;suspension-inferred-from-price-absence
TPEX,2025-04-29,official-open,partial,partial,956,covered,licensed-vendor,covered,covered,unknown,licensed-vendor,disposal-and-attention-captured;lifecycle-and-fundamental-from-tej-licensed-vendor;suspension-inferred-from-price-absence;tpex-no-range-based-exright-endpoint
TWSE,2025-04-30,official-open,partial,supported,1287,covered,licensed-vendor,covered,covered,covered,licensed-vendor,blocked-only-by-vendor-dependency;disposal-and-attention-captured;lifecycle-and-fundamental-from-tej-licensed-vendor;suspension-inferred-from-price-absence
TPEX,2025-04-30,official-open,partial,partial,957,covered,licensed-vendor,covered,covered,unknown,licensed-vendor,disposal-and-attention-captured;lifecycle-and-fundamental-from-tej-licensed-vendor;suspension-inferred-from-price-absence;tpex-no-range-based-exright-endpoint
TWSE,2025-05-01,official-closed,not-session,not-session,0,covered,licensed-vendor,official-no-data,covered,covered,licensed-vendor,disposal-and-attention-captured;lifecycle-and-fundamental-from-tej-licensed-vendor;suspension-inferred-from-price-absence
TPEX,2025-05-01,official-closed,not-session,not-session,0,covered,licensed-vendor,official-no-data,covered,unknown,licensed-vendor,disposal-and-attention-captured;lifecycle-and-fundamental-from-tej-licensed-vendor;suspension-inferred-from-price-absence;tpex-no-range-based-exright-endpoint
TWSE,2025-05-02,official-open,partial,supported,1287,covered,licensed-vendor,covered,covered,covered,licensed-vendor,blocked-only-by-vendor-dependency;disposal-and-attention-captured;lifecycle-and-fundamental-from-tej-licensed-vendor;suspension-inferred-from-price-absence
TPEX,2025-05-02,official-open,partial,partial,957,covered,licensed-vendor,covered,covered,unknown,licensed-vendor,disposal-and-attention-captured;lifecycle-and-fundamental-from-tej-licensed-vendor;suspension-inferred-from-price-absence;tpex-no-range-based-exright-endpoint
TWSE,2025-05-03,official-closed,not-session,not-session,0,covered,licensed-vendor,official-no-data,covered,covered,licensed-vendor,disposal-and-attention-captured;lifecycle-and-fundamental-from-tej-licensed-vendor;suspension-inferred-from-price-absence
TPEX,2025-05-03,official-closed,not-session,not-session,0,covered,licensed-vendor,official-no-data,covered,unknown,licensed-vendor,disposal-and-attention-captured;lifecycle-and-fundamental-from-tej-licensed-vendor;suspension-inferred-from-price-absence;tpex-no-range-based-exright-endpoint
TWSE,2025-05-04,official-closed,not-session,not-session,0,covered,licensed-vendor,official-no-data,covered,covered,licensed-vendor,disposal-and-attention-captured;lifecycle-and-fundamental-from-tej-licensed-vendor;suspension-inferred-from-price-absence
TPEX,2025-05-04,official-closed,not-session,not-session,0,covered,licensed-vendor,official-no-data,covered,unknown,licensed-vendor,disposal-and-attention-captured;lifecycle-and-fundamental-from-tej-licensed-vendor;suspension-inferred-from-price-absence;tpex-no-range-based-exright-endpoint
TWSE,2025-05-05,official-open,partial,supported,1288,covered,licensed-vendor,covered,covered,covered,licensed-vendor,blocked-only-by-vendor-dependency;disposal-and-attention-captured;lifecycle-and-fundamental-from-tej-licensed-vendor;suspension-inferred-from-price-absence
TPEX,2025-05-05,official-open,partial,partial,957,covered,licensed-vendor,covered,covered,unknown,licensed-vendor,disposal-and-attention-captured;lifecycle-and-fundamental-from-tej-licensed-vendor;suspension-inferred-from-price-absence;tpex-no-range-based-exright-endpoint
TWSE,2025-05-06,official-open,partial,supported,1288,covered,licensed-vendor,covered,covered,covered,licensed-vendor,blocked-only-by-vendor-dependency;disposal-and-attention-captured;lifecycle-and-fundamental-from-tej-licensed-vendor;suspension-inferred-from-price-absence
TPEX,2025-05-06,official-open,partial,partial,957,covered,licensed-vendor,covered,covered,unknown,licensed-vendor,disposal-and-attention-captured;lifecycle-and-fundamental-from-tej-licensed-vendor;suspension-inferred-from-price-absence;tpex-no-range-based-exright-endpoint
TWSE,2025-05-07,official-open,partial,supported,1288,covered,licensed-vendor,covered,covered,covered,licensed-vendor,blocked-only-by-vendor-dependency;disposal-and-attention-captured;lifecycle-and-fundamental-from-tej-licensed-vendor;suspension-inferred-from-price-absence
TPEX,2025-05-07,official-open,partial,partial,957,covered,licensed-vendor,covered,covered,unknown,licensed-vendor,disposal-and-attention-captured;lifecycle-and-fundamental-from-tej-licensed-vendor;suspension-inferred-from-price-absence;tpex-no-range-based-exright-endpoint
TWSE,2025-05-08,official-open,partial,supported,1288,covered,licensed-vendor,covered,covered,covered,licensed-vendor,blocked-only-by-vendor-dependency;disposal-and-attention-captured;lifecycle-and-fundamental-from-tej-licensed-vendor;suspension-inferred-from-price-absence
TPEX,2025-05-08,official-open,partial,partial,958,covered,licensed-vendor,covered,covered,unknown,licensed-vendor,disposal-and-attention-captured;lifecycle-and-fundamental-from-tej-licensed-vendor;suspension-inferred-from-price-absence;tpex-no-range-based-exright-endpoint
TWSE,2025-05-09,official-open,partial,supported,1288,covered,licensed-vendor,covered,covered,covered,licensed-vendor,blocked-only-by-vendor-dependency;disposal-and-attention-captured;lifecycle-and-fundamental-from-tej-licensed-vendor;suspension-inferred-from-price-absence
TPEX,2025-05-09,official-open,partial,partial,958,covered,licensed-vendor,covered,covered,unknown,licensed-vendor,disposal-and-attention-captured;lifecycle-and-fundamental-from-tej-licensed-vendor;suspension-inferred-from-price-absence;tpex-no-range-based-exright-endpoint
TWSE,2025-05-10,official-closed,not-session,not-session,0,covered,licensed-vendor,official-no-data,covered,covered,licensed-vendor,disposal-and-attention-captured;lifecycle-and-fundamental-from-tej-licensed-vendor;suspension-inferred-from-price-absence
TPEX,2025-05-10,official-closed,not-session,not-session,0,covered,licensed-vendor,official-no-data,covered,unknown,licensed-vendor,disposal-and-attention-captured;lifecycle-and-fundamental-from-tej-licensed-vendor;suspension-inferred-from-price-absence;tpex-no-range-based-exright-endpoint
TWSE,2025-05-11,official-closed,not-session,not-session,0,covered,licensed-vendor,official-no-data,covered,covered,licensed-vendor,disposal-and-attention-captured;lifecycle-and-fundamental-from-tej-licensed-vendor;suspension-inferred-from-price-absence
TPEX,2025-05-11,official-closed,not-session,not-session,0,covered,licensed-vendor,official-no-data,covered,unknown,licensed-vendor,disposal-and-attention-captured;lifecycle-and-fundamental-from-tej-licensed-vendor;suspension-inferred-from-price-absence;tpex-no-range-based-exright-endpoint
TWSE,2025-05-12,official-open,partial,supported,1288,covered,licensed-vendor,covered,covered,covered,licensed-vendor,blocked-only-by-vendor-dependency;disposal-and-attention-captured;lifecycle-and-fundamental-from-tej-licensed-vendor;suspension-inferred-from-price-absence
TPEX,2025-05-12,official-open,partial,partial,958,covered,licensed-vendor,covered,covered,unknown,licensed-vendor,disposal-and-attention-captured;lifecycle-and-fundamental-from-tej-licensed-vendor;suspension-inferred-from-price-absence;tpex-no-range-based-exright-endpoint
TWSE,2025-05-13,official-open,partial,supported,1289,covered,licensed-vendor,covered,covered,covered,licensed-vendor,blocked-only-by-vendor-dependency;disposal-and-attention-captured;lifecycle-and-fundamental-from-tej-licensed-vendor;suspension-inferred-from-price-absence
TPEX,2025-05-13,official-open,partial,partial,960,covered,licensed-vendor,covered,covered,unknown,licensed-vendor,disposal-and-attention-captured;lifecycle-and-fundamental-from-tej-licensed-vendor;suspension-inferred-from-price-absence;tpex-no-range-based-exright-endpoint
TWSE,2025-05-14,official-open,partial,supported,1289,covered,licensed-vendor,covered,covered,covered,licensed-vendor,blocked-only-by-vendor-dependency;disposal-and-attention-captured;lifecycle-and-fundamental-from-tej-licensed-vendor;suspension-inferred-from-price-absence
TPEX,2025-05-14,official-open,partial,partial,960,covered,licensed-vendor,covered,covered,unknown,licensed-vendor,disposal-and-attention-captured;lifecycle-and-fundamental-from-tej-licensed-vendor;suspension-inferred-from-price-absence;tpex-no-range-based-exright-endpoint
TWSE,2025-05-15,official-open,partial,supported,1289,covered,licensed-vendor,covered,covered,covered,licensed-vendor,blocked-only-by-vendor-dependency;disposal-and-attention-captured;lifecycle-and-fundamental-from-tej-licensed-vendor;suspension-inferred-from-price-absence
TPEX,2025-05-15,official-open,partial,partial,960,covered,licensed-vendor,covered,covered,unknown,licensed-vendor,disposal-and-attention-captured;lifecycle-and-fundamental-from-tej-licensed-vendor;suspension-inferred-from-price-absence;tpex-no-range-based-exright-endpoint
TWSE,2025-05-16,official-open,partial,supported,1290,covered,licensed-vendor,covered,covered,covered,licensed-vendor,blocked-only-by-vendor-dependency;disposal-and-attention-captured;lifecycle-and-fundamental-from-tej-licensed-vendor;suspension-inferred-from-price-absence
TPEX,2025-05-16,official-open,partial,partial,960,covered,licensed-vendor,covered,covered,unknown,licensed-vendor,disposal-and-attention-captured;lifecycle-and-fundamental-from-tej-licensed-vendor;suspension-inferred-from-price-absence;tpex-no-range-based-exright-endpoint
TWSE,2025-05-17,official-closed,not-session,not-session,0,covered,licensed-vendor,official-no-data,covered,covered,licensed-vendor,disposal-and-attention-captured;lifecycle-and-fundamental-from-tej-licensed-vendor;suspension-inferred-from-price-absence
TPEX,2025-05-17,official-closed,not-session,not-session,0,covered,licensed-vendor,official-no-data,covered,unknown,licensed-vendor,disposal-and-attention-captured;lifecycle-and-fundamental-from-tej-licensed-vendor;suspension-inferred-from-price-absence;tpex-no-range-based-exright-endpoint
TWSE,2025-05-18,official-closed,not-session,not-session,0,covered,licensed-vendor,official-no-data,covered,covered,licensed-vendor,disposal-and-attention-captured;lifecycle-and-fundamental-from-tej-licensed-vendor;suspension-inferred-from-price-absence
TPEX,2025-05-18,official-closed,not-session,not-session,0,covered,licensed-vendor,official-no-data,covered,unknown,licensed-vendor,disposal-and-attention-captured;lifecycle-and-fundamental-from-tej-licensed-vendor;suspension-inferred-from-price-absence;tpex-no-range-based-exright-endpoint
TWSE,2025-05-19,official-open,partial,supported,1290,covered,licensed-vendor,covered,covered,covered,licensed-vendor,blocked-only-by-vendor-dependency;disposal-and-attention-captured;lifecycle-and-fundamental-from-tej-licensed-vendor;suspension-inferred-from-price-absence
TPEX,2025-05-19,official-open,partial,partial,960,covered,licensed-vendor,covered,covered,unknown,licensed-vendor,disposal-and-attention-captured;lifecycle-and-fundamental-from-tej-licensed-vendor;suspension-inferred-from-price-absence;tpex-no-range-based-exright-endpoint
TWSE,2025-05-20,official-open,partial,supported,1290,covered,licensed-vendor,covered,covered,covered,licensed-vendor,blocked-only-by-vendor-dependency;disposal-and-attention-captured;lifecycle-and-fundamental-from-tej-licensed-vendor;suspension-inferred-from-price-absence
TPEX,2025-05-20,official-open,partial,partial,961,covered,licensed-vendor,covered,covered,unknown,licensed-vendor,disposal-and-attention-captured;lifecycle-and-fundamental-from-tej-licensed-vendor;suspension-inferred-from-price-absence;tpex-no-range-based-exright-endpoint
TWSE,2025-05-21,official-open,partial,supported,1291,covered,licensed-vendor,covered,covered,covered,licensed-vendor,blocked-only-by-vendor-dependency;disposal-and-attention-captured;lifecycle-and-fundamental-from-tej-licensed-vendor;suspension-inferred-from-price-absence
TPEX,2025-05-21,official-open,partial,partial,961,covered,licensed-vendor,covered,covered,unknown,licensed-vendor,disposal-and-attention-captured;lifecycle-and-fundamental-from-tej-licensed-vendor;suspension-inferred-from-price-absence;tpex-no-range-based-exright-endpoint
TWSE,2025-05-22,official-open,partial,supported,1292,covered,licensed-vendor,covered,covered,covered,licensed-vendor,blocked-only-by-vendor-dependency;disposal-and-attention-captured;lifecycle-and-fundamental-from-tej-licensed-vendor;suspension-inferred-from-price-absence
TPEX,2025-05-22,official-open,partial,partial,962,covered,licensed-vendor,covered,covered,unknown,licensed-vendor,disposal-and-attention-captured;lifecycle-and-fundamental-from-tej-licensed-vendor;suspension-inferred-from-price-absence;tpex-no-range-based-exright-endpoint
TWSE,2025-05-23,official-open,partial,supported,1292,covered,licensed-vendor,covered,covered,covered,licensed-vendor,blocked-only-by-vendor-dependency;disposal-and-attention-captured;lifecycle-and-fundamental-from-tej-licensed-vendor;suspension-inferred-from-price-absence
TPEX,2025-05-23,official-open,partial,partial,962,covered,licensed-vendor,covered,covered,unknown,licensed-vendor,disposal-and-attention-captured;lifecycle-and-fundamental-from-tej-licensed-vendor;suspension-inferred-from-price-absence;tpex-no-range-based-exright-endpoint
TWSE,2025-05-24,official-closed,not-session,not-session,0,covered,licensed-vendor,official-no-data,covered,covered,licensed-vendor,disposal-and-attention-captured;lifecycle-and-fundamental-from-tej-licensed-vendor;suspension-inferred-from-price-absence
TPEX,2025-05-24,official-closed,not-session,not-session,0,covered,licensed-vendor,official-no-data,covered,unknown,licensed-vendor,disposal-and-attention-captured;lifecycle-and-fundamental-from-tej-licensed-vendor;suspension-inferred-from-price-absence;tpex-no-range-based-exright-endpoint
TWSE,2025-05-25,official-closed,not-session,not-session,0,covered,licensed-vendor,official-no-data,covered,covered,licensed-vendor,disposal-and-attention-captured;lifecycle-and-fundamental-from-tej-licensed-vendor;suspension-inferred-from-price-absence
TPEX,2025-05-25,official-closed,not-session,not-session,0,covered,licensed-vendor,official-no-data,covered,unknown,licensed-vendor,disposal-and-attention-captured;lifecycle-and-fundamental-from-tej-licensed-vendor;suspension-inferred-from-price-absence;tpex-no-range-based-exright-endpoint
TWSE,2025-05-26,official-open,partial,supported,1292,covered,licensed-vendor,covered,covered,covered,licensed-vendor,blocked-only-by-vendor-dependency;disposal-and-attention-captured;lifecycle-and-fundamental-from-tej-licensed-vendor;suspension-inferred-from-price-absence
TPEX,2025-05-26,official-open,partial,partial,962,covered,licensed-vendor,covered,covered,unknown,licensed-vendor,disposal-and-attention-captured;lifecycle-and-fundamental-from-tej-licensed-vendor;suspension-inferred-from-price-absence;tpex-no-range-based-exright-endpoint
TWSE,2025-05-27,official-open,partial,supported,1293,covered,licensed-vendor,covered,covered,covered,licensed-vendor,blocked-only-by-vendor-dependency;disposal-and-attention-captured;lifecycle-and-fundamental-from-tej-licensed-vendor;suspension-inferred-from-price-absence
TPEX,2025-05-27,official-open,partial,partial,963,covered,licensed-vendor,covered,covered,unknown,licensed-vendor,disposal-and-attention-captured;lifecycle-and-fundamental-from-tej-licensed-vendor;suspension-inferred-from-price-absence;tpex-no-range-based-exright-endpoint
TWSE,2025-05-28,official-open,partial,supported,1294,covered,licensed-vendor,covered,covered,covered,licensed-vendor,blocked-only-by-vendor-dependency;disposal-and-attention-captured;lifecycle-and-fundamental-from-tej-licensed-vendor;suspension-inferred-from-price-absence
TPEX,2025-05-28,official-open,partial,partial,966,covered,licensed-vendor,covered,covered,unknown,licensed-vendor,disposal-and-attention-captured;lifecycle-and-fundamental-from-tej-licensed-vendor;suspension-inferred-from-price-absence;tpex-no-range-based-exright-endpoint
TWSE,2025-05-29,official-open,partial,supported,1294,covered,licensed-vendor,covered,covered,covered,licensed-vendor,blocked-only-by-vendor-dependency;disposal-and-attention-captured;lifecycle-and-fundamental-from-tej-licensed-vendor;suspension-inferred-from-price-absence
TPEX,2025-05-29,official-open,partial,partial,966,covered,licensed-vendor,covered,covered,unknown,licensed-vendor,disposal-and-attention-captured;lifecycle-and-fundamental-from-tej-licensed-vendor;suspension-inferred-from-price-absence;tpex-no-range-based-exright-endpoint
TWSE,2025-05-30,official-closed,not-session,not-session,0,covered,licensed-vendor,official-no-data,covered,covered,licensed-vendor,disposal-and-attention-captured;lifecycle-and-fundamental-from-tej-licensed-vendor;suspension-inferred-from-price-absence
TPEX,2025-05-30,official-closed,not-session,not-session,0,covered,licensed-vendor,official-no-data,covered,unknown,licensed-vendor,disposal-and-attention-captured;lifecycle-and-fundamental-from-tej-licensed-vendor;suspension-inferred-from-price-absence;tpex-no-range-based-exright-endpoint
TWSE,2025-05-31,official-closed,not-session,not-session,0,covered,licensed-vendor,official-no-data,covered,covered,licensed-vendor,disposal-and-attention-captured;lifecycle-and-fundamental-from-tej-licensed-vendor;suspension-inferred-from-price-absence
TPEX,2025-05-31,official-closed,not-session,not-session,0,covered,licensed-vendor,official-no-data,covered,unknown,licensed-vendor,disposal-and-attention-captured;lifecycle-and-fundamental-from-tej-licensed-vendor;suspension-inferred-from-price-absence;tpex-no-range-based-exright-endpoint
TWSE,2025-06-01,official-closed,not-session,not-session,0,covered,licensed-vendor,official-no-data,covered,covered,licensed-vendor,disposal-and-attention-captured;lifecycle-and-fundamental-from-tej-licensed-vendor;suspension-inferred-from-price-absence
TPEX,2025-06-01,official-closed,not-session,not-session,0,covered,licensed-vendor,official-no-data,covered,unknown,licensed-vendor,disposal-and-attention-captured;lifecycle-and-fundamental-from-tej-licensed-vendor;suspension-inferred-from-price-absence;tpex-no-range-based-exright-endpoint
TWSE,2025-06-02,official-open,partial,supported,1294,covered,licensed-vendor,covered,covered,covered,licensed-vendor,blocked-only-by-vendor-dependency;disposal-and-attention-captured;lifecycle-and-fundamental-from-tej-licensed-vendor;suspension-inferred-from-price-absence
TPEX,2025-06-02,official-open,partial,partial,966,covered,licensed-vendor,covered,covered,unknown,licensed-vendor,disposal-and-attention-captured;lifecycle-and-fundamental-from-tej-licensed-vendor;suspension-inferred-from-price-absence;tpex-no-range-based-exright-endpoint
TWSE,2025-06-03,official-open,partial,supported,1294,covered,licensed-vendor,covered,covered,covered,licensed-vendor,blocked-only-by-vendor-dependency;disposal-and-attention-captured;lifecycle-and-fundamental-from-tej-licensed-vendor;suspension-inferred-from-price-absence
TPEX,2025-06-03,official-open,partial,partial,966,covered,licensed-vendor,covered,covered,unknown,licensed-vendor,disposal-and-attention-captured;lifecycle-and-fundamental-from-tej-licensed-vendor;suspension-inferred-from-price-absence;tpex-no-range-based-exright-endpoint
TWSE,2025-06-04,official-open,partial,supported,1293,covered,licensed-vendor,covered,covered,covered,licensed-vendor,blocked-only-by-vendor-dependency;disposal-and-attention-captured;lifecycle-and-fundamental-from-tej-licensed-vendor;suspension-inferred-from-price-absence
TPEX,2025-06-04,official-open,partial,partial,966,covered,licensed-vendor,covered,covered,unknown,licensed-vendor,disposal-and-attention-captured;lifecycle-and-fundamental-from-tej-licensed-vendor;suspension-inferred-from-price-absence;tpex-no-range-based-exright-endpoint
TWSE,2025-06-05,official-open,partial,supported,1292,covered,licensed-vendor,covered,covered,covered,licensed-vendor,blocked-only-by-vendor-dependency;disposal-and-attention-captured;lifecycle-and-fundamental-from-tej-licensed-vendor;suspension-inferred-from-price-absence
TPEX,2025-06-05,official-open,partial,partial,966,covered,licensed-vendor,covered,covered,unknown,licensed-vendor,disposal-and-attention-captured;lifecycle-and-fundamental-from-tej-licensed-vendor;suspension-inferred-from-price-absence;tpex-no-range-based-exright-endpoint
TWSE,2025-06-06,official-open,partial,supported,1292,covered,licensed-vendor,covered,covered,covered,licensed-vendor,blocked-only-by-vendor-dependency;disposal-and-attention-captured;lifecycle-and-fundamental-from-tej-licensed-vendor;suspension-inferred-from-price-absence
TPEX,2025-06-06,official-open,partial,partial,966,covered,licensed-vendor,covered,covered,unknown,licensed-vendor,disposal-and-attention-captured;lifecycle-and-fundamental-from-tej-licensed-vendor;suspension-inferred-from-price-absence;tpex-no-range-based-exright-endpoint
TWSE,2025-06-07,official-closed,not-session,not-session,0,covered,licensed-vendor,official-no-data,covered,covered,licensed-vendor,disposal-and-attention-captured;lifecycle-and-fundamental-from-tej-licensed-vendor;suspension-inferred-from-price-absence
TPEX,2025-06-07,official-closed,not-session,not-session,0,covered,licensed-vendor,official-no-data,covered,unknown,licensed-vendor,disposal-and-attention-captured;lifecycle-and-fundamental-from-tej-licensed-vendor;suspension-inferred-from-price-absence;tpex-no-range-based-exright-endpoint
TWSE,2025-06-08,official-closed,not-session,not-session,0,covered,licensed-vendor,official-no-data,covered,covered,licensed-vendor,disposal-and-attention-captured;lifecycle-and-fundamental-from-tej-licensed-vendor;suspension-inferred-from-price-absence
TPEX,2025-06-08,official-closed,not-session,not-session,0,covered,licensed-vendor,official-no-data,covered,unknown,licensed-vendor,disposal-and-attention-captured;lifecycle-and-fundamental-from-tej-licensed-vendor;suspension-inferred-from-price-absence;tpex-no-range-based-exright-endpoint
TWSE,2025-06-09,official-open,partial,supported,1292,covered,licensed-vendor,covered,covered,covered,licensed-vendor,blocked-only-by-vendor-dependency;disposal-and-attention-captured;lifecycle-and-fundamental-from-tej-licensed-vendor;suspension-inferred-from-price-absence
TPEX,2025-06-09,official-open,partial,partial,966,covered,licensed-vendor,covered,covered,unknown,licensed-vendor,disposal-and-attention-captured;lifecycle-and-fundamental-from-tej-licensed-vendor;suspension-inferred-from-price-absence;tpex-no-range-based-exright-endpoint
TWSE,2025-06-10,official-open,partial,supported,1293,covered,licensed-vendor,covered,covered,covered,licensed-vendor,blocked-only-by-vendor-dependency;disposal-and-attention-captured;lifecycle-and-fundamental-from-tej-licensed-vendor;suspension-inferred-from-price-absence
TPEX,2025-06-10,official-open,partial,partial,966,covered,licensed-vendor,covered,covered,unknown,licensed-vendor,disposal-and-attention-captured;lifecycle-and-fundamental-from-tej-licensed-vendor;suspension-inferred-from-price-absence;tpex-no-range-based-exright-endpoint
TWSE,2025-06-11,official-open,partial,supported,1293,covered,licensed-vendor,covered,covered,covered,licensed-vendor,blocked-only-by-vendor-dependency;disposal-and-attention-captured;lifecycle-and-fundamental-from-tej-licensed-vendor;suspension-inferred-from-price-absence
TPEX,2025-06-11,official-open,partial,partial,966,covered,licensed-vendor,covered,covered,unknown,licensed-vendor,disposal-and-attention-captured;lifecycle-and-fundamental-from-tej-licensed-vendor;suspension-inferred-from-price-absence;tpex-no-range-based-exright-endpoint
TWSE,2025-06-12,official-open,partial,supported,1292,covered,licensed-vendor,covered,covered,covered,licensed-vendor,blocked-only-by-vendor-dependency;disposal-and-attention-captured;lifecycle-and-fundamental-from-tej-licensed-vendor;suspension-inferred-from-price-absence
TPEX,2025-06-12,official-open,partial,partial,966,covered,licensed-vendor,covered,covered,unknown,licensed-vendor,disposal-and-attention-captured;lifecycle-and-fundamental-from-tej-licensed-vendor;suspension-inferred-from-price-absence;tpex-no-range-based-exright-endpoint
TWSE,2025-06-13,official-open,partial,supported,1293,covered,licensed-vendor,covered,covered,covered,licensed-vendor,blocked-only-by-vendor-dependency;disposal-and-attention-captured;lifecycle-and-fundamental-from-tej-licensed-vendor;suspension-inferred-from-price-absence
TPEX,2025-06-13,official-open,partial,partial,966,covered,licensed-vendor,covered,covered,unknown,licensed-vendor,disposal-and-attention-captured;lifecycle-and-fundamental-from-tej-licensed-vendor;suspension-inferred-from-price-absence;tpex-no-range-based-exright-endpoint
TWSE,2025-06-14,official-closed,not-session,not-session,0,covered,licensed-vendor,official-no-data,covered,covered,licensed-vendor,disposal-and-attention-captured;lifecycle-and-fundamental-from-tej-licensed-vendor;suspension-inferred-from-price-absence
TPEX,2025-06-14,official-closed,not-session,not-session,0,covered,licensed-vendor,official-no-data,covered,unknown,licensed-vendor,disposal-and-attention-captured;lifecycle-and-fundamental-from-tej-licensed-vendor;suspension-inferred-from-price-absence;tpex-no-range-based-exright-endpoint
TWSE,2025-06-15,official-closed,not-session,not-session,0,covered,licensed-vendor,official-no-data,covered,covered,licensed-vendor,disposal-and-attention-captured;lifecycle-and-fundamental-from-tej-licensed-vendor;suspension-inferred-from-price-absence
TPEX,2025-06-15,official-closed,not-session,not-session,0,covered,licensed-vendor,official-no-data,covered,unknown,licensed-vendor,disposal-and-attention-captured;lifecycle-and-fundamental-from-tej-licensed-vendor;suspension-inferred-from-price-absence;tpex-no-range-based-exright-endpoint
TWSE,2025-06-16,official-open,partial,supported,1294,covered,licensed-vendor,covered,covered,covered,licensed-vendor,blocked-only-by-vendor-dependency;disposal-and-attention-captured;lifecycle-and-fundamental-from-tej-licensed-vendor;suspension-inferred-from-price-absence
TPEX,2025-06-16,official-open,partial,partial,966,covered,licensed-vendor,covered,covered,unknown,licensed-vendor,disposal-and-attention-captured;lifecycle-and-fundamental-from-tej-licensed-vendor;suspension-inferred-from-price-absence;tpex-no-range-based-exright-endpoint
TWSE,2025-06-17,official-open,partial,supported,1294,covered,licensed-vendor,covered,covered,covered,licensed-vendor,blocked-only-by-vendor-dependency;disposal-and-attention-captured;lifecycle-and-fundamental-from-tej-licensed-vendor;suspension-inferred-from-price-absence
TPEX,2025-06-17,official-open,partial,partial,966,covered,licensed-vendor,covered,covered,unknown,licensed-vendor,disposal-and-attention-captured;lifecycle-and-fundamental-from-tej-licensed-vendor;suspension-inferred-from-price-absence;tpex-no-range-based-exright-endpoint
TWSE,2025-06-18,official-open,partial,supported,1296,covered,licensed-vendor,covered,covered,covered,licensed-vendor,blocked-only-by-vendor-dependency;disposal-and-attention-captured;lifecycle-and-fundamental-from-tej-licensed-vendor;suspension-inferred-from-price-absence
TPEX,2025-06-18,official-open,partial,partial,965,covered,licensed-vendor,covered,covered,unknown,licensed-vendor,disposal-and-attention-captured;lifecycle-and-fundamental-from-tej-licensed-vendor;suspension-inferred-from-price-absence;tpex-no-range-based-exright-endpoint
TWSE,2025-06-19,official-open,partial,supported,1295,covered,licensed-vendor,covered,covered,covered,licensed-vendor,blocked-only-by-vendor-dependency;disposal-and-attention-captured;lifecycle-and-fundamental-from-tej-licensed-vendor;suspension-inferred-from-price-absence
TPEX,2025-06-19,official-open,partial,partial,965,covered,licensed-vendor,covered,covered,unknown,licensed-vendor,disposal-and-attention-captured;lifecycle-and-fundamental-from-tej-licensed-vendor;suspension-inferred-from-price-absence;tpex-no-range-based-exright-endpoint
TWSE,2025-06-20,official-open,partial,supported,1295,covered,licensed-vendor,covered,covered,covered,licensed-vendor,blocked-only-by-vendor-dependency;disposal-and-attention-captured;lifecycle-and-fundamental-from-tej-licensed-vendor;suspension-inferred-from-price-absence
TPEX,2025-06-20,official-open,partial,partial,965,covered,licensed-vendor,covered,covered,unknown,licensed-vendor,disposal-and-attention-captured;lifecycle-and-fundamental-from-tej-licensed-vendor;suspension-inferred-from-price-absence;tpex-no-range-based-exright-endpoint
TWSE,2025-06-21,official-closed,not-session,not-session,0,covered,licensed-vendor,official-no-data,covered,covered,licensed-vendor,disposal-and-attention-captured;lifecycle-and-fundamental-from-tej-licensed-vendor;suspension-inferred-from-price-absence
TPEX,2025-06-21,official-closed,not-session,not-session,0,covered,licensed-vendor,official-no-data,covered,unknown,licensed-vendor,disposal-and-attention-captured;lifecycle-and-fundamental-from-tej-licensed-vendor;suspension-inferred-from-price-absence;tpex-no-range-based-exright-endpoint
TWSE,2025-06-22,official-closed,not-session,not-session,0,covered,licensed-vendor,official-no-data,covered,covered,licensed-vendor,disposal-and-attention-captured;lifecycle-and-fundamental-from-tej-licensed-vendor;suspension-inferred-from-price-absence
TPEX,2025-06-22,official-closed,not-session,not-session,0,covered,licensed-vendor,official-no-data,covered,unknown,licensed-vendor,disposal-and-attention-captured;lifecycle-and-fundamental-from-tej-licensed-vendor;suspension-inferred-from-price-absence;tpex-no-range-based-exright-endpoint
TWSE,2025-06-23,official-open,partial,supported,1297,covered,licensed-vendor,covered,covered,covered,licensed-vendor,blocked-only-by-vendor-dependency;disposal-and-attention-captured;lifecycle-and-fundamental-from-tej-licensed-vendor;suspension-inferred-from-price-absence
TPEX,2025-06-23,official-open,partial,partial,964,covered,licensed-vendor,covered,covered,unknown,licensed-vendor,disposal-and-attention-captured;lifecycle-and-fundamental-from-tej-licensed-vendor;suspension-inferred-from-price-absence;tpex-no-range-based-exright-endpoint
TWSE,2025-06-24,official-open,partial,supported,1297,covered,licensed-vendor,covered,covered,covered,licensed-vendor,blocked-only-by-vendor-dependency;disposal-and-attention-captured;lifecycle-and-fundamental-from-tej-licensed-vendor;suspension-inferred-from-price-absence
TPEX,2025-06-24,official-open,partial,partial,964,covered,licensed-vendor,covered,covered,unknown,licensed-vendor,disposal-and-attention-captured;lifecycle-and-fundamental-from-tej-licensed-vendor;suspension-inferred-from-price-absence;tpex-no-range-based-exright-endpoint
TWSE,2025-06-25,official-open,partial,supported,1297,covered,licensed-vendor,covered,covered,covered,licensed-vendor,blocked-only-by-vendor-dependency;disposal-and-attention-captured;lifecycle-and-fundamental-from-tej-licensed-vendor;suspension-inferred-from-price-absence
TPEX,2025-06-25,official-open,partial,partial,964,covered,licensed-vendor,covered,covered,unknown,licensed-vendor,disposal-and-attention-captured;lifecycle-and-fundamental-from-tej-licensed-vendor;suspension-inferred-from-price-absence;tpex-no-range-based-exright-endpoint
TWSE,2025-06-26,official-open,partial,supported,1297,covered,licensed-vendor,covered,covered,covered,licensed-vendor,blocked-only-by-vendor-dependency;disposal-and-attention-captured;lifecycle-and-fundamental-from-tej-licensed-vendor;suspension-inferred-from-price-absence
TPEX,2025-06-26,official-open,partial,partial,964,covered,licensed-vendor,covered,covered,unknown,licensed-vendor,disposal-and-attention-captured;lifecycle-and-fundamental-from-tej-licensed-vendor;suspension-inferred-from-price-absence;tpex-no-range-based-exright-endpoint
TWSE,2025-06-27,official-open,partial,supported,1297,covered,licensed-vendor,covered,covered,covered,licensed-vendor,blocked-only-by-vendor-dependency;disposal-and-attention-captured;lifecycle-and-fundamental-from-tej-licensed-vendor;suspension-inferred-from-price-absence
TPEX,2025-06-27,official-open,partial,partial,964,covered,licensed-vendor,covered,covered,unknown,licensed-vendor,disposal-and-attention-captured;lifecycle-and-fundamental-from-tej-licensed-vendor;suspension-inferred-from-price-absence;tpex-no-range-based-exright-endpoint
TWSE,2025-06-28,official-closed,not-session,not-session,0,covered,licensed-vendor,official-no-data,covered,covered,licensed-vendor,disposal-and-attention-captured;lifecycle-and-fundamental-from-tej-licensed-vendor;suspension-inferred-from-price-absence
TPEX,2025-06-28,official-closed,not-session,not-session,0,covered,licensed-vendor,official-no-data,covered,unknown,licensed-vendor,disposal-and-attention-captured;lifecycle-and-fundamental-from-tej-licensed-vendor;suspension-inferred-from-price-absence;tpex-no-range-based-exright-endpoint
TWSE,2025-06-29,official-closed,not-session,not-session,0,covered,licensed-vendor,official-no-data,covered,covered,licensed-vendor,disposal-and-attention-captured;lifecycle-and-fundamental-from-tej-licensed-vendor;suspension-inferred-from-price-absence
TPEX,2025-06-29,official-closed,not-session,not-session,0,covered,licensed-vendor,official-no-data,covered,unknown,licensed-vendor,disposal-and-attention-captured;lifecycle-and-fundamental-from-tej-licensed-vendor;suspension-inferred-from-price-absence;tpex-no-range-based-exright-endpoint
TWSE,2025-06-30,official-open,partial,supported,1298,covered,licensed-vendor,covered,covered,covered,licensed-vendor,blocked-only-by-vendor-dependency;disposal-and-attention-captured;lifecycle-and-fundamental-from-tej-licensed-vendor;suspension-inferred-from-price-absence
TPEX,2025-06-30,official-open,partial,partial,964,covered,licensed-vendor,covered,covered,unknown,licensed-vendor,disposal-and-attention-captured;lifecycle-and-fundamental-from-tej-licensed-vendor;suspension-inferred-from-price-absence;tpex-no-range-based-exright-endpoint
TWSE,2025-07-01,official-open,partial,supported,1298,covered,licensed-vendor,covered,covered,covered,licensed-vendor,blocked-only-by-vendor-dependency;disposal-and-attention-captured;lifecycle-and-fundamental-from-tej-licensed-vendor;suspension-inferred-from-price-absence
TPEX,2025-07-01,official-open,partial,partial,964,covered,licensed-vendor,covered,covered,unknown,licensed-vendor,disposal-and-attention-captured;lifecycle-and-fundamental-from-tej-licensed-vendor;suspension-inferred-from-price-absence;tpex-no-range-based-exright-endpoint
TWSE,2025-07-02,official-open,partial,supported,1298,covered,licensed-vendor,covered,covered,covered,licensed-vendor,blocked-only-by-vendor-dependency;disposal-and-attention-captured;lifecycle-and-fundamental-from-tej-licensed-vendor;suspension-inferred-from-price-absence
TPEX,2025-07-02,official-open,partial,partial,964,covered,licensed-vendor,covered,covered,unknown,licensed-vendor,disposal-and-attention-captured;lifecycle-and-fundamental-from-tej-licensed-vendor;suspension-inferred-from-price-absence;tpex-no-range-based-exright-endpoint
TWSE,2025-07-03,official-open,partial,supported,1297,covered,licensed-vendor,covered,covered,covered,licensed-vendor,blocked-only-by-vendor-dependency;disposal-and-attention-captured;lifecycle-and-fundamental-from-tej-licensed-vendor;suspension-inferred-from-price-absence
TPEX,2025-07-03,official-open,partial,partial,964,covered,licensed-vendor,covered,covered,unknown,licensed-vendor,disposal-and-attention-captured;lifecycle-and-fundamental-from-tej-licensed-vendor;suspension-inferred-from-price-absence;tpex-no-range-based-exright-endpoint
TWSE,2025-07-04,official-open,partial,supported,1297,covered,licensed-vendor,covered,covered,covered,licensed-vendor,blocked-only-by-vendor-dependency;disposal-and-attention-captured;lifecycle-and-fundamental-from-tej-licensed-vendor;suspension-inferred-from-price-absence
TPEX,2025-07-04,official-open,partial,partial,964,covered,licensed-vendor,covered,covered,unknown,licensed-vendor,disposal-and-attention-captured;lifecycle-and-fundamental-from-tej-licensed-vendor;suspension-inferred-from-price-absence;tpex-no-range-based-exright-endpoint
TWSE,2025-07-05,official-closed,not-session,not-session,0,covered,licensed-vendor,official-no-data,covered,covered,licensed-vendor,disposal-and-attention-captured;lifecycle-and-fundamental-from-tej-licensed-vendor;suspension-inferred-from-price-absence
TPEX,2025-07-05,official-closed,not-session,not-session,0,covered,licensed-vendor,official-no-data,covered,unknown,licensed-vendor,disposal-and-attention-captured;lifecycle-and-fundamental-from-tej-licensed-vendor;suspension-inferred-from-price-absence;tpex-no-range-based-exright-endpoint
TWSE,2025-07-06,official-closed,not-session,not-session,0,covered,licensed-vendor,official-no-data,covered,covered,licensed-vendor,disposal-and-attention-captured;lifecycle-and-fundamental-from-tej-licensed-vendor;suspension-inferred-from-price-absence
TPEX,2025-07-06,official-closed,not-session,not-session,0,covered,licensed-vendor,official-no-data,covered,unknown,licensed-vendor,disposal-and-attention-captured;lifecycle-and-fundamental-from-tej-licensed-vendor;suspension-inferred-from-price-absence;tpex-no-range-based-exright-endpoint
TWSE,2025-07-07,official-open,partial,supported,1297,covered,licensed-vendor,covered,covered,covered,licensed-vendor,blocked-only-by-vendor-dependency;disposal-and-attention-captured;lifecycle-and-fundamental-from-tej-licensed-vendor;suspension-inferred-from-price-absence
TPEX,2025-07-07,official-open,partial,partial,964,covered,licensed-vendor,covered,covered,unknown,licensed-vendor,disposal-and-attention-captured;lifecycle-and-fundamental-from-tej-licensed-vendor;suspension-inferred-from-price-absence;tpex-no-range-based-exright-endpoint
TWSE,2025-07-08,official-open,partial,supported,1297,covered,licensed-vendor,covered,covered,covered,licensed-vendor,blocked-only-by-vendor-dependency;disposal-and-attention-captured;lifecycle-and-fundamental-from-tej-licensed-vendor;suspension-inferred-from-price-absence
TPEX,2025-07-08,official-open,partial,partial,964,covered,licensed-vendor,covered,covered,unknown,licensed-vendor,disposal-and-attention-captured;lifecycle-and-fundamental-from-tej-licensed-vendor;suspension-inferred-from-price-absence;tpex-no-range-based-exright-endpoint
TWSE,2025-07-09,official-open,partial,supported,1297,covered,licensed-vendor,covered,covered,covered,licensed-vendor,blocked-only-by-vendor-dependency;disposal-and-attention-captured;lifecycle-and-fundamental-from-tej-licensed-vendor;suspension-inferred-from-price-absence
TPEX,2025-07-09,official-open,partial,partial,964,covered,licensed-vendor,covered,covered,unknown,licensed-vendor,disposal-and-attention-captured;lifecycle-and-fundamental-from-tej-licensed-vendor;suspension-inferred-from-price-absence;tpex-no-range-based-exright-endpoint
TWSE,2025-07-10,official-open,partial,supported,1297,covered,licensed-vendor,covered,covered,covered,licensed-vendor,blocked-only-by-vendor-dependency;disposal-and-attention-captured;lifecycle-and-fundamental-from-tej-licensed-vendor;suspension-inferred-from-price-absence
TPEX,2025-07-10,official-open,partial,partial,964,covered,licensed-vendor,covered,covered,unknown,licensed-vendor,disposal-and-attention-captured;lifecycle-and-fundamental-from-tej-licensed-vendor;suspension-inferred-from-price-absence;tpex-no-range-based-exright-endpoint
TWSE,2025-07-11,official-open,partial,supported,1297,covered,licensed-vendor,covered,covered,covered,licensed-vendor,blocked-only-by-vendor-dependency;disposal-and-attention-captured;lifecycle-and-fundamental-from-tej-licensed-vendor;suspension-inferred-from-price-absence
TPEX,2025-07-11,official-open,partial,partial,965,covered,licensed-vendor,covered,covered,unknown,licensed-vendor,disposal-and-attention-captured;lifecycle-and-fundamental-from-tej-licensed-vendor;suspension-inferred-from-price-absence;tpex-no-range-based-exright-endpoint
TWSE,2025-07-12,official-closed,not-session,not-session,0,covered,licensed-vendor,official-no-data,covered,covered,licensed-vendor,disposal-and-attention-captured;lifecycle-and-fundamental-from-tej-licensed-vendor;suspension-inferred-from-price-absence
TPEX,2025-07-12,official-closed,not-session,not-session,0,covered,licensed-vendor,official-no-data,covered,unknown,licensed-vendor,disposal-and-attention-captured;lifecycle-and-fundamental-from-tej-licensed-vendor;suspension-inferred-from-price-absence;tpex-no-range-based-exright-endpoint
TWSE,2025-07-13,official-closed,not-session,not-session,0,covered,licensed-vendor,official-no-data,covered,covered,licensed-vendor,disposal-and-attention-captured;lifecycle-and-fundamental-from-tej-licensed-vendor;suspension-inferred-from-price-absence
TPEX,2025-07-13,official-closed,not-session,not-session,0,covered,licensed-vendor,official-no-data,covered,unknown,licensed-vendor,disposal-and-attention-captured;lifecycle-and-fundamental-from-tej-licensed-vendor;suspension-inferred-from-price-absence;tpex-no-range-based-exright-endpoint
TWSE,2025-07-14,official-open,partial,supported,1295,covered,licensed-vendor,covered,covered,covered,licensed-vendor,blocked-only-by-vendor-dependency;disposal-and-attention-captured;lifecycle-and-fundamental-from-tej-licensed-vendor;suspension-inferred-from-price-absence
TPEX,2025-07-14,official-open,partial,partial,965,covered,licensed-vendor,covered,covered,unknown,licensed-vendor,disposal-and-attention-captured;lifecycle-and-fundamental-from-tej-licensed-vendor;suspension-inferred-from-price-absence;tpex-no-range-based-exright-endpoint
TWSE,2025-07-15,official-open,partial,supported,1295,covered,licensed-vendor,covered,covered,covered,licensed-vendor,blocked-only-by-vendor-dependency;disposal-and-attention-captured;lifecycle-and-fundamental-from-tej-licensed-vendor;suspension-inferred-from-price-absence
TPEX,2025-07-15,official-open,partial,partial,965,covered,licensed-vendor,covered,covered,unknown,licensed-vendor,disposal-and-attention-captured;lifecycle-and-fundamental-from-tej-licensed-vendor;suspension-inferred-from-price-absence;tpex-no-range-based-exright-endpoint
TWSE,2025-07-16,official-open,partial,supported,1296,covered,licensed-vendor,covered,covered,covered,licensed-vendor,blocked-only-by-vendor-dependency;disposal-and-attention-captured;lifecycle-and-fundamental-from-tej-licensed-vendor;suspension-inferred-from-price-absence
TPEX,2025-07-16,official-open,partial,partial,965,covered,licensed-vendor,covered,covered,unknown,licensed-vendor,disposal-and-attention-captured;lifecycle-and-fundamental-from-tej-licensed-vendor;suspension-inferred-from-price-absence;tpex-no-range-based-exright-endpoint
TWSE,2025-07-17,official-open,partial,supported,1296,covered,licensed-vendor,covered,covered,covered,licensed-vendor,blocked-only-by-vendor-dependency;disposal-and-attention-captured;lifecycle-and-fundamental-from-tej-licensed-vendor;suspension-inferred-from-price-absence
TPEX,2025-07-17,official-open,partial,partial,965,covered,licensed-vendor,covered,covered,unknown,licensed-vendor,disposal-and-attention-captured;lifecycle-and-fundamental-from-tej-licensed-vendor;suspension-inferred-from-price-absence;tpex-no-range-based-exright-endpoint
TWSE,2025-07-18,official-open,partial,supported,1296,covered,licensed-vendor,covered,covered,covered,licensed-vendor,blocked-only-by-vendor-dependency;disposal-and-attention-captured;lifecycle-and-fundamental-from-tej-licensed-vendor;suspension-inferred-from-price-absence
TPEX,2025-07-18,official-open,partial,partial,965,covered,licensed-vendor,covered,covered,unknown,licensed-vendor,disposal-and-attention-captured;lifecycle-and-fundamental-from-tej-licensed-vendor;suspension-inferred-from-price-absence;tpex-no-range-based-exright-endpoint
TWSE,2025-07-19,official-closed,not-session,not-session,0,covered,licensed-vendor,official-no-data,covered,covered,licensed-vendor,disposal-and-attention-captured;lifecycle-and-fundamental-from-tej-licensed-vendor;suspension-inferred-from-price-absence
TPEX,2025-07-19,official-closed,not-session,not-session,0,covered,licensed-vendor,official-no-data,covered,unknown,licensed-vendor,disposal-and-attention-captured;lifecycle-and-fundamental-from-tej-licensed-vendor;suspension-inferred-from-price-absence;tpex-no-range-based-exright-endpoint
TWSE,2025-07-20,official-closed,not-session,not-session,0,covered,licensed-vendor,official-no-data,covered,covered,licensed-vendor,disposal-and-attention-captured;lifecycle-and-fundamental-from-tej-licensed-vendor;suspension-inferred-from-price-absence
TPEX,2025-07-20,official-closed,not-session,not-session,0,covered,licensed-vendor,official-no-data,covered,unknown,licensed-vendor,disposal-and-attention-captured;lifecycle-and-fundamental-from-tej-licensed-vendor;suspension-inferred-from-price-absence;tpex-no-range-based-exright-endpoint
TWSE,2025-07-21,official-open,partial,supported,1299,covered,licensed-vendor,covered,covered,covered,licensed-vendor,blocked-only-by-vendor-dependency;disposal-and-attention-captured;lifecycle-and-fundamental-from-tej-licensed-vendor;suspension-inferred-from-price-absence
TPEX,2025-07-21,official-open,partial,partial,964,covered,licensed-vendor,covered,covered,unknown,licensed-vendor,disposal-and-attention-captured;lifecycle-and-fundamental-from-tej-licensed-vendor;suspension-inferred-from-price-absence;tpex-no-range-based-exright-endpoint
TWSE,2025-07-22,official-open,partial,supported,1299,covered,licensed-vendor,covered,covered,covered,licensed-vendor,blocked-only-by-vendor-dependency;disposal-and-attention-captured;lifecycle-and-fundamental-from-tej-licensed-vendor;suspension-inferred-from-price-absence
TPEX,2025-07-22,official-open,partial,partial,964,covered,licensed-vendor,covered,covered,unknown,licensed-vendor,disposal-and-attention-captured;lifecycle-and-fundamental-from-tej-licensed-vendor;suspension-inferred-from-price-absence;tpex-no-range-based-exright-endpoint
TWSE,2025-07-23,official-open,partial,supported,1299,covered,licensed-vendor,covered,covered,covered,licensed-vendor,blocked-only-by-vendor-dependency;disposal-and-attention-captured;lifecycle-and-fundamental-from-tej-licensed-vendor;suspension-inferred-from-price-absence
TPEX,2025-07-23,official-open,partial,partial,964,covered,licensed-vendor,covered,covered,unknown,licensed-vendor,disposal-and-attention-captured;lifecycle-and-fundamental-from-tej-licensed-vendor;suspension-inferred-from-price-absence;tpex-no-range-based-exright-endpoint
TWSE,2025-07-24,official-open,partial,supported,1302,covered,licensed-vendor,covered,covered,covered,licensed-vendor,blocked-only-by-vendor-dependency;disposal-and-attention-captured;lifecycle-and-fundamental-from-tej-licensed-vendor;suspension-inferred-from-price-absence
TPEX,2025-07-24,official-open,partial,partial,964,covered,licensed-vendor,covered,covered,unknown,licensed-vendor,disposal-and-attention-captured;lifecycle-and-fundamental-from-tej-licensed-vendor;suspension-inferred-from-price-absence;tpex-no-range-based-exright-endpoint
TWSE,2025-07-25,official-open,partial,supported,1302,covered,licensed-vendor,covered,covered,covered,licensed-vendor,blocked-only-by-vendor-dependency;disposal-and-attention-captured;lifecycle-and-fundamental-from-tej-licensed-vendor;suspension-inferred-from-price-absence
TPEX,2025-07-25,official-open,partial,partial,964,covered,licensed-vendor,covered,covered,unknown,licensed-vendor,disposal-and-attention-captured;lifecycle-and-fundamental-from-tej-licensed-vendor;suspension-inferred-from-price-absence;tpex-no-range-based-exright-endpoint
TWSE,2025-07-26,official-closed,not-session,not-session,0,covered,licensed-vendor,official-no-data,covered,covered,licensed-vendor,disposal-and-attention-captured;lifecycle-and-fundamental-from-tej-licensed-vendor;suspension-inferred-from-price-absence
TPEX,2025-07-26,official-closed,not-session,not-session,0,covered,licensed-vendor,official-no-data,covered,unknown,licensed-vendor,disposal-and-attention-captured;lifecycle-and-fundamental-from-tej-licensed-vendor;suspension-inferred-from-price-absence;tpex-no-range-based-exright-endpoint
TWSE,2025-07-27,official-closed,not-session,not-session,0,covered,licensed-vendor,official-no-data,covered,covered,licensed-vendor,disposal-and-attention-captured;lifecycle-and-fundamental-from-tej-licensed-vendor;suspension-inferred-from-price-absence
TPEX,2025-07-27,official-closed,not-session,not-session,0,covered,licensed-vendor,official-no-data,covered,unknown,licensed-vendor,disposal-and-attention-captured;lifecycle-and-fundamental-from-tej-licensed-vendor;suspension-inferred-from-price-absence;tpex-no-range-based-exright-endpoint
TWSE,2025-07-28,official-open,partial,supported,1300,covered,licensed-vendor,covered,covered,covered,licensed-vendor,blocked-only-by-vendor-dependency;disposal-and-attention-captured;lifecycle-and-fundamental-from-tej-licensed-vendor;suspension-inferred-from-price-absence
TPEX,2025-07-28,official-open,partial,partial,964,covered,licensed-vendor,covered,covered,unknown,licensed-vendor,disposal-and-attention-captured;lifecycle-and-fundamental-from-tej-licensed-vendor;suspension-inferred-from-price-absence;tpex-no-range-based-exright-endpoint
TWSE,2025-07-29,official-open,partial,supported,1302,covered,licensed-vendor,covered,covered,covered,licensed-vendor,blocked-only-by-vendor-dependency;disposal-and-attention-captured;lifecycle-and-fundamental-from-tej-licensed-vendor;suspension-inferred-from-price-absence
TPEX,2025-07-29,official-open,partial,partial,965,covered,licensed-vendor,covered,covered,unknown,licensed-vendor,disposal-and-attention-captured;lifecycle-and-fundamental-from-tej-licensed-vendor;suspension-inferred-from-price-absence;tpex-no-range-based-exright-endpoint
TWSE,2025-07-30,official-open,partial,supported,1302,covered,licensed-vendor,covered,covered,covered,licensed-vendor,blocked-only-by-vendor-dependency;disposal-and-attention-captured;lifecycle-and-fundamental-from-tej-licensed-vendor;suspension-inferred-from-price-absence
TPEX,2025-07-30,official-open,partial,partial,965,covered,licensed-vendor,covered,covered,unknown,licensed-vendor,disposal-and-attention-captured;lifecycle-and-fundamental-from-tej-licensed-vendor;suspension-inferred-from-price-absence;tpex-no-range-based-exright-endpoint
TWSE,2025-07-31,official-open,partial,supported,1302,covered,licensed-vendor,covered,covered,covered,licensed-vendor,blocked-only-by-vendor-dependency;disposal-and-attention-captured;lifecycle-and-fundamental-from-tej-licensed-vendor;suspension-inferred-from-price-absence
TPEX,2025-07-31,official-open,partial,partial,964,covered,licensed-vendor,covered,covered,unknown,licensed-vendor,disposal-and-attention-captured;lifecycle-and-fundamental-from-tej-licensed-vendor;suspension-inferred-from-price-absence;tpex-no-range-based-exright-endpoint
TWSE,2025-08-01,official-open,partial,supported,1302,covered,licensed-vendor,covered,covered,covered,licensed-vendor,blocked-only-by-vendor-dependency;disposal-and-attention-captured;lifecycle-and-fundamental-from-tej-licensed-vendor;suspension-inferred-from-price-absence
TPEX,2025-08-01,official-open,partial,partial,964,covered,licensed-vendor,covered,covered,unknown,licensed-vendor,disposal-and-attention-captured;lifecycle-and-fundamental-from-tej-licensed-vendor;suspension-inferred-from-price-absence;tpex-no-range-based-exright-endpoint
TWSE,2025-08-02,official-closed,not-session,not-session,0,covered,licensed-vendor,official-no-data,covered,covered,licensed-vendor,disposal-and-attention-captured;lifecycle-and-fundamental-from-tej-licensed-vendor;suspension-inferred-from-price-absence
TPEX,2025-08-02,official-closed,not-session,not-session,0,covered,licensed-vendor,official-no-data,covered,unknown,licensed-vendor,disposal-and-attention-captured;lifecycle-and-fundamental-from-tej-licensed-vendor;suspension-inferred-from-price-absence;tpex-no-range-based-exright-endpoint
TWSE,2025-08-03,official-closed,not-session,not-session,0,covered,licensed-vendor,official-no-data,covered,covered,licensed-vendor,disposal-and-attention-captured;lifecycle-and-fundamental-from-tej-licensed-vendor;suspension-inferred-from-price-absence
TPEX,2025-08-03,official-closed,not-session,not-session,0,covered,licensed-vendor,official-no-data,covered,unknown,licensed-vendor,disposal-and-attention-captured;lifecycle-and-fundamental-from-tej-licensed-vendor;suspension-inferred-from-price-absence;tpex-no-range-based-exright-endpoint
TWSE,2025-08-04,official-open,partial,supported,1302,covered,licensed-vendor,covered,covered,covered,licensed-vendor,blocked-only-by-vendor-dependency;disposal-and-attention-captured;lifecycle-and-fundamental-from-tej-licensed-vendor;suspension-inferred-from-price-absence
TPEX,2025-08-04,official-open,partial,partial,965,covered,licensed-vendor,covered,covered,unknown,licensed-vendor,disposal-and-attention-captured;lifecycle-and-fundamental-from-tej-licensed-vendor;suspension-inferred-from-price-absence;tpex-no-range-based-exright-endpoint
TWSE,2025-08-05,official-open,partial,supported,1301,covered,licensed-vendor,covered,covered,covered,licensed-vendor,blocked-only-by-vendor-dependency;disposal-and-attention-captured;lifecycle-and-fundamental-from-tej-licensed-vendor;suspension-inferred-from-price-absence
TPEX,2025-08-05,official-open,partial,partial,965,covered,licensed-vendor,covered,covered,unknown,licensed-vendor,disposal-and-attention-captured;lifecycle-and-fundamental-from-tej-licensed-vendor;suspension-inferred-from-price-absence;tpex-no-range-based-exright-endpoint
TWSE,2025-08-06,official-open,partial,supported,1302,covered,licensed-vendor,covered,covered,covered,licensed-vendor,blocked-only-by-vendor-dependency;disposal-and-attention-captured;lifecycle-and-fundamental-from-tej-licensed-vendor;suspension-inferred-from-price-absence
TPEX,2025-08-06,official-open,partial,partial,965,covered,licensed-vendor,covered,covered,unknown,licensed-vendor,disposal-and-attention-captured;lifecycle-and-fundamental-from-tej-licensed-vendor;suspension-inferred-from-price-absence;tpex-no-range-based-exright-endpoint
TWSE,2025-08-07,official-open,partial,supported,1302,covered,licensed-vendor,covered,covered,covered,licensed-vendor,blocked-only-by-vendor-dependency;disposal-and-attention-captured;lifecycle-and-fundamental-from-tej-licensed-vendor;suspension-inferred-from-price-absence
TPEX,2025-08-07,official-open,partial,partial,965,covered,licensed-vendor,covered,covered,unknown,licensed-vendor,disposal-and-attention-captured;lifecycle-and-fundamental-from-tej-licensed-vendor;suspension-inferred-from-price-absence;tpex-no-range-based-exright-endpoint
TWSE,2025-08-08,official-open,partial,supported,1302,covered,licensed-vendor,covered,covered,covered,licensed-vendor,blocked-only-by-vendor-dependency;disposal-and-attention-captured;lifecycle-and-fundamental-from-tej-licensed-vendor;suspension-inferred-from-price-absence
TPEX,2025-08-08,official-open,partial,partial,965,covered,licensed-vendor,covered,covered,unknown,licensed-vendor,disposal-and-attention-captured;lifecycle-and-fundamental-from-tej-licensed-vendor;suspension-inferred-from-price-absence;tpex-no-range-based-exright-endpoint
TWSE,2025-08-09,official-closed,not-session,not-session,0,covered,licensed-vendor,official-no-data,covered,covered,licensed-vendor,disposal-and-attention-captured;lifecycle-and-fundamental-from-tej-licensed-vendor;suspension-inferred-from-price-absence
TPEX,2025-08-09,official-closed,not-session,not-session,0,covered,licensed-vendor,official-no-data,covered,unknown,licensed-vendor,disposal-and-attention-captured;lifecycle-and-fundamental-from-tej-licensed-vendor;suspension-inferred-from-price-absence;tpex-no-range-based-exright-endpoint
TWSE,2025-08-10,official-closed,not-session,not-session,0,covered,licensed-vendor,official-no-data,covered,covered,licensed-vendor,disposal-and-attention-captured;lifecycle-and-fundamental-from-tej-licensed-vendor;suspension-inferred-from-price-absence
TPEX,2025-08-10,official-closed,not-session,not-session,0,covered,licensed-vendor,official-no-data,covered,unknown,licensed-vendor,disposal-and-attention-captured;lifecycle-and-fundamental-from-tej-licensed-vendor;suspension-inferred-from-price-absence;tpex-no-range-based-exright-endpoint
TWSE,2025-08-11,official-open,partial,supported,1302,covered,licensed-vendor,covered,covered,covered,licensed-vendor,blocked-only-by-vendor-dependency;disposal-and-attention-captured;lifecycle-and-fundamental-from-tej-licensed-vendor;suspension-inferred-from-price-absence
TPEX,2025-08-11,official-open,partial,partial,967,covered,licensed-vendor,covered,covered,unknown,licensed-vendor,disposal-and-attention-captured;lifecycle-and-fundamental-from-tej-licensed-vendor;suspension-inferred-from-price-absence;tpex-no-range-based-exright-endpoint
TWSE,2025-08-12,official-open,partial,supported,1302,covered,licensed-vendor,covered,covered,covered,licensed-vendor,blocked-only-by-vendor-dependency;disposal-and-attention-captured;lifecycle-and-fundamental-from-tej-licensed-vendor;suspension-inferred-from-price-absence
TPEX,2025-08-12,official-open,partial,partial,967,covered,licensed-vendor,covered,covered,unknown,licensed-vendor,disposal-and-attention-captured;lifecycle-and-fundamental-from-tej-licensed-vendor;suspension-inferred-from-price-absence;tpex-no-range-based-exright-endpoint
TWSE,2025-08-13,official-open,partial,supported,1302,covered,licensed-vendor,covered,covered,covered,licensed-vendor,blocked-only-by-vendor-dependency;disposal-and-attention-captured;lifecycle-and-fundamental-from-tej-licensed-vendor;suspension-inferred-from-price-absence
TPEX,2025-08-13,official-open,partial,partial,967,covered,licensed-vendor,covered,covered,unknown,licensed-vendor,disposal-and-attention-captured;lifecycle-and-fundamental-from-tej-licensed-vendor;suspension-inferred-from-price-absence;tpex-no-range-based-exright-endpoint
TWSE,2025-08-14,official-open,partial,supported,1301,covered,licensed-vendor,covered,covered,covered,licensed-vendor,blocked-only-by-vendor-dependency;disposal-and-attention-captured;lifecycle-and-fundamental-from-tej-licensed-vendor;suspension-inferred-from-price-absence
TPEX,2025-08-14,official-open,partial,partial,966,covered,licensed-vendor,covered,covered,unknown,licensed-vendor,disposal-and-attention-captured;lifecycle-and-fundamental-from-tej-licensed-vendor;suspension-inferred-from-price-absence;tpex-no-range-based-exright-endpoint
TWSE,2025-08-15,official-open,partial,supported,1302,covered,licensed-vendor,covered,covered,covered,licensed-vendor,blocked-only-by-vendor-dependency;disposal-and-attention-captured;lifecycle-and-fundamental-from-tej-licensed-vendor;suspension-inferred-from-price-absence
TPEX,2025-08-15,official-open,partial,partial,967,covered,licensed-vendor,covered,covered,unknown,licensed-vendor,disposal-and-attention-captured;lifecycle-and-fundamental-from-tej-licensed-vendor;suspension-inferred-from-price-absence;tpex-no-range-based-exright-endpoint
TWSE,2025-08-16,official-closed,not-session,not-session,0,covered,licensed-vendor,official-no-data,covered,covered,licensed-vendor,disposal-and-attention-captured;lifecycle-and-fundamental-from-tej-licensed-vendor;suspension-inferred-from-price-absence
TPEX,2025-08-16,official-closed,not-session,not-session,0,covered,licensed-vendor,official-no-data,covered,unknown,licensed-vendor,disposal-and-attention-captured;lifecycle-and-fundamental-from-tej-licensed-vendor;suspension-inferred-from-price-absence;tpex-no-range-based-exright-endpoint
TWSE,2025-08-17,official-closed,not-session,not-session,0,covered,licensed-vendor,official-no-data,covered,covered,licensed-vendor,disposal-and-attention-captured;lifecycle-and-fundamental-from-tej-licensed-vendor;suspension-inferred-from-price-absence
TPEX,2025-08-17,official-closed,not-session,not-session,0,covered,licensed-vendor,official-no-data,covered,unknown,licensed-vendor,disposal-and-attention-captured;lifecycle-and-fundamental-from-tej-licensed-vendor;suspension-inferred-from-price-absence;tpex-no-range-based-exright-endpoint
TWSE,2025-08-18,official-open,partial,supported,1302,covered,licensed-vendor,covered,covered,covered,licensed-vendor,blocked-only-by-vendor-dependency;disposal-and-attention-captured;lifecycle-and-fundamental-from-tej-licensed-vendor;suspension-inferred-from-price-absence
TPEX,2025-08-18,official-open,partial,partial,967,covered,licensed-vendor,covered,covered,unknown,licensed-vendor,disposal-and-attention-captured;lifecycle-and-fundamental-from-tej-licensed-vendor;suspension-inferred-from-price-absence;tpex-no-range-based-exright-endpoint
TWSE,2025-08-19,official-open,partial,supported,1302,covered,licensed-vendor,covered,covered,covered,licensed-vendor,blocked-only-by-vendor-dependency;disposal-and-attention-captured;lifecycle-and-fundamental-from-tej-licensed-vendor;suspension-inferred-from-price-absence
TPEX,2025-08-19,official-open,partial,partial,967,covered,licensed-vendor,covered,covered,unknown,licensed-vendor,disposal-and-attention-captured;lifecycle-and-fundamental-from-tej-licensed-vendor;suspension-inferred-from-price-absence;tpex-no-range-based-exright-endpoint
TWSE,2025-08-20,official-open,partial,supported,1302,covered,licensed-vendor,covered,covered,covered,licensed-vendor,blocked-only-by-vendor-dependency;disposal-and-attention-captured;lifecycle-and-fundamental-from-tej-licensed-vendor;suspension-inferred-from-price-absence
TPEX,2025-08-20,official-open,partial,partial,966,covered,licensed-vendor,covered,covered,unknown,licensed-vendor,disposal-and-attention-captured;lifecycle-and-fundamental-from-tej-licensed-vendor;suspension-inferred-from-price-absence;tpex-no-range-based-exright-endpoint
TWSE,2025-08-21,official-open,partial,supported,1302,covered,licensed-vendor,covered,covered,covered,licensed-vendor,blocked-only-by-vendor-dependency;disposal-and-attention-captured;lifecycle-and-fundamental-from-tej-licensed-vendor;suspension-inferred-from-price-absence
TPEX,2025-08-21,official-open,partial,partial,967,covered,licensed-vendor,covered,covered,unknown,licensed-vendor,disposal-and-attention-captured;lifecycle-and-fundamental-from-tej-licensed-vendor;suspension-inferred-from-price-absence;tpex-no-range-based-exright-endpoint
TWSE,2025-08-22,official-open,partial,supported,1302,covered,licensed-vendor,covered,covered,covered,licensed-vendor,blocked-only-by-vendor-dependency;disposal-and-attention-captured;lifecycle-and-fundamental-from-tej-licensed-vendor;suspension-inferred-from-price-absence
TPEX,2025-08-22,official-open,partial,partial,966,covered,licensed-vendor,covered,covered,unknown,licensed-vendor,disposal-and-attention-captured;lifecycle-and-fundamental-from-tej-licensed-vendor;suspension-inferred-from-price-absence;tpex-no-range-based-exright-endpoint
TWSE,2025-08-23,official-closed,not-session,not-session,0,covered,licensed-vendor,official-no-data,covered,covered,licensed-vendor,disposal-and-attention-captured;lifecycle-and-fundamental-from-tej-licensed-vendor;suspension-inferred-from-price-absence
TPEX,2025-08-23,official-closed,not-session,not-session,0,covered,licensed-vendor,official-no-data,covered,unknown,licensed-vendor,disposal-and-attention-captured;lifecycle-and-fundamental-from-tej-licensed-vendor;suspension-inferred-from-price-absence;tpex-no-range-based-exright-endpoint
TWSE,2025-08-24,official-closed,not-session,not-session,0,covered,licensed-vendor,official-no-data,covered,covered,licensed-vendor,disposal-and-attention-captured;lifecycle-and-fundamental-from-tej-licensed-vendor;suspension-inferred-from-price-absence
TPEX,2025-08-24,official-closed,not-session,not-session,0,covered,licensed-vendor,official-no-data,covered,unknown,licensed-vendor,disposal-and-attention-captured;lifecycle-and-fundamental-from-tej-licensed-vendor;suspension-inferred-from-price-absence;tpex-no-range-based-exright-endpoint
TWSE,2025-08-25,official-open,partial,supported,1303,covered,licensed-vendor,covered,covered,covered,licensed-vendor,blocked-only-by-vendor-dependency;disposal-and-attention-captured;lifecycle-and-fundamental-from-tej-licensed-vendor;suspension-inferred-from-price-absence
TPEX,2025-08-25,official-open,partial,partial,967,covered,licensed-vendor,covered,covered,unknown,licensed-vendor,disposal-and-attention-captured;lifecycle-and-fundamental-from-tej-licensed-vendor;suspension-inferred-from-price-absence;tpex-no-range-based-exright-endpoint
TWSE,2025-08-26,official-open,partial,supported,1303,covered,licensed-vendor,covered,covered,covered,licensed-vendor,blocked-only-by-vendor-dependency;disposal-and-attention-captured;lifecycle-and-fundamental-from-tej-licensed-vendor;suspension-inferred-from-price-absence
TPEX,2025-08-26,official-open,partial,partial,968,covered,licensed-vendor,covered,covered,unknown,licensed-vendor,disposal-and-attention-captured;lifecycle-and-fundamental-from-tej-licensed-vendor;suspension-inferred-from-price-absence;tpex-no-range-based-exright-endpoint
TWSE,2025-08-27,official-open,partial,supported,1304,covered,licensed-vendor,covered,covered,covered,licensed-vendor,blocked-only-by-vendor-dependency;disposal-and-attention-captured;lifecycle-and-fundamental-from-tej-licensed-vendor;suspension-inferred-from-price-absence
TPEX,2025-08-27,official-open,partial,partial,968,covered,licensed-vendor,covered,covered,unknown,licensed-vendor,disposal-and-attention-captured;lifecycle-and-fundamental-from-tej-licensed-vendor;suspension-inferred-from-price-absence;tpex-no-range-based-exright-endpoint
TWSE,2025-08-28,official-open,partial,supported,1304,covered,licensed-vendor,covered,covered,covered,licensed-vendor,blocked-only-by-vendor-dependency;disposal-and-attention-captured;lifecycle-and-fundamental-from-tej-licensed-vendor;suspension-inferred-from-price-absence
TPEX,2025-08-28,official-open,partial,partial,968,covered,licensed-vendor,covered,covered,unknown,licensed-vendor,disposal-and-attention-captured;lifecycle-and-fundamental-from-tej-licensed-vendor;suspension-inferred-from-price-absence;tpex-no-range-based-exright-endpoint
TWSE,2025-08-29,official-open,partial,supported,1304,covered,licensed-vendor,covered,covered,covered,licensed-vendor,blocked-only-by-vendor-dependency;disposal-and-attention-captured;lifecycle-and-fundamental-from-tej-licensed-vendor;suspension-inferred-from-price-absence
TPEX,2025-08-29,official-open,partial,partial,968,covered,licensed-vendor,covered,covered,unknown,licensed-vendor,disposal-and-attention-captured;lifecycle-and-fundamental-from-tej-licensed-vendor;suspension-inferred-from-price-absence;tpex-no-range-based-exright-endpoint
TWSE,2025-08-30,official-closed,not-session,not-session,0,covered,licensed-vendor,official-no-data,covered,covered,licensed-vendor,disposal-and-attention-captured;lifecycle-and-fundamental-from-tej-licensed-vendor;suspension-inferred-from-price-absence
TPEX,2025-08-30,official-closed,not-session,not-session,0,covered,licensed-vendor,official-no-data,covered,unknown,licensed-vendor,disposal-and-attention-captured;lifecycle-and-fundamental-from-tej-licensed-vendor;suspension-inferred-from-price-absence;tpex-no-range-based-exright-endpoint
TWSE,2025-08-31,official-closed,not-session,not-session,0,covered,licensed-vendor,official-no-data,covered,covered,licensed-vendor,disposal-and-attention-captured;lifecycle-and-fundamental-from-tej-licensed-vendor;suspension-inferred-from-price-absence
TPEX,2025-08-31,official-closed,not-session,not-session,0,covered,licensed-vendor,official-no-data,covered,unknown,licensed-vendor,disposal-and-attention-captured;lifecycle-and-fundamental-from-tej-licensed-vendor;suspension-inferred-from-price-absence;tpex-no-range-based-exright-endpoint
TWSE,2025-09-01,official-open,partial,supported,1304,covered,licensed-vendor,covered,covered,covered,licensed-vendor,blocked-only-by-vendor-dependency;disposal-and-attention-captured;lifecycle-and-fundamental-from-tej-licensed-vendor;suspension-inferred-from-price-absence
TPEX,2025-09-01,official-open,partial,partial,968,covered,licensed-vendor,covered,covered,unknown,licensed-vendor,disposal-and-attention-captured;lifecycle-and-fundamental-from-tej-licensed-vendor;suspension-inferred-from-price-absence;tpex-no-range-based-exright-endpoint
TWSE,2025-09-02,official-open,partial,supported,1304,covered,licensed-vendor,covered,covered,covered,licensed-vendor,blocked-only-by-vendor-dependency;disposal-and-attention-captured;lifecycle-and-fundamental-from-tej-licensed-vendor;suspension-inferred-from-price-absence
TPEX,2025-09-02,official-open,partial,partial,967,covered,licensed-vendor,covered,covered,unknown,licensed-vendor,disposal-and-attention-captured;lifecycle-and-fundamental-from-tej-licensed-vendor;suspension-inferred-from-price-absence;tpex-no-range-based-exright-endpoint
TWSE,2025-09-03,official-open,partial,supported,1304,covered,licensed-vendor,covered,covered,covered,licensed-vendor,blocked-only-by-vendor-dependency;disposal-and-attention-captured;lifecycle-and-fundamental-from-tej-licensed-vendor;suspension-inferred-from-price-absence
TPEX,2025-09-03,official-open,partial,partial,967,covered,licensed-vendor,covered,covered,unknown,licensed-vendor,disposal-and-attention-captured;lifecycle-and-fundamental-from-tej-licensed-vendor;suspension-inferred-from-price-absence;tpex-no-range-based-exright-endpoint
TWSE,2025-09-04,official-open,partial,supported,1303,covered,licensed-vendor,covered,covered,covered,licensed-vendor,blocked-only-by-vendor-dependency;disposal-and-attention-captured;lifecycle-and-fundamental-from-tej-licensed-vendor;suspension-inferred-from-price-absence
TPEX,2025-09-04,official-open,partial,partial,967,covered,licensed-vendor,covered,covered,unknown,licensed-vendor,disposal-and-attention-captured;lifecycle-and-fundamental-from-tej-licensed-vendor;suspension-inferred-from-price-absence;tpex-no-range-based-exright-endpoint
TWSE,2025-09-05,official-open,partial,supported,1303,covered,licensed-vendor,covered,covered,covered,licensed-vendor,blocked-only-by-vendor-dependency;disposal-and-attention-captured;lifecycle-and-fundamental-from-tej-licensed-vendor;suspension-inferred-from-price-absence
TPEX,2025-09-05,official-open,partial,partial,967,covered,licensed-vendor,covered,covered,unknown,licensed-vendor,disposal-and-attention-captured;lifecycle-and-fundamental-from-tej-licensed-vendor;suspension-inferred-from-price-absence;tpex-no-range-based-exright-endpoint
TWSE,2025-09-06,official-closed,not-session,not-session,0,covered,licensed-vendor,official-no-data,covered,covered,licensed-vendor,disposal-and-attention-captured;lifecycle-and-fundamental-from-tej-licensed-vendor;suspension-inferred-from-price-absence
TPEX,2025-09-06,official-closed,not-session,not-session,0,covered,licensed-vendor,official-no-data,covered,unknown,licensed-vendor,disposal-and-attention-captured;lifecycle-and-fundamental-from-tej-licensed-vendor;suspension-inferred-from-price-absence;tpex-no-range-based-exright-endpoint
TWSE,2025-09-07,official-closed,not-session,not-session,0,covered,licensed-vendor,official-no-data,covered,covered,licensed-vendor,disposal-and-attention-captured;lifecycle-and-fundamental-from-tej-licensed-vendor;suspension-inferred-from-price-absence
TPEX,2025-09-07,official-closed,not-session,not-session,0,covered,licensed-vendor,official-no-data,covered,unknown,licensed-vendor,disposal-and-attention-captured;lifecycle-and-fundamental-from-tej-licensed-vendor;suspension-inferred-from-price-absence;tpex-no-range-based-exright-endpoint
TWSE,2025-09-08,official-open,partial,supported,1303,covered,licensed-vendor,covered,covered,covered,licensed-vendor,blocked-only-by-vendor-dependency;disposal-and-attention-captured;lifecycle-and-fundamental-from-tej-licensed-vendor;suspension-inferred-from-price-absence
TPEX,2025-09-08,official-open,partial,partial,967,covered,licensed-vendor,covered,covered,unknown,licensed-vendor,disposal-and-attention-captured;lifecycle-and-fundamental-from-tej-licensed-vendor;suspension-inferred-from-price-absence;tpex-no-range-based-exright-endpoint
TWSE,2025-09-09,official-open,partial,supported,1306,covered,licensed-vendor,covered,covered,covered,licensed-vendor,blocked-only-by-vendor-dependency;disposal-and-attention-captured;lifecycle-and-fundamental-from-tej-licensed-vendor;suspension-inferred-from-price-absence
TPEX,2025-09-09,official-open,partial,partial,967,covered,licensed-vendor,covered,covered,unknown,licensed-vendor,disposal-and-attention-captured;lifecycle-and-fundamental-from-tej-licensed-vendor;suspension-inferred-from-price-absence;tpex-no-range-based-exright-endpoint
TWSE,2025-09-10,official-open,partial,supported,1306,covered,licensed-vendor,covered,covered,covered,licensed-vendor,blocked-only-by-vendor-dependency;disposal-and-attention-captured;lifecycle-and-fundamental-from-tej-licensed-vendor;suspension-inferred-from-price-absence
TPEX,2025-09-10,official-open,partial,partial,967,covered,licensed-vendor,covered,covered,unknown,licensed-vendor,disposal-and-attention-captured;lifecycle-and-fundamental-from-tej-licensed-vendor;suspension-inferred-from-price-absence;tpex-no-range-based-exright-endpoint
TWSE,2025-09-11,official-open,partial,supported,1307,covered,licensed-vendor,covered,covered,covered,licensed-vendor,blocked-only-by-vendor-dependency;disposal-and-attention-captured;lifecycle-and-fundamental-from-tej-licensed-vendor;suspension-inferred-from-price-absence
TPEX,2025-09-11,official-open,partial,partial,967,covered,licensed-vendor,covered,covered,unknown,licensed-vendor,disposal-and-attention-captured;lifecycle-and-fundamental-from-tej-licensed-vendor;suspension-inferred-from-price-absence;tpex-no-range-based-exright-endpoint
TWSE,2025-09-12,official-open,partial,supported,1307,covered,licensed-vendor,covered,covered,covered,licensed-vendor,blocked-only-by-vendor-dependency;disposal-and-attention-captured;lifecycle-and-fundamental-from-tej-licensed-vendor;suspension-inferred-from-price-absence
TPEX,2025-09-12,official-open,partial,partial,967,covered,licensed-vendor,covered,covered,unknown,licensed-vendor,disposal-and-attention-captured;lifecycle-and-fundamental-from-tej-licensed-vendor;suspension-inferred-from-price-absence;tpex-no-range-based-exright-endpoint
TWSE,2025-09-13,official-closed,not-session,not-session,0,covered,licensed-vendor,official-no-data,covered,covered,licensed-vendor,disposal-and-attention-captured;lifecycle-and-fundamental-from-tej-licensed-vendor;suspension-inferred-from-price-absence
TPEX,2025-09-13,official-closed,not-session,not-session,0,covered,licensed-vendor,official-no-data,covered,unknown,licensed-vendor,disposal-and-attention-captured;lifecycle-and-fundamental-from-tej-licensed-vendor;suspension-inferred-from-price-absence;tpex-no-range-based-exright-endpoint
TWSE,2025-09-14,official-closed,not-session,not-session,0,covered,licensed-vendor,official-no-data,covered,covered,licensed-vendor,disposal-and-attention-captured;lifecycle-and-fundamental-from-tej-licensed-vendor;suspension-inferred-from-price-absence
TPEX,2025-09-14,official-closed,not-session,not-session,0,covered,licensed-vendor,official-no-data,covered,unknown,licensed-vendor,disposal-and-attention-captured;lifecycle-and-fundamental-from-tej-licensed-vendor;suspension-inferred-from-price-absence;tpex-no-range-based-exright-endpoint
TWSE,2025-09-15,official-open,partial,supported,1310,covered,licensed-vendor,covered,covered,covered,licensed-vendor,blocked-only-by-vendor-dependency;disposal-and-attention-captured;lifecycle-and-fundamental-from-tej-licensed-vendor;suspension-inferred-from-price-absence
TPEX,2025-09-15,official-open,partial,partial,967,covered,licensed-vendor,covered,covered,unknown,licensed-vendor,disposal-and-attention-captured;lifecycle-and-fundamental-from-tej-licensed-vendor;suspension-inferred-from-price-absence;tpex-no-range-based-exright-endpoint
TWSE,2025-09-16,official-open,partial,supported,1310,covered,licensed-vendor,covered,covered,covered,licensed-vendor,blocked-only-by-vendor-dependency;disposal-and-attention-captured;lifecycle-and-fundamental-from-tej-licensed-vendor;suspension-inferred-from-price-absence
TPEX,2025-09-16,official-open,partial,partial,968,covered,licensed-vendor,covered,covered,unknown,licensed-vendor,disposal-and-attention-captured;lifecycle-and-fundamental-from-tej-licensed-vendor;suspension-inferred-from-price-absence;tpex-no-range-based-exright-endpoint
TWSE,2025-09-17,official-open,partial,supported,1311,covered,licensed-vendor,covered,covered,covered,licensed-vendor,blocked-only-by-vendor-dependency;disposal-and-attention-captured;lifecycle-and-fundamental-from-tej-licensed-vendor;suspension-inferred-from-price-absence
TPEX,2025-09-17,official-open,partial,partial,968,covered,licensed-vendor,covered,covered,unknown,licensed-vendor,disposal-and-attention-captured;lifecycle-and-fundamental-from-tej-licensed-vendor;suspension-inferred-from-price-absence;tpex-no-range-based-exright-endpoint
TWSE,2025-09-18,official-open,partial,supported,1310,covered,licensed-vendor,covered,covered,covered,licensed-vendor,blocked-only-by-vendor-dependency;disposal-and-attention-captured;lifecycle-and-fundamental-from-tej-licensed-vendor;suspension-inferred-from-price-absence
TPEX,2025-09-18,official-open,partial,partial,968,covered,licensed-vendor,covered,covered,unknown,licensed-vendor,disposal-and-attention-captured;lifecycle-and-fundamental-from-tej-licensed-vendor;suspension-inferred-from-price-absence;tpex-no-range-based-exright-endpoint
TWSE,2025-09-19,official-open,partial,supported,1310,covered,licensed-vendor,covered,covered,covered,licensed-vendor,blocked-only-by-vendor-dependency;disposal-and-attention-captured;lifecycle-and-fundamental-from-tej-licensed-vendor;suspension-inferred-from-price-absence
TPEX,2025-09-19,official-open,partial,partial,969,covered,licensed-vendor,covered,covered,unknown,licensed-vendor,disposal-and-attention-captured;lifecycle-and-fundamental-from-tej-licensed-vendor;suspension-inferred-from-price-absence;tpex-no-range-based-exright-endpoint
TWSE,2025-09-20,official-closed,not-session,not-session,0,covered,licensed-vendor,official-no-data,covered,covered,licensed-vendor,disposal-and-attention-captured;lifecycle-and-fundamental-from-tej-licensed-vendor;suspension-inferred-from-price-absence
TPEX,2025-09-20,official-closed,not-session,not-session,0,covered,licensed-vendor,official-no-data,covered,unknown,licensed-vendor,disposal-and-attention-captured;lifecycle-and-fundamental-from-tej-licensed-vendor;suspension-inferred-from-price-absence;tpex-no-range-based-exright-endpoint
TWSE,2025-09-21,official-closed,not-session,not-session,0,covered,licensed-vendor,official-no-data,covered,covered,licensed-vendor,disposal-and-attention-captured;lifecycle-and-fundamental-from-tej-licensed-vendor;suspension-inferred-from-price-absence
TPEX,2025-09-21,official-closed,not-session,not-session,0,covered,licensed-vendor,official-no-data,covered,unknown,licensed-vendor,disposal-and-attention-captured;lifecycle-and-fundamental-from-tej-licensed-vendor;suspension-inferred-from-price-absence;tpex-no-range-based-exright-endpoint
TWSE,2025-09-22,official-open,partial,supported,1310,covered,licensed-vendor,covered,covered,covered,licensed-vendor,blocked-only-by-vendor-dependency;disposal-and-attention-captured;lifecycle-and-fundamental-from-tej-licensed-vendor;suspension-inferred-from-price-absence
TPEX,2025-09-22,official-open,partial,partial,969,covered,licensed-vendor,covered,covered,unknown,licensed-vendor,disposal-and-attention-captured;lifecycle-and-fundamental-from-tej-licensed-vendor;suspension-inferred-from-price-absence;tpex-no-range-based-exright-endpoint
TWSE,2025-09-23,official-open,partial,supported,1310,covered,licensed-vendor,covered,covered,covered,licensed-vendor,blocked-only-by-vendor-dependency;disposal-and-attention-captured;lifecycle-and-fundamental-from-tej-licensed-vendor;suspension-inferred-from-price-absence
TPEX,2025-09-23,official-open,partial,partial,969,covered,licensed-vendor,covered,covered,unknown,licensed-vendor,disposal-and-attention-captured;lifecycle-and-fundamental-from-tej-licensed-vendor;suspension-inferred-from-price-absence;tpex-no-range-based-exright-endpoint
TWSE,2025-09-24,official-open,partial,supported,1311,covered,licensed-vendor,covered,covered,covered,licensed-vendor,blocked-only-by-vendor-dependency;disposal-and-attention-captured;lifecycle-and-fundamental-from-tej-licensed-vendor;suspension-inferred-from-price-absence
TPEX,2025-09-24,official-open,partial,partial,969,covered,licensed-vendor,covered,covered,unknown,licensed-vendor,disposal-and-attention-captured;lifecycle-and-fundamental-from-tej-licensed-vendor;suspension-inferred-from-price-absence;tpex-no-range-based-exright-endpoint
TWSE,2025-09-25,official-open,partial,supported,1306,covered,licensed-vendor,covered,covered,covered,licensed-vendor,blocked-only-by-vendor-dependency;disposal-and-attention-captured;lifecycle-and-fundamental-from-tej-licensed-vendor;suspension-inferred-from-price-absence
TPEX,2025-09-25,official-open,partial,partial,968,covered,licensed-vendor,covered,covered,unknown,licensed-vendor,disposal-and-attention-captured;lifecycle-and-fundamental-from-tej-licensed-vendor;suspension-inferred-from-price-absence;tpex-no-range-based-exright-endpoint
TWSE,2025-09-26,official-open,partial,supported,1307,covered,licensed-vendor,covered,covered,covered,licensed-vendor,blocked-only-by-vendor-dependency;disposal-and-attention-captured;lifecycle-and-fundamental-from-tej-licensed-vendor;suspension-inferred-from-price-absence
TPEX,2025-09-26,official-open,partial,partial,968,covered,licensed-vendor,covered,covered,unknown,licensed-vendor,disposal-and-attention-captured;lifecycle-and-fundamental-from-tej-licensed-vendor;suspension-inferred-from-price-absence;tpex-no-range-based-exright-endpoint
TWSE,2025-09-27,official-closed,not-session,not-session,0,covered,licensed-vendor,official-no-data,covered,covered,licensed-vendor,disposal-and-attention-captured;lifecycle-and-fundamental-from-tej-licensed-vendor;suspension-inferred-from-price-absence
TPEX,2025-09-27,official-closed,not-session,not-session,0,covered,licensed-vendor,official-no-data,covered,unknown,licensed-vendor,disposal-and-attention-captured;lifecycle-and-fundamental-from-tej-licensed-vendor;suspension-inferred-from-price-absence;tpex-no-range-based-exright-endpoint
TWSE,2025-09-28,official-closed,not-session,not-session,0,covered,licensed-vendor,official-no-data,covered,covered,licensed-vendor,disposal-and-attention-captured;lifecycle-and-fundamental-from-tej-licensed-vendor;suspension-inferred-from-price-absence
TPEX,2025-09-28,official-closed,not-session,not-session,0,covered,licensed-vendor,official-no-data,covered,unknown,licensed-vendor,disposal-and-attention-captured;lifecycle-and-fundamental-from-tej-licensed-vendor;suspension-inferred-from-price-absence;tpex-no-range-based-exright-endpoint
TWSE,2025-09-29,official-closed,not-session,not-session,0,covered,licensed-vendor,official-no-data,covered,covered,licensed-vendor,disposal-and-attention-captured;lifecycle-and-fundamental-from-tej-licensed-vendor;suspension-inferred-from-price-absence
TPEX,2025-09-29,official-closed,not-session,not-session,0,covered,licensed-vendor,official-no-data,covered,unknown,licensed-vendor,disposal-and-attention-captured;lifecycle-and-fundamental-from-tej-licensed-vendor;suspension-inferred-from-price-absence;tpex-no-range-based-exright-endpoint
TWSE,2025-09-30,official-open,partial,supported,1308,covered,licensed-vendor,covered,covered,covered,licensed-vendor,blocked-only-by-vendor-dependency;disposal-and-attention-captured;lifecycle-and-fundamental-from-tej-licensed-vendor;suspension-inferred-from-price-absence
TPEX,2025-09-30,official-open,partial,partial,968,covered,licensed-vendor,covered,covered,unknown,licensed-vendor,disposal-and-attention-captured;lifecycle-and-fundamental-from-tej-licensed-vendor;suspension-inferred-from-price-absence;tpex-no-range-based-exright-endpoint
TWSE,2025-10-01,official-open,partial,supported,1308,covered,licensed-vendor,covered,covered,covered,licensed-vendor,blocked-only-by-vendor-dependency;disposal-and-attention-captured;lifecycle-and-fundamental-from-tej-licensed-vendor;suspension-inferred-from-price-absence
TPEX,2025-10-01,official-open,partial,partial,968,covered,licensed-vendor,covered,covered,unknown,licensed-vendor,disposal-and-attention-captured;lifecycle-and-fundamental-from-tej-licensed-vendor;suspension-inferred-from-price-absence;tpex-no-range-based-exright-endpoint
TWSE,2025-10-02,official-open,partial,supported,1308,covered,licensed-vendor,covered,covered,covered,licensed-vendor,blocked-only-by-vendor-dependency;disposal-and-attention-captured;lifecycle-and-fundamental-from-tej-licensed-vendor;suspension-inferred-from-price-absence
TPEX,2025-10-02,official-open,partial,partial,969,covered,licensed-vendor,covered,covered,unknown,licensed-vendor,disposal-and-attention-captured;lifecycle-and-fundamental-from-tej-licensed-vendor;suspension-inferred-from-price-absence;tpex-no-range-based-exright-endpoint
TWSE,2025-10-03,official-open,partial,supported,1308,covered,licensed-vendor,covered,covered,covered,licensed-vendor,blocked-only-by-vendor-dependency;disposal-and-attention-captured;lifecycle-and-fundamental-from-tej-licensed-vendor;suspension-inferred-from-price-absence
TPEX,2025-10-03,official-open,partial,partial,970,covered,licensed-vendor,covered,covered,unknown,licensed-vendor,disposal-and-attention-captured;lifecycle-and-fundamental-from-tej-licensed-vendor;suspension-inferred-from-price-absence;tpex-no-range-based-exright-endpoint
TWSE,2025-10-04,official-closed,not-session,not-session,0,covered,licensed-vendor,official-no-data,covered,covered,licensed-vendor,disposal-and-attention-captured;lifecycle-and-fundamental-from-tej-licensed-vendor;suspension-inferred-from-price-absence
TPEX,2025-10-04,official-closed,not-session,not-session,0,covered,licensed-vendor,official-no-data,covered,unknown,licensed-vendor,disposal-and-attention-captured;lifecycle-and-fundamental-from-tej-licensed-vendor;suspension-inferred-from-price-absence;tpex-no-range-based-exright-endpoint
TWSE,2025-10-05,official-closed,not-session,not-session,0,covered,licensed-vendor,official-no-data,covered,covered,licensed-vendor,disposal-and-attention-captured;lifecycle-and-fundamental-from-tej-licensed-vendor;suspension-inferred-from-price-absence
TPEX,2025-10-05,official-closed,not-session,not-session,0,covered,licensed-vendor,official-no-data,covered,unknown,licensed-vendor,disposal-and-attention-captured;lifecycle-and-fundamental-from-tej-licensed-vendor;suspension-inferred-from-price-absence;tpex-no-range-based-exright-endpoint
TWSE,2025-10-06,official-closed,not-session,not-session,0,covered,licensed-vendor,official-no-data,covered,covered,licensed-vendor,disposal-and-attention-captured;lifecycle-and-fundamental-from-tej-licensed-vendor;suspension-inferred-from-price-absence
TPEX,2025-10-06,official-closed,not-session,not-session,0,covered,licensed-vendor,official-no-data,covered,unknown,licensed-vendor,disposal-and-attention-captured;lifecycle-and-fundamental-from-tej-licensed-vendor;suspension-inferred-from-price-absence;tpex-no-range-based-exright-endpoint
TWSE,2025-10-07,official-open,partial,supported,1313,covered,licensed-vendor,covered,covered,covered,licensed-vendor,blocked-only-by-vendor-dependency;disposal-and-attention-captured;lifecycle-and-fundamental-from-tej-licensed-vendor;suspension-inferred-from-price-absence
TPEX,2025-10-07,official-open,partial,partial,970,covered,licensed-vendor,covered,covered,unknown,licensed-vendor,disposal-and-attention-captured;lifecycle-and-fundamental-from-tej-licensed-vendor;suspension-inferred-from-price-absence;tpex-no-range-based-exright-endpoint
TWSE,2025-10-08,official-open,partial,supported,1312,covered,licensed-vendor,covered,covered,covered,licensed-vendor,blocked-only-by-vendor-dependency;disposal-and-attention-captured;lifecycle-and-fundamental-from-tej-licensed-vendor;suspension-inferred-from-price-absence
TPEX,2025-10-08,official-open,partial,partial,969,covered,licensed-vendor,covered,covered,unknown,licensed-vendor,disposal-and-attention-captured;lifecycle-and-fundamental-from-tej-licensed-vendor;suspension-inferred-from-price-absence;tpex-no-range-based-exright-endpoint
TWSE,2025-10-09,official-open,partial,supported,1312,covered,licensed-vendor,covered,covered,covered,licensed-vendor,blocked-only-by-vendor-dependency;disposal-and-attention-captured;lifecycle-and-fundamental-from-tej-licensed-vendor;suspension-inferred-from-price-absence
TPEX,2025-10-09,official-open,partial,partial,969,covered,licensed-vendor,covered,covered,unknown,licensed-vendor,disposal-and-attention-captured;lifecycle-and-fundamental-from-tej-licensed-vendor;suspension-inferred-from-price-absence;tpex-no-range-based-exright-endpoint
TWSE,2025-10-10,official-closed,not-session,not-session,0,covered,licensed-vendor,official-no-data,covered,covered,licensed-vendor,disposal-and-attention-captured;lifecycle-and-fundamental-from-tej-licensed-vendor;suspension-inferred-from-price-absence
TPEX,2025-10-10,official-closed,not-session,not-session,0,covered,licensed-vendor,official-no-data,covered,unknown,licensed-vendor,disposal-and-attention-captured;lifecycle-and-fundamental-from-tej-licensed-vendor;suspension-inferred-from-price-absence;tpex-no-range-based-exright-endpoint
TWSE,2025-10-11,official-closed,not-session,not-session,0,covered,licensed-vendor,official-no-data,covered,covered,licensed-vendor,disposal-and-attention-captured;lifecycle-and-fundamental-from-tej-licensed-vendor;suspension-inferred-from-price-absence
TPEX,2025-10-11,official-closed,not-session,not-session,0,covered,licensed-vendor,official-no-data,covered,unknown,licensed-vendor,disposal-and-attention-captured;lifecycle-and-fundamental-from-tej-licensed-vendor;suspension-inferred-from-price-absence;tpex-no-range-based-exright-endpoint
TWSE,2025-10-12,official-closed,not-session,not-session,0,covered,licensed-vendor,official-no-data,covered,covered,licensed-vendor,disposal-and-attention-captured;lifecycle-and-fundamental-from-tej-licensed-vendor;suspension-inferred-from-price-absence
TPEX,2025-10-12,official-closed,not-session,not-session,0,covered,licensed-vendor,official-no-data,covered,unknown,licensed-vendor,disposal-and-attention-captured;lifecycle-and-fundamental-from-tej-licensed-vendor;suspension-inferred-from-price-absence;tpex-no-range-based-exright-endpoint
TWSE,2025-10-13,official-open,partial,supported,1312,covered,licensed-vendor,covered,covered,covered,licensed-vendor,blocked-only-by-vendor-dependency;disposal-and-attention-captured;lifecycle-and-fundamental-from-tej-licensed-vendor;suspension-inferred-from-price-absence
TPEX,2025-10-13,official-open,partial,partial,969,covered,licensed-vendor,covered,covered,unknown,licensed-vendor,disposal-and-attention-captured;lifecycle-and-fundamental-from-tej-licensed-vendor;suspension-inferred-from-price-absence;tpex-no-range-based-exright-endpoint
TWSE,2025-10-14,official-open,partial,supported,1315,covered,licensed-vendor,covered,covered,covered,licensed-vendor,blocked-only-by-vendor-dependency;disposal-and-attention-captured;lifecycle-and-fundamental-from-tej-licensed-vendor;suspension-inferred-from-price-absence
TPEX,2025-10-14,official-open,partial,partial,969,covered,licensed-vendor,covered,covered,unknown,licensed-vendor,disposal-and-attention-captured;lifecycle-and-fundamental-from-tej-licensed-vendor;suspension-inferred-from-price-absence;tpex-no-range-based-exright-endpoint
TWSE,2025-10-15,official-open,partial,supported,1313,covered,licensed-vendor,covered,covered,covered,licensed-vendor,blocked-only-by-vendor-dependency;disposal-and-attention-captured;lifecycle-and-fundamental-from-tej-licensed-vendor;suspension-inferred-from-price-absence
TPEX,2025-10-15,official-open,partial,partial,969,covered,licensed-vendor,covered,covered,unknown,licensed-vendor,disposal-and-attention-captured;lifecycle-and-fundamental-from-tej-licensed-vendor;suspension-inferred-from-price-absence;tpex-no-range-based-exright-endpoint
TWSE,2025-10-16,official-open,partial,supported,1314,covered,licensed-vendor,covered,covered,covered,licensed-vendor,blocked-only-by-vendor-dependency;disposal-and-attention-captured;lifecycle-and-fundamental-from-tej-licensed-vendor;suspension-inferred-from-price-absence
TPEX,2025-10-16,official-open,partial,partial,970,covered,licensed-vendor,covered,covered,unknown,licensed-vendor,disposal-and-attention-captured;lifecycle-and-fundamental-from-tej-licensed-vendor;suspension-inferred-from-price-absence;tpex-no-range-based-exright-endpoint
TWSE,2025-10-17,official-open,partial,supported,1314,covered,licensed-vendor,covered,covered,covered,licensed-vendor,blocked-only-by-vendor-dependency;disposal-and-attention-captured;lifecycle-and-fundamental-from-tej-licensed-vendor;suspension-inferred-from-price-absence
TPEX,2025-10-17,official-open,partial,partial,970,covered,licensed-vendor,covered,covered,unknown,licensed-vendor,disposal-and-attention-captured;lifecycle-and-fundamental-from-tej-licensed-vendor;suspension-inferred-from-price-absence;tpex-no-range-based-exright-endpoint
TWSE,2025-10-18,official-closed,not-session,not-session,0,covered,licensed-vendor,official-no-data,covered,covered,licensed-vendor,disposal-and-attention-captured;lifecycle-and-fundamental-from-tej-licensed-vendor;suspension-inferred-from-price-absence
TPEX,2025-10-18,official-closed,not-session,not-session,0,covered,licensed-vendor,official-no-data,covered,unknown,licensed-vendor,disposal-and-attention-captured;lifecycle-and-fundamental-from-tej-licensed-vendor;suspension-inferred-from-price-absence;tpex-no-range-based-exright-endpoint
TWSE,2025-10-19,official-closed,not-session,not-session,0,covered,licensed-vendor,official-no-data,covered,covered,licensed-vendor,disposal-and-attention-captured;lifecycle-and-fundamental-from-tej-licensed-vendor;suspension-inferred-from-price-absence
TPEX,2025-10-19,official-closed,not-session,not-session,0,covered,licensed-vendor,official-no-data,covered,unknown,licensed-vendor,disposal-and-attention-captured;lifecycle-and-fundamental-from-tej-licensed-vendor;suspension-inferred-from-price-absence;tpex-no-range-based-exright-endpoint
TWSE,2025-10-20,official-open,partial,supported,1316,covered,licensed-vendor,covered,covered,covered,licensed-vendor,blocked-only-by-vendor-dependency;disposal-and-attention-captured;lifecycle-and-fundamental-from-tej-licensed-vendor;suspension-inferred-from-price-absence
TPEX,2025-10-20,official-open,partial,partial,972,covered,licensed-vendor,covered,covered,unknown,licensed-vendor,disposal-and-attention-captured;lifecycle-and-fundamental-from-tej-licensed-vendor;suspension-inferred-from-price-absence;tpex-no-range-based-exright-endpoint
TWSE,2025-10-21,official-open,partial,supported,1316,covered,licensed-vendor,covered,covered,covered,licensed-vendor,blocked-only-by-vendor-dependency;disposal-and-attention-captured;lifecycle-and-fundamental-from-tej-licensed-vendor;suspension-inferred-from-price-absence
TPEX,2025-10-21,official-open,partial,partial,972,covered,licensed-vendor,covered,covered,unknown,licensed-vendor,disposal-and-attention-captured;lifecycle-and-fundamental-from-tej-licensed-vendor;suspension-inferred-from-price-absence;tpex-no-range-based-exright-endpoint
TWSE,2025-10-22,official-open,partial,supported,1318,covered,licensed-vendor,covered,covered,covered,licensed-vendor,blocked-only-by-vendor-dependency;disposal-and-attention-captured;lifecycle-and-fundamental-from-tej-licensed-vendor;suspension-inferred-from-price-absence
TPEX,2025-10-22,official-open,partial,partial,972,covered,licensed-vendor,covered,covered,unknown,licensed-vendor,disposal-and-attention-captured;lifecycle-and-fundamental-from-tej-licensed-vendor;suspension-inferred-from-price-absence;tpex-no-range-based-exright-endpoint
TWSE,2025-10-23,official-open,partial,supported,1318,covered,licensed-vendor,covered,covered,covered,licensed-vendor,blocked-only-by-vendor-dependency;disposal-and-attention-captured;lifecycle-and-fundamental-from-tej-licensed-vendor;suspension-inferred-from-price-absence
TPEX,2025-10-23,official-open,partial,partial,972,covered,licensed-vendor,covered,covered,unknown,licensed-vendor,disposal-and-attention-captured;lifecycle-and-fundamental-from-tej-licensed-vendor;suspension-inferred-from-price-absence;tpex-no-range-based-exright-endpoint
TWSE,2025-10-24,official-closed,not-session,not-session,0,covered,licensed-vendor,official-no-data,covered,covered,licensed-vendor,disposal-and-attention-captured;lifecycle-and-fundamental-from-tej-licensed-vendor;suspension-inferred-from-price-absence
TPEX,2025-10-24,official-closed,not-session,not-session,0,covered,licensed-vendor,official-no-data,covered,unknown,licensed-vendor,disposal-and-attention-captured;lifecycle-and-fundamental-from-tej-licensed-vendor;suspension-inferred-from-price-absence;tpex-no-range-based-exright-endpoint
TWSE,2025-10-25,official-closed,not-session,not-session,0,covered,licensed-vendor,official-no-data,covered,covered,licensed-vendor,disposal-and-attention-captured;lifecycle-and-fundamental-from-tej-licensed-vendor;suspension-inferred-from-price-absence
TPEX,2025-10-25,official-closed,not-session,not-session,0,covered,licensed-vendor,official-no-data,covered,unknown,licensed-vendor,disposal-and-attention-captured;lifecycle-and-fundamental-from-tej-licensed-vendor;suspension-inferred-from-price-absence;tpex-no-range-based-exright-endpoint
TWSE,2025-10-26,official-closed,not-session,not-session,0,covered,licensed-vendor,official-no-data,covered,covered,licensed-vendor,disposal-and-attention-captured;lifecycle-and-fundamental-from-tej-licensed-vendor;suspension-inferred-from-price-absence
TPEX,2025-10-26,official-closed,not-session,not-session,0,covered,licensed-vendor,official-no-data,covered,unknown,licensed-vendor,disposal-and-attention-captured;lifecycle-and-fundamental-from-tej-licensed-vendor;suspension-inferred-from-price-absence;tpex-no-range-based-exright-endpoint
TWSE,2025-10-27,official-open,partial,supported,1318,covered,licensed-vendor,covered,covered,covered,licensed-vendor,blocked-only-by-vendor-dependency;disposal-and-attention-captured;lifecycle-and-fundamental-from-tej-licensed-vendor;suspension-inferred-from-price-absence
TPEX,2025-10-27,official-open,partial,partial,972,covered,licensed-vendor,covered,covered,unknown,licensed-vendor,disposal-and-attention-captured;lifecycle-and-fundamental-from-tej-licensed-vendor;suspension-inferred-from-price-absence;tpex-no-range-based-exright-endpoint
TWSE,2025-10-28,official-open,partial,supported,1319,covered,licensed-vendor,covered,covered,covered,licensed-vendor,blocked-only-by-vendor-dependency;disposal-and-attention-captured;lifecycle-and-fundamental-from-tej-licensed-vendor;suspension-inferred-from-price-absence
TPEX,2025-10-28,official-open,partial,partial,974,covered,licensed-vendor,covered,covered,unknown,licensed-vendor,disposal-and-attention-captured;lifecycle-and-fundamental-from-tej-licensed-vendor;suspension-inferred-from-price-absence;tpex-no-range-based-exright-endpoint
TWSE,2025-10-29,official-open,partial,supported,1319,covered,licensed-vendor,covered,covered,covered,licensed-vendor,blocked-only-by-vendor-dependency;disposal-and-attention-captured;lifecycle-and-fundamental-from-tej-licensed-vendor;suspension-inferred-from-price-absence
TPEX,2025-10-29,official-open,partial,partial,974,covered,licensed-vendor,covered,covered,unknown,licensed-vendor,disposal-and-attention-captured;lifecycle-and-fundamental-from-tej-licensed-vendor;suspension-inferred-from-price-absence;tpex-no-range-based-exright-endpoint
TWSE,2025-10-30,official-open,partial,supported,1319,covered,licensed-vendor,covered,covered,covered,licensed-vendor,blocked-only-by-vendor-dependency;disposal-and-attention-captured;lifecycle-and-fundamental-from-tej-licensed-vendor;suspension-inferred-from-price-absence
TPEX,2025-10-30,official-open,partial,partial,974,covered,licensed-vendor,covered,covered,unknown,licensed-vendor,disposal-and-attention-captured;lifecycle-and-fundamental-from-tej-licensed-vendor;suspension-inferred-from-price-absence;tpex-no-range-based-exright-endpoint
TWSE,2025-10-31,official-open,partial,supported,1319,covered,licensed-vendor,covered,covered,covered,licensed-vendor,blocked-only-by-vendor-dependency;disposal-and-attention-captured;lifecycle-and-fundamental-from-tej-licensed-vendor;suspension-inferred-from-price-absence
TPEX,2025-10-31,official-open,partial,partial,974,covered,licensed-vendor,covered,covered,unknown,licensed-vendor,disposal-and-attention-captured;lifecycle-and-fundamental-from-tej-licensed-vendor;suspension-inferred-from-price-absence;tpex-no-range-based-exright-endpoint
TWSE,2025-11-01,official-closed,not-session,not-session,0,covered,licensed-vendor,official-no-data,covered,covered,licensed-vendor,disposal-and-attention-captured;lifecycle-and-fundamental-from-tej-licensed-vendor;suspension-inferred-from-price-absence
TPEX,2025-11-01,official-closed,not-session,not-session,0,covered,licensed-vendor,official-no-data,covered,unknown,licensed-vendor,disposal-and-attention-captured;lifecycle-and-fundamental-from-tej-licensed-vendor;suspension-inferred-from-price-absence;tpex-no-range-based-exright-endpoint
TWSE,2025-11-02,official-closed,not-session,not-session,0,covered,licensed-vendor,official-no-data,covered,covered,licensed-vendor,disposal-and-attention-captured;lifecycle-and-fundamental-from-tej-licensed-vendor;suspension-inferred-from-price-absence
TPEX,2025-11-02,official-closed,not-session,not-session,0,covered,licensed-vendor,official-no-data,covered,unknown,licensed-vendor,disposal-and-attention-captured;lifecycle-and-fundamental-from-tej-licensed-vendor;suspension-inferred-from-price-absence;tpex-no-range-based-exright-endpoint
TWSE,2025-11-03,official-open,partial,supported,1320,covered,licensed-vendor,covered,covered,covered,licensed-vendor,blocked-only-by-vendor-dependency;disposal-and-attention-captured;lifecycle-and-fundamental-from-tej-licensed-vendor;suspension-inferred-from-price-absence
TPEX,2025-11-03,official-open,partial,partial,974,covered,licensed-vendor,covered,covered,unknown,licensed-vendor,disposal-and-attention-captured;lifecycle-and-fundamental-from-tej-licensed-vendor;suspension-inferred-from-price-absence;tpex-no-range-based-exright-endpoint
TWSE,2025-11-04,official-open,partial,supported,1321,covered,licensed-vendor,covered,covered,covered,licensed-vendor,blocked-only-by-vendor-dependency;disposal-and-attention-captured;lifecycle-and-fundamental-from-tej-licensed-vendor;suspension-inferred-from-price-absence
TPEX,2025-11-04,official-open,partial,partial,973,covered,licensed-vendor,covered,covered,unknown,licensed-vendor,disposal-and-attention-captured;lifecycle-and-fundamental-from-tej-licensed-vendor;suspension-inferred-from-price-absence;tpex-no-range-based-exright-endpoint
TWSE,2025-11-05,official-open,partial,supported,1322,covered,licensed-vendor,covered,covered,covered,licensed-vendor,blocked-only-by-vendor-dependency;disposal-and-attention-captured;lifecycle-and-fundamental-from-tej-licensed-vendor;suspension-inferred-from-price-absence
TPEX,2025-11-05,official-open,partial,partial,972,covered,licensed-vendor,covered,covered,unknown,licensed-vendor,disposal-and-attention-captured;lifecycle-and-fundamental-from-tej-licensed-vendor;suspension-inferred-from-price-absence;tpex-no-range-based-exright-endpoint
TWSE,2025-11-06,official-open,partial,supported,1321,covered,licensed-vendor,covered,covered,covered,licensed-vendor,blocked-only-by-vendor-dependency;disposal-and-attention-captured;lifecycle-and-fundamental-from-tej-licensed-vendor;suspension-inferred-from-price-absence
TPEX,2025-11-06,official-open,partial,partial,972,covered,licensed-vendor,covered,covered,unknown,licensed-vendor,disposal-and-attention-captured;lifecycle-and-fundamental-from-tej-licensed-vendor;suspension-inferred-from-price-absence;tpex-no-range-based-exright-endpoint
TWSE,2025-11-07,official-open,partial,supported,1321,covered,licensed-vendor,covered,covered,covered,licensed-vendor,blocked-only-by-vendor-dependency;disposal-and-attention-captured;lifecycle-and-fundamental-from-tej-licensed-vendor;suspension-inferred-from-price-absence
TPEX,2025-11-07,official-open,partial,partial,972,covered,licensed-vendor,covered,covered,unknown,licensed-vendor,disposal-and-attention-captured;lifecycle-and-fundamental-from-tej-licensed-vendor;suspension-inferred-from-price-absence;tpex-no-range-based-exright-endpoint
TWSE,2025-11-08,official-closed,not-session,not-session,0,covered,licensed-vendor,official-no-data,covered,covered,licensed-vendor,disposal-and-attention-captured;lifecycle-and-fundamental-from-tej-licensed-vendor;suspension-inferred-from-price-absence
TPEX,2025-11-08,official-closed,not-session,not-session,0,covered,licensed-vendor,official-no-data,covered,unknown,licensed-vendor,disposal-and-attention-captured;lifecycle-and-fundamental-from-tej-licensed-vendor;suspension-inferred-from-price-absence;tpex-no-range-based-exright-endpoint
TWSE,2025-11-09,official-closed,not-session,not-session,0,covered,licensed-vendor,official-no-data,covered,covered,licensed-vendor,disposal-and-attention-captured;lifecycle-and-fundamental-from-tej-licensed-vendor;suspension-inferred-from-price-absence
TPEX,2025-11-09,official-closed,not-session,not-session,0,covered,licensed-vendor,official-no-data,covered,unknown,licensed-vendor,disposal-and-attention-captured;lifecycle-and-fundamental-from-tej-licensed-vendor;suspension-inferred-from-price-absence;tpex-no-range-based-exright-endpoint
TWSE,2025-11-10,official-open,partial,supported,1321,covered,licensed-vendor,covered,covered,covered,licensed-vendor,blocked-only-by-vendor-dependency;disposal-and-attention-captured;lifecycle-and-fundamental-from-tej-licensed-vendor;suspension-inferred-from-price-absence
TPEX,2025-11-10,official-open,partial,partial,972,covered,licensed-vendor,covered,covered,unknown,licensed-vendor,disposal-and-attention-captured;lifecycle-and-fundamental-from-tej-licensed-vendor;suspension-inferred-from-price-absence;tpex-no-range-based-exright-endpoint
TWSE,2025-11-11,official-open,partial,supported,1321,covered,licensed-vendor,covered,covered,covered,licensed-vendor,blocked-only-by-vendor-dependency;disposal-and-attention-captured;lifecycle-and-fundamental-from-tej-licensed-vendor;suspension-inferred-from-price-absence
TPEX,2025-11-11,official-open,partial,partial,973,covered,licensed-vendor,covered,covered,unknown,licensed-vendor,disposal-and-attention-captured;lifecycle-and-fundamental-from-tej-licensed-vendor;suspension-inferred-from-price-absence;tpex-no-range-based-exright-endpoint
TWSE,2025-11-12,official-open,partial,supported,1321,covered,licensed-vendor,covered,covered,covered,licensed-vendor,blocked-only-by-vendor-dependency;disposal-and-attention-captured;lifecycle-and-fundamental-from-tej-licensed-vendor;suspension-inferred-from-price-absence
TPEX,2025-11-12,official-open,partial,partial,975,covered,licensed-vendor,covered,covered,unknown,licensed-vendor,disposal-and-attention-captured;lifecycle-and-fundamental-from-tej-licensed-vendor;suspension-inferred-from-price-absence;tpex-no-range-based-exright-endpoint
TWSE,2025-11-13,official-open,partial,supported,1319,covered,licensed-vendor,covered,covered,covered,licensed-vendor,blocked-only-by-vendor-dependency;disposal-and-attention-captured;lifecycle-and-fundamental-from-tej-licensed-vendor;suspension-inferred-from-price-absence
TPEX,2025-11-13,official-open,partial,partial,974,covered,licensed-vendor,covered,covered,unknown,licensed-vendor,disposal-and-attention-captured;lifecycle-and-fundamental-from-tej-licensed-vendor;suspension-inferred-from-price-absence;tpex-no-range-based-exright-endpoint
TWSE,2025-11-14,official-open,partial,supported,1319,covered,licensed-vendor,covered,covered,covered,licensed-vendor,blocked-only-by-vendor-dependency;disposal-and-attention-captured;lifecycle-and-fundamental-from-tej-licensed-vendor;suspension-inferred-from-price-absence
TPEX,2025-11-14,official-open,partial,partial,974,covered,licensed-vendor,covered,covered,unknown,licensed-vendor,disposal-and-attention-captured;lifecycle-and-fundamental-from-tej-licensed-vendor;suspension-inferred-from-price-absence;tpex-no-range-based-exright-endpoint
TWSE,2025-11-15,official-closed,not-session,not-session,0,covered,licensed-vendor,official-no-data,covered,covered,licensed-vendor,disposal-and-attention-captured;lifecycle-and-fundamental-from-tej-licensed-vendor;suspension-inferred-from-price-absence
TPEX,2025-11-15,official-closed,not-session,not-session,0,covered,licensed-vendor,official-no-data,covered,unknown,licensed-vendor,disposal-and-attention-captured;lifecycle-and-fundamental-from-tej-licensed-vendor;suspension-inferred-from-price-absence;tpex-no-range-based-exright-endpoint
TWSE,2025-11-16,official-closed,not-session,not-session,0,covered,licensed-vendor,official-no-data,covered,covered,licensed-vendor,disposal-and-attention-captured;lifecycle-and-fundamental-from-tej-licensed-vendor;suspension-inferred-from-price-absence
TPEX,2025-11-16,official-closed,not-session,not-session,0,covered,licensed-vendor,official-no-data,covered,unknown,licensed-vendor,disposal-and-attention-captured;lifecycle-and-fundamental-from-tej-licensed-vendor;suspension-inferred-from-price-absence;tpex-no-range-based-exright-endpoint
TWSE,2025-11-17,official-open,partial,supported,1320,covered,licensed-vendor,covered,covered,covered,licensed-vendor,blocked-only-by-vendor-dependency;disposal-and-attention-captured;lifecycle-and-fundamental-from-tej-licensed-vendor;suspension-inferred-from-price-absence
TPEX,2025-11-17,official-open,partial,partial,976,covered,licensed-vendor,covered,covered,unknown,licensed-vendor,disposal-and-attention-captured;lifecycle-and-fundamental-from-tej-licensed-vendor;suspension-inferred-from-price-absence;tpex-no-range-based-exright-endpoint
TWSE,2025-11-18,official-open,partial,supported,1321,covered,licensed-vendor,covered,covered,covered,licensed-vendor,blocked-only-by-vendor-dependency;disposal-and-attention-captured;lifecycle-and-fundamental-from-tej-licensed-vendor;suspension-inferred-from-price-absence
TPEX,2025-11-18,official-open,partial,partial,976,covered,licensed-vendor,covered,covered,unknown,licensed-vendor,disposal-and-attention-captured;lifecycle-and-fundamental-from-tej-licensed-vendor;suspension-inferred-from-price-absence;tpex-no-range-based-exright-endpoint
TWSE,2025-11-19,official-open,partial,supported,1321,covered,licensed-vendor,covered,covered,covered,licensed-vendor,blocked-only-by-vendor-dependency;disposal-and-attention-captured;lifecycle-and-fundamental-from-tej-licensed-vendor;suspension-inferred-from-price-absence
TPEX,2025-11-19,official-open,partial,partial,976,covered,licensed-vendor,covered,covered,unknown,licensed-vendor,disposal-and-attention-captured;lifecycle-and-fundamental-from-tej-licensed-vendor;suspension-inferred-from-price-absence;tpex-no-range-based-exright-endpoint
TWSE,2025-11-20,official-open,partial,supported,1321,covered,licensed-vendor,covered,covered,covered,licensed-vendor,blocked-only-by-vendor-dependency;disposal-and-attention-captured;lifecycle-and-fundamental-from-tej-licensed-vendor;suspension-inferred-from-price-absence
TPEX,2025-11-20,official-open,partial,partial,976,covered,licensed-vendor,covered,covered,unknown,licensed-vendor,disposal-and-attention-captured;lifecycle-and-fundamental-from-tej-licensed-vendor;suspension-inferred-from-price-absence;tpex-no-range-based-exright-endpoint
TWSE,2025-11-21,official-open,partial,supported,1321,covered,licensed-vendor,covered,covered,covered,licensed-vendor,blocked-only-by-vendor-dependency;disposal-and-attention-captured;lifecycle-and-fundamental-from-tej-licensed-vendor;suspension-inferred-from-price-absence
TPEX,2025-11-21,official-open,partial,partial,976,covered,licensed-vendor,covered,covered,unknown,licensed-vendor,disposal-and-attention-captured;lifecycle-and-fundamental-from-tej-licensed-vendor;suspension-inferred-from-price-absence;tpex-no-range-based-exright-endpoint
TWSE,2025-11-22,official-closed,not-session,not-session,0,covered,licensed-vendor,official-no-data,covered,covered,licensed-vendor,disposal-and-attention-captured;lifecycle-and-fundamental-from-tej-licensed-vendor;suspension-inferred-from-price-absence
TPEX,2025-11-22,official-closed,not-session,not-session,0,covered,licensed-vendor,official-no-data,covered,unknown,licensed-vendor,disposal-and-attention-captured;lifecycle-and-fundamental-from-tej-licensed-vendor;suspension-inferred-from-price-absence;tpex-no-range-based-exright-endpoint
TWSE,2025-11-23,official-closed,not-session,not-session,0,covered,licensed-vendor,official-no-data,covered,covered,licensed-vendor,disposal-and-attention-captured;lifecycle-and-fundamental-from-tej-licensed-vendor;suspension-inferred-from-price-absence
TPEX,2025-11-23,official-closed,not-session,not-session,0,covered,licensed-vendor,official-no-data,covered,unknown,licensed-vendor,disposal-and-attention-captured;lifecycle-and-fundamental-from-tej-licensed-vendor;suspension-inferred-from-price-absence;tpex-no-range-based-exright-endpoint
TWSE,2025-11-24,official-open,partial,supported,1323,covered,licensed-vendor,covered,covered,covered,licensed-vendor,blocked-only-by-vendor-dependency;disposal-and-attention-captured;lifecycle-and-fundamental-from-tej-licensed-vendor;suspension-inferred-from-price-absence
TPEX,2025-11-24,official-open,partial,partial,977,covered,licensed-vendor,covered,covered,unknown,licensed-vendor,disposal-and-attention-captured;lifecycle-and-fundamental-from-tej-licensed-vendor;suspension-inferred-from-price-absence;tpex-no-range-based-exright-endpoint
TWSE,2025-11-25,official-open,partial,supported,1325,covered,licensed-vendor,covered,covered,covered,licensed-vendor,blocked-only-by-vendor-dependency;disposal-and-attention-captured;lifecycle-and-fundamental-from-tej-licensed-vendor;suspension-inferred-from-price-absence
TPEX,2025-11-25,official-open,partial,partial,978,covered,licensed-vendor,covered,covered,unknown,licensed-vendor,disposal-and-attention-captured;lifecycle-and-fundamental-from-tej-licensed-vendor;suspension-inferred-from-price-absence;tpex-no-range-based-exright-endpoint
TWSE,2025-11-26,official-open,partial,supported,1326,covered,licensed-vendor,covered,covered,covered,licensed-vendor,blocked-only-by-vendor-dependency;disposal-and-attention-captured;lifecycle-and-fundamental-from-tej-licensed-vendor;suspension-inferred-from-price-absence
TPEX,2025-11-26,official-open,partial,partial,978,covered,licensed-vendor,covered,covered,unknown,licensed-vendor,disposal-and-attention-captured;lifecycle-and-fundamental-from-tej-licensed-vendor;suspension-inferred-from-price-absence;tpex-no-range-based-exright-endpoint
TWSE,2025-11-27,official-open,partial,supported,1326,covered,licensed-vendor,covered,covered,covered,licensed-vendor,blocked-only-by-vendor-dependency;disposal-and-attention-captured;lifecycle-and-fundamental-from-tej-licensed-vendor;suspension-inferred-from-price-absence
TPEX,2025-11-27,official-open,partial,partial,978,covered,licensed-vendor,covered,covered,unknown,licensed-vendor,disposal-and-attention-captured;lifecycle-and-fundamental-from-tej-licensed-vendor;suspension-inferred-from-price-absence;tpex-no-range-based-exright-endpoint
TWSE,2025-11-28,official-open,partial,supported,1326,covered,licensed-vendor,covered,covered,covered,licensed-vendor,blocked-only-by-vendor-dependency;disposal-and-attention-captured;lifecycle-and-fundamental-from-tej-licensed-vendor;suspension-inferred-from-price-absence
TPEX,2025-11-28,official-open,partial,partial,978,covered,licensed-vendor,covered,covered,unknown,licensed-vendor,disposal-and-attention-captured;lifecycle-and-fundamental-from-tej-licensed-vendor;suspension-inferred-from-price-absence;tpex-no-range-based-exright-endpoint
TWSE,2025-11-29,official-closed,not-session,not-session,0,covered,licensed-vendor,official-no-data,covered,covered,licensed-vendor,disposal-and-attention-captured;lifecycle-and-fundamental-from-tej-licensed-vendor;suspension-inferred-from-price-absence
TPEX,2025-11-29,official-closed,not-session,not-session,0,covered,licensed-vendor,official-no-data,covered,unknown,licensed-vendor,disposal-and-attention-captured;lifecycle-and-fundamental-from-tej-licensed-vendor;suspension-inferred-from-price-absence;tpex-no-range-based-exright-endpoint
TWSE,2025-11-30,official-closed,not-session,not-session,0,covered,licensed-vendor,official-no-data,covered,covered,licensed-vendor,disposal-and-attention-captured;lifecycle-and-fundamental-from-tej-licensed-vendor;suspension-inferred-from-price-absence
TPEX,2025-11-30,official-closed,not-session,not-session,0,covered,licensed-vendor,official-no-data,covered,unknown,licensed-vendor,disposal-and-attention-captured;lifecycle-and-fundamental-from-tej-licensed-vendor;suspension-inferred-from-price-absence;tpex-no-range-based-exright-endpoint
TWSE,2025-12-01,official-open,partial,supported,1326,covered,licensed-vendor,covered,covered,covered,licensed-vendor,blocked-only-by-vendor-dependency;disposal-and-attention-captured;lifecycle-and-fundamental-from-tej-licensed-vendor;suspension-inferred-from-price-absence
TPEX,2025-12-01,official-open,partial,partial,978,covered,licensed-vendor,covered,covered,unknown,licensed-vendor,disposal-and-attention-captured;lifecycle-and-fundamental-from-tej-licensed-vendor;suspension-inferred-from-price-absence;tpex-no-range-based-exright-endpoint
TWSE,2025-12-02,official-open,partial,supported,1326,covered,licensed-vendor,covered,covered,covered,licensed-vendor,blocked-only-by-vendor-dependency;disposal-and-attention-captured;lifecycle-and-fundamental-from-tej-licensed-vendor;suspension-inferred-from-price-absence
TPEX,2025-12-02,official-open,partial,partial,978,covered,licensed-vendor,covered,covered,unknown,licensed-vendor,disposal-and-attention-captured;lifecycle-and-fundamental-from-tej-licensed-vendor;suspension-inferred-from-price-absence;tpex-no-range-based-exright-endpoint
TWSE,2025-12-03,official-open,partial,supported,1324,covered,licensed-vendor,covered,covered,covered,licensed-vendor,blocked-only-by-vendor-dependency;disposal-and-attention-captured;lifecycle-and-fundamental-from-tej-licensed-vendor;suspension-inferred-from-price-absence
TPEX,2025-12-03,official-open,partial,partial,978,covered,licensed-vendor,covered,covered,unknown,licensed-vendor,disposal-and-attention-captured;lifecycle-and-fundamental-from-tej-licensed-vendor;suspension-inferred-from-price-absence;tpex-no-range-based-exright-endpoint
TWSE,2025-12-04,official-open,partial,supported,1324,covered,licensed-vendor,covered,covered,covered,licensed-vendor,blocked-only-by-vendor-dependency;disposal-and-attention-captured;lifecycle-and-fundamental-from-tej-licensed-vendor;suspension-inferred-from-price-absence
TPEX,2025-12-04,official-open,partial,partial,978,covered,licensed-vendor,covered,covered,unknown,licensed-vendor,disposal-and-attention-captured;lifecycle-and-fundamental-from-tej-licensed-vendor;suspension-inferred-from-price-absence;tpex-no-range-based-exright-endpoint
TWSE,2025-12-05,official-open,partial,supported,1324,covered,licensed-vendor,covered,covered,covered,licensed-vendor,blocked-only-by-vendor-dependency;disposal-and-attention-captured;lifecycle-and-fundamental-from-tej-licensed-vendor;suspension-inferred-from-price-absence
TPEX,2025-12-05,official-open,partial,partial,977,covered,licensed-vendor,covered,covered,unknown,licensed-vendor,disposal-and-attention-captured;lifecycle-and-fundamental-from-tej-licensed-vendor;suspension-inferred-from-price-absence;tpex-no-range-based-exright-endpoint
TWSE,2025-12-06,official-closed,not-session,not-session,0,covered,licensed-vendor,official-no-data,covered,covered,licensed-vendor,disposal-and-attention-captured;lifecycle-and-fundamental-from-tej-licensed-vendor;suspension-inferred-from-price-absence
TPEX,2025-12-06,official-closed,not-session,not-session,0,covered,licensed-vendor,official-no-data,covered,unknown,licensed-vendor,disposal-and-attention-captured;lifecycle-and-fundamental-from-tej-licensed-vendor;suspension-inferred-from-price-absence;tpex-no-range-based-exright-endpoint
TWSE,2025-12-07,official-closed,not-session,not-session,0,covered,licensed-vendor,official-no-data,covered,covered,licensed-vendor,disposal-and-attention-captured;lifecycle-and-fundamental-from-tej-licensed-vendor;suspension-inferred-from-price-absence
TPEX,2025-12-07,official-closed,not-session,not-session,0,covered,licensed-vendor,official-no-data,covered,unknown,licensed-vendor,disposal-and-attention-captured;lifecycle-and-fundamental-from-tej-licensed-vendor;suspension-inferred-from-price-absence;tpex-no-range-based-exright-endpoint
TWSE,2025-12-08,official-open,partial,supported,1325,covered,licensed-vendor,covered,covered,covered,licensed-vendor,blocked-only-by-vendor-dependency;disposal-and-attention-captured;lifecycle-and-fundamental-from-tej-licensed-vendor;suspension-inferred-from-price-absence
TPEX,2025-12-08,official-open,partial,partial,977,covered,licensed-vendor,covered,covered,unknown,licensed-vendor,disposal-and-attention-captured;lifecycle-and-fundamental-from-tej-licensed-vendor;suspension-inferred-from-price-absence;tpex-no-range-based-exright-endpoint
TWSE,2025-12-09,official-open,partial,supported,1325,covered,licensed-vendor,covered,covered,covered,licensed-vendor,blocked-only-by-vendor-dependency;disposal-and-attention-captured;lifecycle-and-fundamental-from-tej-licensed-vendor;suspension-inferred-from-price-absence
TPEX,2025-12-09,official-open,partial,partial,977,covered,licensed-vendor,covered,covered,unknown,licensed-vendor,disposal-and-attention-captured;lifecycle-and-fundamental-from-tej-licensed-vendor;suspension-inferred-from-price-absence;tpex-no-range-based-exright-endpoint
TWSE,2025-12-10,official-open,partial,supported,1326,covered,licensed-vendor,covered,covered,covered,licensed-vendor,blocked-only-by-vendor-dependency;disposal-and-attention-captured;lifecycle-and-fundamental-from-tej-licensed-vendor;suspension-inferred-from-price-absence
TPEX,2025-12-10,official-open,partial,partial,980,covered,licensed-vendor,covered,covered,unknown,licensed-vendor,disposal-and-attention-captured;lifecycle-and-fundamental-from-tej-licensed-vendor;suspension-inferred-from-price-absence;tpex-no-range-based-exright-endpoint
TWSE,2025-12-11,official-open,partial,supported,1325,covered,licensed-vendor,covered,covered,covered,licensed-vendor,blocked-only-by-vendor-dependency;disposal-and-attention-captured;lifecycle-and-fundamental-from-tej-licensed-vendor;suspension-inferred-from-price-absence
TPEX,2025-12-11,official-open,partial,partial,981,covered,licensed-vendor,covered,covered,unknown,licensed-vendor,disposal-and-attention-captured;lifecycle-and-fundamental-from-tej-licensed-vendor;suspension-inferred-from-price-absence;tpex-no-range-based-exright-endpoint
TWSE,2025-12-12,official-open,partial,supported,1325,covered,licensed-vendor,covered,covered,covered,licensed-vendor,blocked-only-by-vendor-dependency;disposal-and-attention-captured;lifecycle-and-fundamental-from-tej-licensed-vendor;suspension-inferred-from-price-absence
TPEX,2025-12-12,official-open,partial,partial,981,covered,licensed-vendor,covered,covered,unknown,licensed-vendor,disposal-and-attention-captured;lifecycle-and-fundamental-from-tej-licensed-vendor;suspension-inferred-from-price-absence;tpex-no-range-based-exright-endpoint
TWSE,2025-12-13,official-closed,not-session,not-session,0,covered,licensed-vendor,official-no-data,covered,covered,licensed-vendor,disposal-and-attention-captured;lifecycle-and-fundamental-from-tej-licensed-vendor;suspension-inferred-from-price-absence
TPEX,2025-12-13,official-closed,not-session,not-session,0,covered,licensed-vendor,official-no-data,covered,unknown,licensed-vendor,disposal-and-attention-captured;lifecycle-and-fundamental-from-tej-licensed-vendor;suspension-inferred-from-price-absence;tpex-no-range-based-exright-endpoint
TWSE,2025-12-14,official-closed,not-session,not-session,0,covered,licensed-vendor,official-no-data,covered,covered,licensed-vendor,disposal-and-attention-captured;lifecycle-and-fundamental-from-tej-licensed-vendor;suspension-inferred-from-price-absence
TPEX,2025-12-14,official-closed,not-session,not-session,0,covered,licensed-vendor,official-no-data,covered,unknown,licensed-vendor,disposal-and-attention-captured;lifecycle-and-fundamental-from-tej-licensed-vendor;suspension-inferred-from-price-absence;tpex-no-range-based-exright-endpoint
TWSE,2025-12-15,official-open,partial,supported,1325,covered,licensed-vendor,covered,covered,covered,licensed-vendor,blocked-only-by-vendor-dependency;disposal-and-attention-captured;lifecycle-and-fundamental-from-tej-licensed-vendor;suspension-inferred-from-price-absence
TPEX,2025-12-15,official-open,partial,partial,981,covered,licensed-vendor,covered,covered,unknown,licensed-vendor,disposal-and-attention-captured;lifecycle-and-fundamental-from-tej-licensed-vendor;suspension-inferred-from-price-absence;tpex-no-range-based-exright-endpoint
TWSE,2025-12-16,official-open,partial,supported,1325,covered,licensed-vendor,covered,covered,covered,licensed-vendor,blocked-only-by-vendor-dependency;disposal-and-attention-captured;lifecycle-and-fundamental-from-tej-licensed-vendor;suspension-inferred-from-price-absence
TPEX,2025-12-16,official-open,partial,partial,981,covered,licensed-vendor,covered,covered,unknown,licensed-vendor,disposal-and-attention-captured;lifecycle-and-fundamental-from-tej-licensed-vendor;suspension-inferred-from-price-absence;tpex-no-range-based-exright-endpoint
TWSE,2025-12-17,official-open,partial,supported,1325,covered,licensed-vendor,covered,covered,covered,licensed-vendor,blocked-only-by-vendor-dependency;disposal-and-attention-captured;lifecycle-and-fundamental-from-tej-licensed-vendor;suspension-inferred-from-price-absence
TPEX,2025-12-17,official-open,partial,partial,982,covered,licensed-vendor,covered,covered,unknown,licensed-vendor,disposal-and-attention-captured;lifecycle-and-fundamental-from-tej-licensed-vendor;suspension-inferred-from-price-absence;tpex-no-range-based-exright-endpoint
TWSE,2025-12-18,official-open,partial,supported,1326,covered,licensed-vendor,covered,covered,covered,licensed-vendor,blocked-only-by-vendor-dependency;disposal-and-attention-captured;lifecycle-and-fundamental-from-tej-licensed-vendor;suspension-inferred-from-price-absence
TPEX,2025-12-18,official-open,partial,partial,981,covered,licensed-vendor,covered,covered,unknown,licensed-vendor,disposal-and-attention-captured;lifecycle-and-fundamental-from-tej-licensed-vendor;suspension-inferred-from-price-absence;tpex-no-range-based-exright-endpoint
TWSE,2025-12-19,official-open,partial,supported,1326,covered,licensed-vendor,covered,covered,covered,licensed-vendor,blocked-only-by-vendor-dependency;disposal-and-attention-captured;lifecycle-and-fundamental-from-tej-licensed-vendor;suspension-inferred-from-price-absence
TPEX,2025-12-19,official-open,partial,partial,982,covered,licensed-vendor,covered,covered,unknown,licensed-vendor,disposal-and-attention-captured;lifecycle-and-fundamental-from-tej-licensed-vendor;suspension-inferred-from-price-absence;tpex-no-range-based-exright-endpoint
TWSE,2025-12-20,official-closed,not-session,not-session,0,covered,licensed-vendor,official-no-data,covered,covered,licensed-vendor,disposal-and-attention-captured;lifecycle-and-fundamental-from-tej-licensed-vendor;suspension-inferred-from-price-absence
TPEX,2025-12-20,official-closed,not-session,not-session,0,covered,licensed-vendor,official-no-data,covered,unknown,licensed-vendor,disposal-and-attention-captured;lifecycle-and-fundamental-from-tej-licensed-vendor;suspension-inferred-from-price-absence;tpex-no-range-based-exright-endpoint
TWSE,2025-12-21,official-closed,not-session,not-session,0,covered,licensed-vendor,official-no-data,covered,covered,licensed-vendor,disposal-and-attention-captured;lifecycle-and-fundamental-from-tej-licensed-vendor;suspension-inferred-from-price-absence
TPEX,2025-12-21,official-closed,not-session,not-session,0,covered,licensed-vendor,official-no-data,covered,unknown,licensed-vendor,disposal-and-attention-captured;lifecycle-and-fundamental-from-tej-licensed-vendor;suspension-inferred-from-price-absence;tpex-no-range-based-exright-endpoint
TWSE,2025-12-22,official-open,partial,supported,1329,covered,licensed-vendor,covered,covered,covered,licensed-vendor,blocked-only-by-vendor-dependency;disposal-and-attention-captured;lifecycle-and-fundamental-from-tej-licensed-vendor;suspension-inferred-from-price-absence
TPEX,2025-12-22,official-open,partial,partial,985,covered,licensed-vendor,covered,covered,unknown,licensed-vendor,disposal-and-attention-captured;lifecycle-and-fundamental-from-tej-licensed-vendor;suspension-inferred-from-price-absence;tpex-no-range-based-exright-endpoint
TWSE,2025-12-23,official-open,partial,supported,1330,covered,licensed-vendor,covered,covered,covered,licensed-vendor,blocked-only-by-vendor-dependency;disposal-and-attention-captured;lifecycle-and-fundamental-from-tej-licensed-vendor;suspension-inferred-from-price-absence
TPEX,2025-12-23,official-open,partial,partial,987,covered,licensed-vendor,covered,covered,unknown,licensed-vendor,disposal-and-attention-captured;lifecycle-and-fundamental-from-tej-licensed-vendor;suspension-inferred-from-price-absence;tpex-no-range-based-exright-endpoint
TWSE,2025-12-24,official-open,partial,supported,1330,covered,licensed-vendor,covered,covered,covered,licensed-vendor,blocked-only-by-vendor-dependency;disposal-and-attention-captured;lifecycle-and-fundamental-from-tej-licensed-vendor;suspension-inferred-from-price-absence
TPEX,2025-12-24,official-open,partial,partial,987,covered,licensed-vendor,covered,covered,unknown,licensed-vendor,disposal-and-attention-captured;lifecycle-and-fundamental-from-tej-licensed-vendor;suspension-inferred-from-price-absence;tpex-no-range-based-exright-endpoint
TWSE,2025-12-25,official-closed,not-session,not-session,0,covered,licensed-vendor,official-no-data,covered,covered,licensed-vendor,disposal-and-attention-captured;lifecycle-and-fundamental-from-tej-licensed-vendor;suspension-inferred-from-price-absence
TPEX,2025-12-25,official-closed,not-session,not-session,0,covered,licensed-vendor,official-no-data,covered,unknown,licensed-vendor,disposal-and-attention-captured;lifecycle-and-fundamental-from-tej-licensed-vendor;suspension-inferred-from-price-absence;tpex-no-range-based-exright-endpoint
TWSE,2025-12-26,official-open,partial,supported,1331,covered,licensed-vendor,covered,covered,covered,licensed-vendor,blocked-only-by-vendor-dependency;disposal-and-attention-captured;lifecycle-and-fundamental-from-tej-licensed-vendor;suspension-inferred-from-price-absence
TPEX,2025-12-26,official-open,partial,partial,986,covered,licensed-vendor,covered,covered,unknown,licensed-vendor,disposal-and-attention-captured;lifecycle-and-fundamental-from-tej-licensed-vendor;suspension-inferred-from-price-absence;tpex-no-range-based-exright-endpoint
TWSE,2025-12-27,official-closed,not-session,not-session,0,covered,licensed-vendor,official-no-data,covered,covered,licensed-vendor,disposal-and-attention-captured;lifecycle-and-fundamental-from-tej-licensed-vendor;suspension-inferred-from-price-absence
TPEX,2025-12-27,official-closed,not-session,not-session,0,covered,licensed-vendor,official-no-data,covered,unknown,licensed-vendor,disposal-and-attention-captured;lifecycle-and-fundamental-from-tej-licensed-vendor;suspension-inferred-from-price-absence;tpex-no-range-based-exright-endpoint
TWSE,2025-12-28,official-closed,not-session,not-session,0,covered,licensed-vendor,official-no-data,covered,covered,licensed-vendor,disposal-and-attention-captured;lifecycle-and-fundamental-from-tej-licensed-vendor;suspension-inferred-from-price-absence
TPEX,2025-12-28,official-closed,not-session,not-session,0,covered,licensed-vendor,official-no-data,covered,unknown,licensed-vendor,disposal-and-attention-captured;lifecycle-and-fundamental-from-tej-licensed-vendor;suspension-inferred-from-price-absence;tpex-no-range-based-exright-endpoint
TWSE,2025-12-29,official-open,partial,supported,1331,covered,licensed-vendor,covered,covered,covered,licensed-vendor,blocked-only-by-vendor-dependency;disposal-and-attention-captured;lifecycle-and-fundamental-from-tej-licensed-vendor;suspension-inferred-from-price-absence
TPEX,2025-12-29,official-open,partial,partial,987,covered,licensed-vendor,covered,covered,unknown,licensed-vendor,disposal-and-attention-captured;lifecycle-and-fundamental-from-tej-licensed-vendor;suspension-inferred-from-price-absence;tpex-no-range-based-exright-endpoint
TWSE,2025-12-30,official-open,partial,supported,1333,covered,licensed-vendor,covered,covered,covered,licensed-vendor,blocked-only-by-vendor-dependency;disposal-and-attention-captured;lifecycle-and-fundamental-from-tej-licensed-vendor;suspension-inferred-from-price-absence
TPEX,2025-12-30,official-open,partial,partial,988,covered,licensed-vendor,covered,covered,unknown,licensed-vendor,disposal-and-attention-captured;lifecycle-and-fundamental-from-tej-licensed-vendor;suspension-inferred-from-price-absence;tpex-no-range-based-exright-endpoint
TWSE,2025-12-31,official-open,partial,supported,1332,covered,licensed-vendor,covered,covered,covered,licensed-vendor,blocked-only-by-vendor-dependency;disposal-and-attention-captured;lifecycle-and-fundamental-from-tej-licensed-vendor;suspension-inferred-from-price-absence
TPEX,2025-12-31,official-open,partial,partial,987,covered,licensed-vendor,covered,covered,unknown,licensed-vendor,disposal-and-attention-captured;lifecycle-and-fundamental-from-tej-licensed-vendor;suspension-inferred-from-price-absence;tpex-no-range-based-exright-endpoint
TWSE,2026-01-01,official-closed,not-session,not-session,0,covered,licensed-vendor,official-no-data,covered,covered,licensed-vendor,disposal-and-attention-captured;lifecycle-and-fundamental-from-tej-licensed-vendor;suspension-inferred-from-price-absence
TPEX,2026-01-01,official-closed,not-session,not-session,0,covered,licensed-vendor,official-no-data,covered,unknown,licensed-vendor,disposal-and-attention-captured;lifecycle-and-fundamental-from-tej-licensed-vendor;suspension-inferred-from-price-absence;tpex-no-range-based-exright-endpoint
TWSE,2026-01-02,official-open,partial,supported,1332,covered,licensed-vendor,covered,covered,covered,licensed-vendor,blocked-only-by-vendor-dependency;disposal-and-attention-captured;lifecycle-and-fundamental-from-tej-licensed-vendor;suspension-inferred-from-price-absence
TPEX,2026-01-02,official-open,partial,partial,987,covered,licensed-vendor,covered,covered,unknown,licensed-vendor,disposal-and-attention-captured;lifecycle-and-fundamental-from-tej-licensed-vendor;suspension-inferred-from-price-absence;tpex-no-range-based-exright-endpoint
TWSE,2026-01-03,official-closed,not-session,not-session,0,covered,licensed-vendor,official-no-data,covered,covered,licensed-vendor,disposal-and-attention-captured;lifecycle-and-fundamental-from-tej-licensed-vendor;suspension-inferred-from-price-absence
TPEX,2026-01-03,official-closed,not-session,not-session,0,covered,licensed-vendor,official-no-data,covered,unknown,licensed-vendor,disposal-and-attention-captured;lifecycle-and-fundamental-from-tej-licensed-vendor;suspension-inferred-from-price-absence;tpex-no-range-based-exright-endpoint
TWSE,2026-01-04,official-closed,not-session,not-session,0,covered,licensed-vendor,official-no-data,covered,covered,licensed-vendor,disposal-and-attention-captured;lifecycle-and-fundamental-from-tej-licensed-vendor;suspension-inferred-from-price-absence
TPEX,2026-01-04,official-closed,not-session,not-session,0,covered,licensed-vendor,official-no-data,covered,unknown,licensed-vendor,disposal-and-attention-captured;lifecycle-and-fundamental-from-tej-licensed-vendor;suspension-inferred-from-price-absence;tpex-no-range-based-exright-endpoint
TWSE,2026-01-05,official-open,partial,supported,1332,covered,licensed-vendor,covered,covered,covered,licensed-vendor,blocked-only-by-vendor-dependency;disposal-and-attention-captured;lifecycle-and-fundamental-from-tej-licensed-vendor;suspension-inferred-from-price-absence
TPEX,2026-01-05,official-open,partial,partial,987,covered,licensed-vendor,covered,covered,unknown,licensed-vendor,disposal-and-attention-captured;lifecycle-and-fundamental-from-tej-licensed-vendor;suspension-inferred-from-price-absence;tpex-no-range-based-exright-endpoint
TWSE,2026-01-06,official-open,partial,supported,1332,covered,licensed-vendor,covered,covered,covered,licensed-vendor,blocked-only-by-vendor-dependency;disposal-and-attention-captured;lifecycle-and-fundamental-from-tej-licensed-vendor;suspension-inferred-from-price-absence
TPEX,2026-01-06,official-open,partial,partial,987,covered,licensed-vendor,covered,covered,unknown,licensed-vendor,disposal-and-attention-captured;lifecycle-and-fundamental-from-tej-licensed-vendor;suspension-inferred-from-price-absence;tpex-no-range-based-exright-endpoint
TWSE,2026-01-07,official-open,partial,supported,1334,covered,licensed-vendor,covered,covered,covered,licensed-vendor,blocked-only-by-vendor-dependency;disposal-and-attention-captured;lifecycle-and-fundamental-from-tej-licensed-vendor;suspension-inferred-from-price-absence
TPEX,2026-01-07,official-open,partial,partial,987,covered,licensed-vendor,covered,covered,unknown,licensed-vendor,disposal-and-attention-captured;lifecycle-and-fundamental-from-tej-licensed-vendor;suspension-inferred-from-price-absence;tpex-no-range-based-exright-endpoint
TWSE,2026-01-08,official-open,partial,supported,1334,covered,licensed-vendor,covered,covered,covered,licensed-vendor,blocked-only-by-vendor-dependency;disposal-and-attention-captured;lifecycle-and-fundamental-from-tej-licensed-vendor;suspension-inferred-from-price-absence
TPEX,2026-01-08,official-open,partial,partial,987,covered,licensed-vendor,covered,covered,unknown,licensed-vendor,disposal-and-attention-captured;lifecycle-and-fundamental-from-tej-licensed-vendor;suspension-inferred-from-price-absence;tpex-no-range-based-exright-endpoint
TWSE,2026-01-09,official-open,partial,supported,1333,covered,licensed-vendor,covered,covered,covered,licensed-vendor,blocked-only-by-vendor-dependency;disposal-and-attention-captured;lifecycle-and-fundamental-from-tej-licensed-vendor;suspension-inferred-from-price-absence
TPEX,2026-01-09,official-open,partial,partial,987,covered,licensed-vendor,covered,covered,unknown,licensed-vendor,disposal-and-attention-captured;lifecycle-and-fundamental-from-tej-licensed-vendor;suspension-inferred-from-price-absence;tpex-no-range-based-exright-endpoint
TWSE,2026-01-10,official-closed,not-session,not-session,0,covered,licensed-vendor,official-no-data,covered,covered,licensed-vendor,disposal-and-attention-captured;lifecycle-and-fundamental-from-tej-licensed-vendor;suspension-inferred-from-price-absence
TPEX,2026-01-10,official-closed,not-session,not-session,0,covered,licensed-vendor,official-no-data,covered,unknown,licensed-vendor,disposal-and-attention-captured;lifecycle-and-fundamental-from-tej-licensed-vendor;suspension-inferred-from-price-absence;tpex-no-range-based-exright-endpoint
TWSE,2026-01-11,official-closed,not-session,not-session,0,covered,licensed-vendor,official-no-data,covered,covered,licensed-vendor,disposal-and-attention-captured;lifecycle-and-fundamental-from-tej-licensed-vendor;suspension-inferred-from-price-absence
TPEX,2026-01-11,official-closed,not-session,not-session,0,covered,licensed-vendor,official-no-data,covered,unknown,licensed-vendor,disposal-and-attention-captured;lifecycle-and-fundamental-from-tej-licensed-vendor;suspension-inferred-from-price-absence;tpex-no-range-based-exright-endpoint
TWSE,2026-01-12,official-open,partial,supported,1334,covered,licensed-vendor,covered,covered,covered,licensed-vendor,blocked-only-by-vendor-dependency;disposal-and-attention-captured;lifecycle-and-fundamental-from-tej-licensed-vendor;suspension-inferred-from-price-absence
TPEX,2026-01-12,official-open,partial,partial,988,covered,licensed-vendor,covered,covered,unknown,licensed-vendor,disposal-and-attention-captured;lifecycle-and-fundamental-from-tej-licensed-vendor;suspension-inferred-from-price-absence;tpex-no-range-based-exright-endpoint
TWSE,2026-01-13,official-open,partial,supported,1334,covered,licensed-vendor,covered,covered,covered,licensed-vendor,blocked-only-by-vendor-dependency;disposal-and-attention-captured;lifecycle-and-fundamental-from-tej-licensed-vendor;suspension-inferred-from-price-absence
TPEX,2026-01-13,official-open,partial,partial,988,covered,licensed-vendor,covered,covered,unknown,licensed-vendor,disposal-and-attention-captured;lifecycle-and-fundamental-from-tej-licensed-vendor;suspension-inferred-from-price-absence;tpex-no-range-based-exright-endpoint
TWSE,2026-01-14,official-open,partial,supported,1334,covered,licensed-vendor,covered,covered,covered,licensed-vendor,blocked-only-by-vendor-dependency;disposal-and-attention-captured;lifecycle-and-fundamental-from-tej-licensed-vendor;suspension-inferred-from-price-absence
TPEX,2026-01-14,official-open,partial,partial,988,covered,licensed-vendor,covered,covered,unknown,licensed-vendor,disposal-and-attention-captured;lifecycle-and-fundamental-from-tej-licensed-vendor;suspension-inferred-from-price-absence;tpex-no-range-based-exright-endpoint
TWSE,2026-01-15,official-open,partial,supported,1334,covered,licensed-vendor,covered,covered,covered,licensed-vendor,blocked-only-by-vendor-dependency;disposal-and-attention-captured;lifecycle-and-fundamental-from-tej-licensed-vendor;suspension-inferred-from-price-absence
TPEX,2026-01-15,official-open,partial,partial,988,covered,licensed-vendor,covered,covered,unknown,licensed-vendor,disposal-and-attention-captured;lifecycle-and-fundamental-from-tej-licensed-vendor;suspension-inferred-from-price-absence;tpex-no-range-based-exright-endpoint
TWSE,2026-01-16,official-open,partial,supported,1336,covered,licensed-vendor,covered,covered,covered,licensed-vendor,blocked-only-by-vendor-dependency;disposal-and-attention-captured;lifecycle-and-fundamental-from-tej-licensed-vendor;suspension-inferred-from-price-absence
TPEX,2026-01-16,official-open,partial,partial,988,covered,licensed-vendor,covered,covered,unknown,licensed-vendor,disposal-and-attention-captured;lifecycle-and-fundamental-from-tej-licensed-vendor;suspension-inferred-from-price-absence;tpex-no-range-based-exright-endpoint
TWSE,2026-01-17,official-closed,not-session,not-session,0,covered,licensed-vendor,official-no-data,covered,covered,licensed-vendor,disposal-and-attention-captured;lifecycle-and-fundamental-from-tej-licensed-vendor;suspension-inferred-from-price-absence
TPEX,2026-01-17,official-closed,not-session,not-session,0,covered,licensed-vendor,official-no-data,covered,unknown,licensed-vendor,disposal-and-attention-captured;lifecycle-and-fundamental-from-tej-licensed-vendor;suspension-inferred-from-price-absence;tpex-no-range-based-exright-endpoint
TWSE,2026-01-18,official-closed,not-session,not-session,0,covered,licensed-vendor,official-no-data,covered,covered,licensed-vendor,disposal-and-attention-captured;lifecycle-and-fundamental-from-tej-licensed-vendor;suspension-inferred-from-price-absence
TPEX,2026-01-18,official-closed,not-session,not-session,0,covered,licensed-vendor,official-no-data,covered,unknown,licensed-vendor,disposal-and-attention-captured;lifecycle-and-fundamental-from-tej-licensed-vendor;suspension-inferred-from-price-absence;tpex-no-range-based-exright-endpoint
TWSE,2026-01-19,official-open,partial,supported,1337,covered,licensed-vendor,covered,covered,covered,licensed-vendor,blocked-only-by-vendor-dependency;disposal-and-attention-captured;lifecycle-and-fundamental-from-tej-licensed-vendor;suspension-inferred-from-price-absence
TPEX,2026-01-19,official-open,partial,partial,988,covered,licensed-vendor,covered,covered,unknown,licensed-vendor,disposal-and-attention-captured;lifecycle-and-fundamental-from-tej-licensed-vendor;suspension-inferred-from-price-absence;tpex-no-range-based-exright-endpoint
TWSE,2026-01-20,official-open,partial,supported,1337,covered,licensed-vendor,covered,covered,covered,licensed-vendor,blocked-only-by-vendor-dependency;disposal-and-attention-captured;lifecycle-and-fundamental-from-tej-licensed-vendor;suspension-inferred-from-price-absence
TPEX,2026-01-20,official-open,partial,partial,988,covered,licensed-vendor,covered,covered,unknown,licensed-vendor,disposal-and-attention-captured;lifecycle-and-fundamental-from-tej-licensed-vendor;suspension-inferred-from-price-absence;tpex-no-range-based-exright-endpoint
TWSE,2026-01-21,official-open,partial,supported,1337,covered,licensed-vendor,covered,covered,covered,licensed-vendor,blocked-only-by-vendor-dependency;disposal-and-attention-captured;lifecycle-and-fundamental-from-tej-licensed-vendor;suspension-inferred-from-price-absence
TPEX,2026-01-21,official-open,partial,partial,988,covered,licensed-vendor,covered,covered,unknown,licensed-vendor,disposal-and-attention-captured;lifecycle-and-fundamental-from-tej-licensed-vendor;suspension-inferred-from-price-absence;tpex-no-range-based-exright-endpoint
TWSE,2026-01-22,official-open,partial,supported,1338,covered,licensed-vendor,covered,covered,covered,licensed-vendor,blocked-only-by-vendor-dependency;disposal-and-attention-captured;lifecycle-and-fundamental-from-tej-licensed-vendor;suspension-inferred-from-price-absence
TPEX,2026-01-22,official-open,partial,partial,991,covered,licensed-vendor,covered,covered,unknown,licensed-vendor,disposal-and-attention-captured;lifecycle-and-fundamental-from-tej-licensed-vendor;suspension-inferred-from-price-absence;tpex-no-range-based-exright-endpoint
TWSE,2026-01-23,official-open,partial,supported,1338,covered,licensed-vendor,covered,covered,covered,licensed-vendor,blocked-only-by-vendor-dependency;disposal-and-attention-captured;lifecycle-and-fundamental-from-tej-licensed-vendor;suspension-inferred-from-price-absence
TPEX,2026-01-23,official-open,partial,partial,991,covered,licensed-vendor,covered,covered,unknown,licensed-vendor,disposal-and-attention-captured;lifecycle-and-fundamental-from-tej-licensed-vendor;suspension-inferred-from-price-absence;tpex-no-range-based-exright-endpoint
TWSE,2026-01-24,official-closed,not-session,not-session,0,covered,licensed-vendor,official-no-data,covered,covered,licensed-vendor,disposal-and-attention-captured;lifecycle-and-fundamental-from-tej-licensed-vendor;suspension-inferred-from-price-absence
TPEX,2026-01-24,official-closed,not-session,not-session,0,covered,licensed-vendor,official-no-data,covered,unknown,licensed-vendor,disposal-and-attention-captured;lifecycle-and-fundamental-from-tej-licensed-vendor;suspension-inferred-from-price-absence;tpex-no-range-based-exright-endpoint
TWSE,2026-01-25,official-closed,not-session,not-session,0,covered,licensed-vendor,official-no-data,covered,covered,licensed-vendor,disposal-and-attention-captured;lifecycle-and-fundamental-from-tej-licensed-vendor;suspension-inferred-from-price-absence
TPEX,2026-01-25,official-closed,not-session,not-session,0,covered,licensed-vendor,official-no-data,covered,unknown,licensed-vendor,disposal-and-attention-captured;lifecycle-and-fundamental-from-tej-licensed-vendor;suspension-inferred-from-price-absence;tpex-no-range-based-exright-endpoint
TWSE,2026-01-26,official-open,partial,supported,1338,covered,licensed-vendor,covered,covered,covered,licensed-vendor,blocked-only-by-vendor-dependency;disposal-and-attention-captured;lifecycle-and-fundamental-from-tej-licensed-vendor;suspension-inferred-from-price-absence
TPEX,2026-01-26,official-open,partial,partial,992,covered,licensed-vendor,covered,covered,unknown,licensed-vendor,disposal-and-attention-captured;lifecycle-and-fundamental-from-tej-licensed-vendor;suspension-inferred-from-price-absence;tpex-no-range-based-exright-endpoint
TWSE,2026-01-27,official-open,partial,supported,1338,covered,licensed-vendor,covered,covered,covered,licensed-vendor,blocked-only-by-vendor-dependency;disposal-and-attention-captured;lifecycle-and-fundamental-from-tej-licensed-vendor;suspension-inferred-from-price-absence
TPEX,2026-01-27,official-open,partial,partial,991,covered,licensed-vendor,covered,covered,unknown,licensed-vendor,disposal-and-attention-captured;lifecycle-and-fundamental-from-tej-licensed-vendor;suspension-inferred-from-price-absence;tpex-no-range-based-exright-endpoint
TWSE,2026-01-28,official-open,partial,supported,1338,covered,licensed-vendor,covered,covered,covered,licensed-vendor,blocked-only-by-vendor-dependency;disposal-and-attention-captured;lifecycle-and-fundamental-from-tej-licensed-vendor;suspension-inferred-from-price-absence
TPEX,2026-01-28,official-open,partial,partial,992,covered,licensed-vendor,covered,covered,unknown,licensed-vendor,disposal-and-attention-captured;lifecycle-and-fundamental-from-tej-licensed-vendor;suspension-inferred-from-price-absence;tpex-no-range-based-exright-endpoint
TWSE,2026-01-29,official-open,partial,supported,1339,covered,licensed-vendor,covered,covered,covered,licensed-vendor,blocked-only-by-vendor-dependency;disposal-and-attention-captured;lifecycle-and-fundamental-from-tej-licensed-vendor;suspension-inferred-from-price-absence
TPEX,2026-01-29,official-open,partial,partial,993,covered,licensed-vendor,covered,covered,unknown,licensed-vendor,disposal-and-attention-captured;lifecycle-and-fundamental-from-tej-licensed-vendor;suspension-inferred-from-price-absence;tpex-no-range-based-exright-endpoint
TWSE,2026-01-30,official-open,partial,supported,1339,covered,licensed-vendor,covered,covered,covered,licensed-vendor,blocked-only-by-vendor-dependency;disposal-and-attention-captured;lifecycle-and-fundamental-from-tej-licensed-vendor;suspension-inferred-from-price-absence
TPEX,2026-01-30,official-open,partial,partial,993,covered,licensed-vendor,covered,covered,unknown,licensed-vendor,disposal-and-attention-captured;lifecycle-and-fundamental-from-tej-licensed-vendor;suspension-inferred-from-price-absence;tpex-no-range-based-exright-endpoint
TWSE,2026-01-31,official-closed,not-session,not-session,0,covered,licensed-vendor,official-no-data,covered,covered,licensed-vendor,disposal-and-attention-captured;lifecycle-and-fundamental-from-tej-licensed-vendor;suspension-inferred-from-price-absence
TPEX,2026-01-31,official-closed,not-session,not-session,0,covered,licensed-vendor,official-no-data,covered,unknown,licensed-vendor,disposal-and-attention-captured;lifecycle-and-fundamental-from-tej-licensed-vendor;suspension-inferred-from-price-absence;tpex-no-range-based-exright-endpoint
TWSE,2026-02-01,official-closed,not-session,not-session,0,covered,licensed-vendor,official-no-data,covered,covered,licensed-vendor,disposal-and-attention-captured;lifecycle-and-fundamental-from-tej-licensed-vendor;suspension-inferred-from-price-absence
TPEX,2026-02-01,official-closed,not-session,not-session,0,covered,licensed-vendor,official-no-data,covered,unknown,licensed-vendor,disposal-and-attention-captured;lifecycle-and-fundamental-from-tej-licensed-vendor;suspension-inferred-from-price-absence;tpex-no-range-based-exright-endpoint
TWSE,2026-02-02,official-open,partial,supported,1340,covered,licensed-vendor,covered,covered,covered,licensed-vendor,blocked-only-by-vendor-dependency;disposal-and-attention-captured;lifecycle-and-fundamental-from-tej-licensed-vendor;suspension-inferred-from-price-absence
TPEX,2026-02-02,official-open,partial,partial,993,covered,licensed-vendor,covered,covered,unknown,licensed-vendor,disposal-and-attention-captured;lifecycle-and-fundamental-from-tej-licensed-vendor;suspension-inferred-from-price-absence;tpex-no-range-based-exright-endpoint
TWSE,2026-02-03,official-open,partial,supported,1342,covered,licensed-vendor,covered,covered,covered,licensed-vendor,blocked-only-by-vendor-dependency;disposal-and-attention-captured;lifecycle-and-fundamental-from-tej-licensed-vendor;suspension-inferred-from-price-absence
TPEX,2026-02-03,official-open,partial,partial,995,covered,licensed-vendor,covered,covered,unknown,licensed-vendor,disposal-and-attention-captured;lifecycle-and-fundamental-from-tej-licensed-vendor;suspension-inferred-from-price-absence;tpex-no-range-based-exright-endpoint
TWSE,2026-02-04,official-open,partial,supported,1343,covered,licensed-vendor,covered,covered,covered,licensed-vendor,blocked-only-by-vendor-dependency;disposal-and-attention-captured;lifecycle-and-fundamental-from-tej-licensed-vendor;suspension-inferred-from-price-absence
TPEX,2026-02-04,official-open,partial,partial,995,covered,licensed-vendor,covered,covered,unknown,licensed-vendor,disposal-and-attention-captured;lifecycle-and-fundamental-from-tej-licensed-vendor;suspension-inferred-from-price-absence;tpex-no-range-based-exright-endpoint
TWSE,2026-02-05,official-open,partial,supported,1344,covered,licensed-vendor,covered,covered,covered,licensed-vendor,blocked-only-by-vendor-dependency;disposal-and-attention-captured;lifecycle-and-fundamental-from-tej-licensed-vendor;suspension-inferred-from-price-absence
TPEX,2026-02-05,official-open,partial,partial,995,covered,licensed-vendor,covered,covered,unknown,licensed-vendor,disposal-and-attention-captured;lifecycle-and-fundamental-from-tej-licensed-vendor;suspension-inferred-from-price-absence;tpex-no-range-based-exright-endpoint
TWSE,2026-02-06,official-open,partial,supported,1345,covered,licensed-vendor,covered,covered,covered,licensed-vendor,blocked-only-by-vendor-dependency;disposal-and-attention-captured;lifecycle-and-fundamental-from-tej-licensed-vendor;suspension-inferred-from-price-absence
TPEX,2026-02-06,official-open,partial,partial,995,covered,licensed-vendor,covered,covered,unknown,licensed-vendor,disposal-and-attention-captured;lifecycle-and-fundamental-from-tej-licensed-vendor;suspension-inferred-from-price-absence;tpex-no-range-based-exright-endpoint
TWSE,2026-02-07,official-closed,not-session,not-session,0,covered,licensed-vendor,official-no-data,covered,covered,licensed-vendor,disposal-and-attention-captured;lifecycle-and-fundamental-from-tej-licensed-vendor;suspension-inferred-from-price-absence
TPEX,2026-02-07,official-closed,not-session,not-session,0,covered,licensed-vendor,official-no-data,covered,unknown,licensed-vendor,disposal-and-attention-captured;lifecycle-and-fundamental-from-tej-licensed-vendor;suspension-inferred-from-price-absence;tpex-no-range-based-exright-endpoint
TWSE,2026-02-08,official-closed,not-session,not-session,0,covered,licensed-vendor,official-no-data,covered,covered,licensed-vendor,disposal-and-attention-captured;lifecycle-and-fundamental-from-tej-licensed-vendor;suspension-inferred-from-price-absence
TPEX,2026-02-08,official-closed,not-session,not-session,0,covered,licensed-vendor,official-no-data,covered,unknown,licensed-vendor,disposal-and-attention-captured;lifecycle-and-fundamental-from-tej-licensed-vendor;suspension-inferred-from-price-absence;tpex-no-range-based-exright-endpoint
TWSE,2026-02-09,official-open,partial,supported,1345,covered,licensed-vendor,covered,covered,covered,licensed-vendor,blocked-only-by-vendor-dependency;disposal-and-attention-captured;lifecycle-and-fundamental-from-tej-licensed-vendor;suspension-inferred-from-price-absence
TPEX,2026-02-09,official-open,partial,partial,995,covered,licensed-vendor,covered,covered,unknown,licensed-vendor,disposal-and-attention-captured;lifecycle-and-fundamental-from-tej-licensed-vendor;suspension-inferred-from-price-absence;tpex-no-range-based-exright-endpoint
TWSE,2026-02-10,official-open,partial,supported,1345,covered,licensed-vendor,covered,covered,covered,licensed-vendor,blocked-only-by-vendor-dependency;disposal-and-attention-captured;lifecycle-and-fundamental-from-tej-licensed-vendor;suspension-inferred-from-price-absence
TPEX,2026-02-10,official-open,partial,partial,995,covered,licensed-vendor,covered,covered,unknown,licensed-vendor,disposal-and-attention-captured;lifecycle-and-fundamental-from-tej-licensed-vendor;suspension-inferred-from-price-absence;tpex-no-range-based-exright-endpoint
TWSE,2026-02-11,official-open,partial,supported,1345,covered,licensed-vendor,covered,covered,covered,licensed-vendor,blocked-only-by-vendor-dependency;disposal-and-attention-captured;lifecycle-and-fundamental-from-tej-licensed-vendor;suspension-inferred-from-price-absence
TPEX,2026-02-11,official-open,partial,partial,995,covered,licensed-vendor,covered,covered,unknown,licensed-vendor,disposal-and-attention-captured;lifecycle-and-fundamental-from-tej-licensed-vendor;suspension-inferred-from-price-absence;tpex-no-range-based-exright-endpoint
TWSE,2026-02-12,official-closed,not-session,not-session,0,covered,licensed-vendor,official-no-data,covered,covered,licensed-vendor,disposal-and-attention-captured;lifecycle-and-fundamental-from-tej-licensed-vendor;suspension-inferred-from-price-absence
TPEX,2026-02-12,official-closed,not-session,not-session,0,covered,licensed-vendor,official-no-data,covered,unknown,licensed-vendor,disposal-and-attention-captured;lifecycle-and-fundamental-from-tej-licensed-vendor;suspension-inferred-from-price-absence;tpex-no-range-based-exright-endpoint
TWSE,2026-02-13,official-closed,not-session,not-session,0,covered,licensed-vendor,official-no-data,covered,covered,licensed-vendor,disposal-and-attention-captured;lifecycle-and-fundamental-from-tej-licensed-vendor;suspension-inferred-from-price-absence
TPEX,2026-02-13,official-closed,not-session,not-session,0,covered,licensed-vendor,official-no-data,covered,unknown,licensed-vendor,disposal-and-attention-captured;lifecycle-and-fundamental-from-tej-licensed-vendor;suspension-inferred-from-price-absence;tpex-no-range-based-exright-endpoint
TWSE,2026-02-14,official-closed,not-session,not-session,0,covered,licensed-vendor,official-no-data,covered,covered,licensed-vendor,disposal-and-attention-captured;lifecycle-and-fundamental-from-tej-licensed-vendor;suspension-inferred-from-price-absence
TPEX,2026-02-14,official-closed,not-session,not-session,0,covered,licensed-vendor,official-no-data,covered,unknown,licensed-vendor,disposal-and-attention-captured;lifecycle-and-fundamental-from-tej-licensed-vendor;suspension-inferred-from-price-absence;tpex-no-range-based-exright-endpoint
TWSE,2026-02-15,official-closed,not-session,not-session,0,covered,licensed-vendor,official-no-data,covered,covered,licensed-vendor,disposal-and-attention-captured;lifecycle-and-fundamental-from-tej-licensed-vendor;suspension-inferred-from-price-absence
TPEX,2026-02-15,official-closed,not-session,not-session,0,covered,licensed-vendor,official-no-data,covered,unknown,licensed-vendor,disposal-and-attention-captured;lifecycle-and-fundamental-from-tej-licensed-vendor;suspension-inferred-from-price-absence;tpex-no-range-based-exright-endpoint
TWSE,2026-02-16,official-closed,not-session,not-session,0,covered,licensed-vendor,official-no-data,covered,covered,licensed-vendor,disposal-and-attention-captured;lifecycle-and-fundamental-from-tej-licensed-vendor;suspension-inferred-from-price-absence
TPEX,2026-02-16,official-closed,not-session,not-session,0,covered,licensed-vendor,official-no-data,covered,unknown,licensed-vendor,disposal-and-attention-captured;lifecycle-and-fundamental-from-tej-licensed-vendor;suspension-inferred-from-price-absence;tpex-no-range-based-exright-endpoint
TWSE,2026-02-17,official-closed,not-session,not-session,0,covered,licensed-vendor,official-no-data,covered,covered,licensed-vendor,disposal-and-attention-captured;lifecycle-and-fundamental-from-tej-licensed-vendor;suspension-inferred-from-price-absence
TPEX,2026-02-17,official-closed,not-session,not-session,0,covered,licensed-vendor,official-no-data,covered,unknown,licensed-vendor,disposal-and-attention-captured;lifecycle-and-fundamental-from-tej-licensed-vendor;suspension-inferred-from-price-absence;tpex-no-range-based-exright-endpoint
TWSE,2026-02-18,official-closed,not-session,not-session,0,covered,licensed-vendor,official-no-data,covered,covered,licensed-vendor,disposal-and-attention-captured;lifecycle-and-fundamental-from-tej-licensed-vendor;suspension-inferred-from-price-absence
TPEX,2026-02-18,official-closed,not-session,not-session,0,covered,licensed-vendor,official-no-data,covered,unknown,licensed-vendor,disposal-and-attention-captured;lifecycle-and-fundamental-from-tej-licensed-vendor;suspension-inferred-from-price-absence;tpex-no-range-based-exright-endpoint
TWSE,2026-02-19,official-closed,not-session,not-session,0,covered,licensed-vendor,official-no-data,covered,covered,licensed-vendor,disposal-and-attention-captured;lifecycle-and-fundamental-from-tej-licensed-vendor;suspension-inferred-from-price-absence
TPEX,2026-02-19,official-closed,not-session,not-session,0,covered,licensed-vendor,official-no-data,covered,unknown,licensed-vendor,disposal-and-attention-captured;lifecycle-and-fundamental-from-tej-licensed-vendor;suspension-inferred-from-price-absence;tpex-no-range-based-exright-endpoint
TWSE,2026-02-20,official-closed,not-session,not-session,0,covered,licensed-vendor,official-no-data,covered,covered,licensed-vendor,disposal-and-attention-captured;lifecycle-and-fundamental-from-tej-licensed-vendor;suspension-inferred-from-price-absence
TPEX,2026-02-20,official-closed,not-session,not-session,0,covered,licensed-vendor,official-no-data,covered,unknown,licensed-vendor,disposal-and-attention-captured;lifecycle-and-fundamental-from-tej-licensed-vendor;suspension-inferred-from-price-absence;tpex-no-range-based-exright-endpoint
TWSE,2026-02-21,official-closed,not-session,not-session,0,covered,licensed-vendor,official-no-data,covered,covered,licensed-vendor,disposal-and-attention-captured;lifecycle-and-fundamental-from-tej-licensed-vendor;suspension-inferred-from-price-absence
TPEX,2026-02-21,official-closed,not-session,not-session,0,covered,licensed-vendor,official-no-data,covered,unknown,licensed-vendor,disposal-and-attention-captured;lifecycle-and-fundamental-from-tej-licensed-vendor;suspension-inferred-from-price-absence;tpex-no-range-based-exright-endpoint
TWSE,2026-02-22,official-closed,not-session,not-session,0,covered,licensed-vendor,official-no-data,covered,covered,licensed-vendor,disposal-and-attention-captured;lifecycle-and-fundamental-from-tej-licensed-vendor;suspension-inferred-from-price-absence
TPEX,2026-02-22,official-closed,not-session,not-session,0,covered,licensed-vendor,official-no-data,covered,unknown,licensed-vendor,disposal-and-attention-captured;lifecycle-and-fundamental-from-tej-licensed-vendor;suspension-inferred-from-price-absence;tpex-no-range-based-exright-endpoint
TWSE,2026-02-23,official-open,partial,supported,1344,covered,licensed-vendor,covered,covered,covered,licensed-vendor,blocked-only-by-vendor-dependency;disposal-and-attention-captured;lifecycle-and-fundamental-from-tej-licensed-vendor;suspension-inferred-from-price-absence
TPEX,2026-02-23,official-open,partial,partial,995,covered,licensed-vendor,covered,covered,unknown,licensed-vendor,disposal-and-attention-captured;lifecycle-and-fundamental-from-tej-licensed-vendor;suspension-inferred-from-price-absence;tpex-no-range-based-exright-endpoint
TWSE,2026-02-24,official-open,partial,supported,1344,covered,licensed-vendor,covered,covered,covered,licensed-vendor,blocked-only-by-vendor-dependency;disposal-and-attention-captured;lifecycle-and-fundamental-from-tej-licensed-vendor;suspension-inferred-from-price-absence
TPEX,2026-02-24,official-open,partial,partial,995,covered,licensed-vendor,covered,covered,unknown,licensed-vendor,disposal-and-attention-captured;lifecycle-and-fundamental-from-tej-licensed-vendor;suspension-inferred-from-price-absence;tpex-no-range-based-exright-endpoint
TWSE,2026-02-25,official-open,partial,supported,1344,covered,licensed-vendor,covered,covered,covered,licensed-vendor,blocked-only-by-vendor-dependency;disposal-and-attention-captured;lifecycle-and-fundamental-from-tej-licensed-vendor;suspension-inferred-from-price-absence
TPEX,2026-02-25,official-open,partial,partial,995,covered,licensed-vendor,covered,covered,unknown,licensed-vendor,disposal-and-attention-captured;lifecycle-and-fundamental-from-tej-licensed-vendor;suspension-inferred-from-price-absence;tpex-no-range-based-exright-endpoint
TWSE,2026-02-26,official-open,partial,supported,1344,covered,licensed-vendor,covered,covered,covered,licensed-vendor,blocked-only-by-vendor-dependency;disposal-and-attention-captured;lifecycle-and-fundamental-from-tej-licensed-vendor;suspension-inferred-from-price-absence
TPEX,2026-02-26,official-open,partial,partial,995,covered,licensed-vendor,covered,covered,unknown,licensed-vendor,disposal-and-attention-captured;lifecycle-and-fundamental-from-tej-licensed-vendor;suspension-inferred-from-price-absence;tpex-no-range-based-exright-endpoint
TWSE,2026-02-27,official-closed,not-session,not-session,0,covered,licensed-vendor,official-no-data,covered,covered,licensed-vendor,disposal-and-attention-captured;lifecycle-and-fundamental-from-tej-licensed-vendor;suspension-inferred-from-price-absence
TPEX,2026-02-27,official-closed,not-session,not-session,0,covered,licensed-vendor,official-no-data,covered,unknown,licensed-vendor,disposal-and-attention-captured;lifecycle-and-fundamental-from-tej-licensed-vendor;suspension-inferred-from-price-absence;tpex-no-range-based-exright-endpoint
TWSE,2026-02-28,official-closed,not-session,not-session,0,covered,licensed-vendor,official-no-data,covered,covered,licensed-vendor,disposal-and-attention-captured;lifecycle-and-fundamental-from-tej-licensed-vendor;suspension-inferred-from-price-absence
TPEX,2026-02-28,official-closed,not-session,not-session,0,covered,licensed-vendor,official-no-data,covered,unknown,licensed-vendor,disposal-and-attention-captured;lifecycle-and-fundamental-from-tej-licensed-vendor;suspension-inferred-from-price-absence;tpex-no-range-based-exright-endpoint
TWSE,2026-03-01,official-closed,not-session,not-session,0,covered,licensed-vendor,official-no-data,covered,covered,licensed-vendor,disposal-and-attention-captured;lifecycle-and-fundamental-from-tej-licensed-vendor;suspension-inferred-from-price-absence
TPEX,2026-03-01,official-closed,not-session,not-session,0,covered,licensed-vendor,official-no-data,covered,unknown,licensed-vendor,disposal-and-attention-captured;lifecycle-and-fundamental-from-tej-licensed-vendor;suspension-inferred-from-price-absence;tpex-no-range-based-exright-endpoint
TWSE,2026-03-02,official-open,partial,supported,1344,covered,licensed-vendor,covered,covered,covered,licensed-vendor,blocked-only-by-vendor-dependency;disposal-and-attention-captured;lifecycle-and-fundamental-from-tej-licensed-vendor;suspension-inferred-from-price-absence
TPEX,2026-03-02,official-open,partial,partial,995,covered,licensed-vendor,covered,covered,unknown,licensed-vendor,disposal-and-attention-captured;lifecycle-and-fundamental-from-tej-licensed-vendor;suspension-inferred-from-price-absence;tpex-no-range-based-exright-endpoint
TWSE,2026-03-03,official-open,partial,supported,1344,covered,licensed-vendor,covered,covered,covered,licensed-vendor,blocked-only-by-vendor-dependency;disposal-and-attention-captured;lifecycle-and-fundamental-from-tej-licensed-vendor;suspension-inferred-from-price-absence
TPEX,2026-03-03,official-open,partial,partial,995,covered,licensed-vendor,covered,covered,unknown,licensed-vendor,disposal-and-attention-captured;lifecycle-and-fundamental-from-tej-licensed-vendor;suspension-inferred-from-price-absence;tpex-no-range-based-exright-endpoint
TWSE,2026-03-04,official-open,partial,supported,1344,covered,licensed-vendor,covered,covered,covered,licensed-vendor,blocked-only-by-vendor-dependency;disposal-and-attention-captured;lifecycle-and-fundamental-from-tej-licensed-vendor;suspension-inferred-from-price-absence
TPEX,2026-03-04,official-open,partial,partial,995,covered,licensed-vendor,covered,covered,unknown,licensed-vendor,disposal-and-attention-captured;lifecycle-and-fundamental-from-tej-licensed-vendor;suspension-inferred-from-price-absence;tpex-no-range-based-exright-endpoint
TWSE,2026-03-05,official-open,partial,supported,1344,covered,licensed-vendor,covered,covered,covered,licensed-vendor,blocked-only-by-vendor-dependency;disposal-and-attention-captured;lifecycle-and-fundamental-from-tej-licensed-vendor;suspension-inferred-from-price-absence
TPEX,2026-03-05,official-open,partial,partial,995,covered,licensed-vendor,covered,covered,unknown,licensed-vendor,disposal-and-attention-captured;lifecycle-and-fundamental-from-tej-licensed-vendor;suspension-inferred-from-price-absence;tpex-no-range-based-exright-endpoint
TWSE,2026-03-06,official-open,partial,supported,1344,covered,licensed-vendor,covered,covered,covered,licensed-vendor,blocked-only-by-vendor-dependency;disposal-and-attention-captured;lifecycle-and-fundamental-from-tej-licensed-vendor;suspension-inferred-from-price-absence
TPEX,2026-03-06,official-open,partial,partial,995,covered,licensed-vendor,covered,covered,unknown,licensed-vendor,disposal-and-attention-captured;lifecycle-and-fundamental-from-tej-licensed-vendor;suspension-inferred-from-price-absence;tpex-no-range-based-exright-endpoint
TWSE,2026-03-07,official-closed,not-session,not-session,0,covered,licensed-vendor,official-no-data,covered,covered,licensed-vendor,disposal-and-attention-captured;lifecycle-and-fundamental-from-tej-licensed-vendor;suspension-inferred-from-price-absence
TPEX,2026-03-07,official-closed,not-session,not-session,0,covered,licensed-vendor,official-no-data,covered,unknown,licensed-vendor,disposal-and-attention-captured;lifecycle-and-fundamental-from-tej-licensed-vendor;suspension-inferred-from-price-absence;tpex-no-range-based-exright-endpoint
TWSE,2026-03-08,official-closed,not-session,not-session,0,covered,licensed-vendor,official-no-data,covered,covered,licensed-vendor,disposal-and-attention-captured;lifecycle-and-fundamental-from-tej-licensed-vendor;suspension-inferred-from-price-absence
TPEX,2026-03-08,official-closed,not-session,not-session,0,covered,licensed-vendor,official-no-data,covered,unknown,licensed-vendor,disposal-and-attention-captured;lifecycle-and-fundamental-from-tej-licensed-vendor;suspension-inferred-from-price-absence;tpex-no-range-based-exright-endpoint
TWSE,2026-03-09,official-open,partial,supported,1344,covered,licensed-vendor,covered,covered,covered,licensed-vendor,blocked-only-by-vendor-dependency;disposal-and-attention-captured;lifecycle-and-fundamental-from-tej-licensed-vendor;suspension-inferred-from-price-absence
TPEX,2026-03-09,official-open,partial,partial,996,covered,licensed-vendor,covered,covered,unknown,licensed-vendor,disposal-and-attention-captured;lifecycle-and-fundamental-from-tej-licensed-vendor;suspension-inferred-from-price-absence;tpex-no-range-based-exright-endpoint
TWSE,2026-03-10,official-open,partial,supported,1344,covered,licensed-vendor,covered,covered,covered,licensed-vendor,blocked-only-by-vendor-dependency;disposal-and-attention-captured;lifecycle-and-fundamental-from-tej-licensed-vendor;suspension-inferred-from-price-absence
TPEX,2026-03-10,official-open,partial,partial,996,covered,licensed-vendor,covered,covered,unknown,licensed-vendor,disposal-and-attention-captured;lifecycle-and-fundamental-from-tej-licensed-vendor;suspension-inferred-from-price-absence;tpex-no-range-based-exright-endpoint
TWSE,2026-03-11,official-open,partial,supported,1344,covered,licensed-vendor,covered,covered,covered,licensed-vendor,blocked-only-by-vendor-dependency;disposal-and-attention-captured;lifecycle-and-fundamental-from-tej-licensed-vendor;suspension-inferred-from-price-absence
TPEX,2026-03-11,official-open,partial,partial,996,covered,licensed-vendor,covered,covered,unknown,licensed-vendor,disposal-and-attention-captured;lifecycle-and-fundamental-from-tej-licensed-vendor;suspension-inferred-from-price-absence;tpex-no-range-based-exright-endpoint
TWSE,2026-03-12,official-open,partial,supported,1344,covered,licensed-vendor,covered,covered,covered,licensed-vendor,blocked-only-by-vendor-dependency;disposal-and-attention-captured;lifecycle-and-fundamental-from-tej-licensed-vendor;suspension-inferred-from-price-absence
TPEX,2026-03-12,official-open,partial,partial,996,covered,licensed-vendor,covered,covered,unknown,licensed-vendor,disposal-and-attention-captured;lifecycle-and-fundamental-from-tej-licensed-vendor;suspension-inferred-from-price-absence;tpex-no-range-based-exright-endpoint
TWSE,2026-03-13,official-open,partial,supported,1344,covered,licensed-vendor,covered,covered,covered,licensed-vendor,blocked-only-by-vendor-dependency;disposal-and-attention-captured;lifecycle-and-fundamental-from-tej-licensed-vendor;suspension-inferred-from-price-absence
TPEX,2026-03-13,official-open,partial,partial,996,covered,licensed-vendor,covered,covered,unknown,licensed-vendor,disposal-and-attention-captured;lifecycle-and-fundamental-from-tej-licensed-vendor;suspension-inferred-from-price-absence;tpex-no-range-based-exright-endpoint
TWSE,2026-03-14,official-closed,not-session,not-session,0,covered,licensed-vendor,official-no-data,covered,covered,licensed-vendor,disposal-and-attention-captured;lifecycle-and-fundamental-from-tej-licensed-vendor;suspension-inferred-from-price-absence
TPEX,2026-03-14,official-closed,not-session,not-session,0,covered,licensed-vendor,official-no-data,covered,unknown,licensed-vendor,disposal-and-attention-captured;lifecycle-and-fundamental-from-tej-licensed-vendor;suspension-inferred-from-price-absence;tpex-no-range-based-exright-endpoint
TWSE,2026-03-15,official-closed,not-session,not-session,0,covered,licensed-vendor,official-no-data,covered,covered,licensed-vendor,disposal-and-attention-captured;lifecycle-and-fundamental-from-tej-licensed-vendor;suspension-inferred-from-price-absence
TPEX,2026-03-15,official-closed,not-session,not-session,0,covered,licensed-vendor,official-no-data,covered,unknown,licensed-vendor,disposal-and-attention-captured;lifecycle-and-fundamental-from-tej-licensed-vendor;suspension-inferred-from-price-absence;tpex-no-range-based-exright-endpoint
TWSE,2026-03-16,official-open,partial,supported,1344,covered,licensed-vendor,covered,covered,covered,licensed-vendor,blocked-only-by-vendor-dependency;disposal-and-attention-captured;lifecycle-and-fundamental-from-tej-licensed-vendor;suspension-inferred-from-price-absence
TPEX,2026-03-16,official-open,partial,partial,996,covered,licensed-vendor,covered,covered,unknown,licensed-vendor,disposal-and-attention-captured;lifecycle-and-fundamental-from-tej-licensed-vendor;suspension-inferred-from-price-absence;tpex-no-range-based-exright-endpoint
TWSE,2026-03-17,official-open,partial,supported,1344,covered,licensed-vendor,covered,covered,covered,licensed-vendor,blocked-only-by-vendor-dependency;disposal-and-attention-captured;lifecycle-and-fundamental-from-tej-licensed-vendor;suspension-inferred-from-price-absence
TPEX,2026-03-17,official-open,partial,partial,996,covered,licensed-vendor,covered,covered,unknown,licensed-vendor,disposal-and-attention-captured;lifecycle-and-fundamental-from-tej-licensed-vendor;suspension-inferred-from-price-absence;tpex-no-range-based-exright-endpoint
TWSE,2026-03-18,official-open,partial,supported,1344,covered,licensed-vendor,covered,covered,covered,licensed-vendor,blocked-only-by-vendor-dependency;disposal-and-attention-captured;lifecycle-and-fundamental-from-tej-licensed-vendor;suspension-inferred-from-price-absence
TPEX,2026-03-18,official-open,partial,partial,996,covered,licensed-vendor,covered,covered,unknown,licensed-vendor,disposal-and-attention-captured;lifecycle-and-fundamental-from-tej-licensed-vendor;suspension-inferred-from-price-absence;tpex-no-range-based-exright-endpoint
TWSE,2026-03-19,official-open,partial,supported,1343,covered,licensed-vendor,covered,covered,covered,licensed-vendor,blocked-only-by-vendor-dependency;disposal-and-attention-captured;lifecycle-and-fundamental-from-tej-licensed-vendor;suspension-inferred-from-price-absence
TPEX,2026-03-19,official-open,partial,partial,996,covered,licensed-vendor,covered,covered,unknown,licensed-vendor,disposal-and-attention-captured;lifecycle-and-fundamental-from-tej-licensed-vendor;suspension-inferred-from-price-absence;tpex-no-range-based-exright-endpoint
TWSE,2026-03-20,official-open,partial,supported,1343,covered,licensed-vendor,covered,covered,covered,licensed-vendor,blocked-only-by-vendor-dependency;disposal-and-attention-captured;lifecycle-and-fundamental-from-tej-licensed-vendor;suspension-inferred-from-price-absence
TPEX,2026-03-20,official-open,partial,partial,996,covered,licensed-vendor,covered,covered,unknown,licensed-vendor,disposal-and-attention-captured;lifecycle-and-fundamental-from-tej-licensed-vendor;suspension-inferred-from-price-absence;tpex-no-range-based-exright-endpoint
TWSE,2026-03-21,official-closed,not-session,not-session,0,covered,licensed-vendor,official-no-data,covered,covered,licensed-vendor,disposal-and-attention-captured;lifecycle-and-fundamental-from-tej-licensed-vendor;suspension-inferred-from-price-absence
TPEX,2026-03-21,official-closed,not-session,not-session,0,covered,licensed-vendor,official-no-data,covered,unknown,licensed-vendor,disposal-and-attention-captured;lifecycle-and-fundamental-from-tej-licensed-vendor;suspension-inferred-from-price-absence;tpex-no-range-based-exright-endpoint
TWSE,2026-03-22,official-closed,not-session,not-session,0,covered,licensed-vendor,official-no-data,covered,covered,licensed-vendor,disposal-and-attention-captured;lifecycle-and-fundamental-from-tej-licensed-vendor;suspension-inferred-from-price-absence
TPEX,2026-03-22,official-closed,not-session,not-session,0,covered,licensed-vendor,official-no-data,covered,unknown,licensed-vendor,disposal-and-attention-captured;lifecycle-and-fundamental-from-tej-licensed-vendor;suspension-inferred-from-price-absence;tpex-no-range-based-exright-endpoint
TWSE,2026-03-23,official-open,partial,supported,1344,covered,licensed-vendor,covered,covered,covered,licensed-vendor,blocked-only-by-vendor-dependency;disposal-and-attention-captured;lifecycle-and-fundamental-from-tej-licensed-vendor;suspension-inferred-from-price-absence
TPEX,2026-03-23,official-open,partial,partial,996,covered,licensed-vendor,covered,covered,unknown,licensed-vendor,disposal-and-attention-captured;lifecycle-and-fundamental-from-tej-licensed-vendor;suspension-inferred-from-price-absence;tpex-no-range-based-exright-endpoint
TWSE,2026-03-24,official-open,partial,supported,1344,covered,licensed-vendor,covered,covered,covered,licensed-vendor,blocked-only-by-vendor-dependency;disposal-and-attention-captured;lifecycle-and-fundamental-from-tej-licensed-vendor;suspension-inferred-from-price-absence
TPEX,2026-03-24,official-open,partial,partial,996,covered,licensed-vendor,covered,covered,unknown,licensed-vendor,disposal-and-attention-captured;lifecycle-and-fundamental-from-tej-licensed-vendor;suspension-inferred-from-price-absence;tpex-no-range-based-exright-endpoint
TWSE,2026-03-25,official-open,partial,supported,1345,covered,licensed-vendor,covered,covered,covered,licensed-vendor,blocked-only-by-vendor-dependency;disposal-and-attention-captured;lifecycle-and-fundamental-from-tej-licensed-vendor;suspension-inferred-from-price-absence
TPEX,2026-03-25,official-open,partial,partial,998,covered,licensed-vendor,covered,covered,unknown,licensed-vendor,disposal-and-attention-captured;lifecycle-and-fundamental-from-tej-licensed-vendor;suspension-inferred-from-price-absence;tpex-no-range-based-exright-endpoint
TWSE,2026-03-26,official-open,partial,supported,1346,covered,licensed-vendor,covered,covered,covered,licensed-vendor,blocked-only-by-vendor-dependency;disposal-and-attention-captured;lifecycle-and-fundamental-from-tej-licensed-vendor;suspension-inferred-from-price-absence
TPEX,2026-03-26,official-open,partial,partial,998,covered,licensed-vendor,covered,covered,unknown,licensed-vendor,disposal-and-attention-captured;lifecycle-and-fundamental-from-tej-licensed-vendor;suspension-inferred-from-price-absence;tpex-no-range-based-exright-endpoint
TWSE,2026-03-27,official-open,partial,supported,1346,covered,licensed-vendor,covered,covered,covered,licensed-vendor,blocked-only-by-vendor-dependency;disposal-and-attention-captured;lifecycle-and-fundamental-from-tej-licensed-vendor;suspension-inferred-from-price-absence
TPEX,2026-03-27,official-open,partial,partial,998,covered,licensed-vendor,covered,covered,unknown,licensed-vendor,disposal-and-attention-captured;lifecycle-and-fundamental-from-tej-licensed-vendor;suspension-inferred-from-price-absence;tpex-no-range-based-exright-endpoint
TWSE,2026-03-28,official-closed,not-session,not-session,0,covered,licensed-vendor,official-no-data,covered,covered,licensed-vendor,disposal-and-attention-captured;lifecycle-and-fundamental-from-tej-licensed-vendor;suspension-inferred-from-price-absence
TPEX,2026-03-28,official-closed,not-session,not-session,0,covered,licensed-vendor,official-no-data,covered,unknown,licensed-vendor,disposal-and-attention-captured;lifecycle-and-fundamental-from-tej-licensed-vendor;suspension-inferred-from-price-absence;tpex-no-range-based-exright-endpoint
TWSE,2026-03-29,official-closed,not-session,not-session,0,covered,licensed-vendor,official-no-data,covered,covered,licensed-vendor,disposal-and-attention-captured;lifecycle-and-fundamental-from-tej-licensed-vendor;suspension-inferred-from-price-absence
TPEX,2026-03-29,official-closed,not-session,not-session,0,covered,licensed-vendor,official-no-data,covered,unknown,licensed-vendor,disposal-and-attention-captured;lifecycle-and-fundamental-from-tej-licensed-vendor;suspension-inferred-from-price-absence;tpex-no-range-based-exright-endpoint
TWSE,2026-03-30,official-open,partial,supported,1347,covered,licensed-vendor,covered,covered,covered,licensed-vendor,blocked-only-by-vendor-dependency;disposal-and-attention-captured;lifecycle-and-fundamental-from-tej-licensed-vendor;suspension-inferred-from-price-absence
TPEX,2026-03-30,official-open,partial,partial,1000,covered,licensed-vendor,covered,covered,unknown,licensed-vendor,disposal-and-attention-captured;lifecycle-and-fundamental-from-tej-licensed-vendor;suspension-inferred-from-price-absence;tpex-no-range-based-exright-endpoint
TWSE,2026-03-31,official-open,partial,supported,1348,covered,licensed-vendor,covered,covered,covered,licensed-vendor,blocked-only-by-vendor-dependency;disposal-and-attention-captured;lifecycle-and-fundamental-from-tej-licensed-vendor;suspension-inferred-from-price-absence
TPEX,2026-03-31,official-open,partial,partial,1001,covered,licensed-vendor,covered,covered,unknown,licensed-vendor,disposal-and-attention-captured;lifecycle-and-fundamental-from-tej-licensed-vendor;suspension-inferred-from-price-absence;tpex-no-range-based-exright-endpoint
TWSE,2026-04-01,official-open,partial,supported,1348,covered,licensed-vendor,covered,covered,covered,licensed-vendor,blocked-only-by-vendor-dependency;disposal-and-attention-captured;lifecycle-and-fundamental-from-tej-licensed-vendor;suspension-inferred-from-price-absence
TPEX,2026-04-01,official-open,partial,partial,999,covered,licensed-vendor,covered,covered,unknown,licensed-vendor,disposal-and-attention-captured;lifecycle-and-fundamental-from-tej-licensed-vendor;suspension-inferred-from-price-absence;tpex-no-range-based-exright-endpoint
TWSE,2026-04-02,official-open,partial,supported,1348,covered,licensed-vendor,covered,covered,covered,licensed-vendor,blocked-only-by-vendor-dependency;disposal-and-attention-captured;lifecycle-and-fundamental-from-tej-licensed-vendor;suspension-inferred-from-price-absence
TPEX,2026-04-02,official-open,partial,partial,999,covered,licensed-vendor,covered,covered,unknown,licensed-vendor,disposal-and-attention-captured;lifecycle-and-fundamental-from-tej-licensed-vendor;suspension-inferred-from-price-absence;tpex-no-range-based-exright-endpoint
TWSE,2026-04-03,official-closed,not-session,not-session,0,covered,licensed-vendor,official-no-data,covered,covered,licensed-vendor,disposal-and-attention-captured;lifecycle-and-fundamental-from-tej-licensed-vendor;suspension-inferred-from-price-absence
TPEX,2026-04-03,official-closed,not-session,not-session,0,covered,licensed-vendor,official-no-data,covered,unknown,licensed-vendor,disposal-and-attention-captured;lifecycle-and-fundamental-from-tej-licensed-vendor;suspension-inferred-from-price-absence;tpex-no-range-based-exright-endpoint
TWSE,2026-04-04,official-closed,not-session,not-session,0,covered,licensed-vendor,official-no-data,covered,covered,licensed-vendor,disposal-and-attention-captured;lifecycle-and-fundamental-from-tej-licensed-vendor;suspension-inferred-from-price-absence
TPEX,2026-04-04,official-closed,not-session,not-session,0,covered,licensed-vendor,official-no-data,covered,unknown,licensed-vendor,disposal-and-attention-captured;lifecycle-and-fundamental-from-tej-licensed-vendor;suspension-inferred-from-price-absence;tpex-no-range-based-exright-endpoint
TWSE,2026-04-05,official-closed,not-session,not-session,0,covered,licensed-vendor,official-no-data,covered,covered,licensed-vendor,disposal-and-attention-captured;lifecycle-and-fundamental-from-tej-licensed-vendor;suspension-inferred-from-price-absence
TPEX,2026-04-05,official-closed,not-session,not-session,0,covered,licensed-vendor,official-no-data,covered,unknown,licensed-vendor,disposal-and-attention-captured;lifecycle-and-fundamental-from-tej-licensed-vendor;suspension-inferred-from-price-absence;tpex-no-range-based-exright-endpoint
TWSE,2026-04-06,official-closed,not-session,not-session,0,covered,licensed-vendor,official-no-data,covered,covered,licensed-vendor,disposal-and-attention-captured;lifecycle-and-fundamental-from-tej-licensed-vendor;suspension-inferred-from-price-absence
TPEX,2026-04-06,official-closed,not-session,not-session,0,covered,licensed-vendor,official-no-data,covered,unknown,licensed-vendor,disposal-and-attention-captured;lifecycle-and-fundamental-from-tej-licensed-vendor;suspension-inferred-from-price-absence;tpex-no-range-based-exright-endpoint
TWSE,2026-04-07,official-open,partial,supported,1347,covered,licensed-vendor,covered,covered,covered,licensed-vendor,blocked-only-by-vendor-dependency;disposal-and-attention-captured;lifecycle-and-fundamental-from-tej-licensed-vendor;suspension-inferred-from-price-absence
TPEX,2026-04-07,official-open,partial,partial,999,covered,licensed-vendor,covered,covered,unknown,licensed-vendor,disposal-and-attention-captured;lifecycle-and-fundamental-from-tej-licensed-vendor;suspension-inferred-from-price-absence;tpex-no-range-based-exright-endpoint
TWSE,2026-04-08,official-open,partial,supported,1348,covered,licensed-vendor,covered,covered,covered,licensed-vendor,blocked-only-by-vendor-dependency;disposal-and-attention-captured;lifecycle-and-fundamental-from-tej-licensed-vendor;suspension-inferred-from-price-absence
TPEX,2026-04-08,official-open,partial,partial,999,covered,licensed-vendor,covered,covered,unknown,licensed-vendor,disposal-and-attention-captured;lifecycle-and-fundamental-from-tej-licensed-vendor;suspension-inferred-from-price-absence;tpex-no-range-based-exright-endpoint
TWSE,2026-04-09,official-open,partial,supported,1349,covered,licensed-vendor,covered,covered,covered,licensed-vendor,blocked-only-by-vendor-dependency;disposal-and-attention-captured;lifecycle-and-fundamental-from-tej-licensed-vendor;suspension-inferred-from-price-absence
TPEX,2026-04-09,official-open,partial,partial,998,covered,licensed-vendor,covered,covered,unknown,licensed-vendor,disposal-and-attention-captured;lifecycle-and-fundamental-from-tej-licensed-vendor;suspension-inferred-from-price-absence;tpex-no-range-based-exright-endpoint
TWSE,2026-04-10,official-open,partial,supported,1350,covered,licensed-vendor,covered,covered,covered,licensed-vendor,blocked-only-by-vendor-dependency;disposal-and-attention-captured;lifecycle-and-fundamental-from-tej-licensed-vendor;suspension-inferred-from-price-absence
TPEX,2026-04-10,official-open,partial,partial,998,covered,licensed-vendor,covered,covered,unknown,licensed-vendor,disposal-and-attention-captured;lifecycle-and-fundamental-from-tej-licensed-vendor;suspension-inferred-from-price-absence;tpex-no-range-based-exright-endpoint
TWSE,2026-04-11,official-closed,not-session,not-session,0,covered,licensed-vendor,official-no-data,covered,covered,licensed-vendor,disposal-and-attention-captured;lifecycle-and-fundamental-from-tej-licensed-vendor;suspension-inferred-from-price-absence
TPEX,2026-04-11,official-closed,not-session,not-session,0,covered,licensed-vendor,official-no-data,covered,unknown,licensed-vendor,disposal-and-attention-captured;lifecycle-and-fundamental-from-tej-licensed-vendor;suspension-inferred-from-price-absence;tpex-no-range-based-exright-endpoint
TWSE,2026-04-12,official-closed,not-session,not-session,0,covered,licensed-vendor,official-no-data,covered,covered,licensed-vendor,disposal-and-attention-captured;lifecycle-and-fundamental-from-tej-licensed-vendor;suspension-inferred-from-price-absence
TPEX,2026-04-12,official-closed,not-session,not-session,0,covered,licensed-vendor,official-no-data,covered,unknown,licensed-vendor,disposal-and-attention-captured;lifecycle-and-fundamental-from-tej-licensed-vendor;suspension-inferred-from-price-absence;tpex-no-range-based-exright-endpoint
TWSE,2026-04-13,official-open,partial,supported,1350,covered,licensed-vendor,covered,covered,covered,licensed-vendor,blocked-only-by-vendor-dependency;disposal-and-attention-captured;lifecycle-and-fundamental-from-tej-licensed-vendor;suspension-inferred-from-price-absence
TPEX,2026-04-13,official-open,partial,partial,1000,covered,licensed-vendor,covered,covered,unknown,licensed-vendor,disposal-and-attention-captured;lifecycle-and-fundamental-from-tej-licensed-vendor;suspension-inferred-from-price-absence;tpex-no-range-based-exright-endpoint
TWSE,2026-04-14,official-open,partial,supported,1351,covered,licensed-vendor,covered,covered,covered,licensed-vendor,blocked-only-by-vendor-dependency;disposal-and-attention-captured;lifecycle-and-fundamental-from-tej-licensed-vendor;suspension-inferred-from-price-absence
TPEX,2026-04-14,official-open,partial,partial,999,covered,licensed-vendor,covered,covered,unknown,licensed-vendor,disposal-and-attention-captured;lifecycle-and-fundamental-from-tej-licensed-vendor;suspension-inferred-from-price-absence;tpex-no-range-based-exright-endpoint
TWSE,2026-04-15,official-open,partial,supported,1350,covered,licensed-vendor,covered,covered,covered,licensed-vendor,blocked-only-by-vendor-dependency;disposal-and-attention-captured;lifecycle-and-fundamental-from-tej-licensed-vendor;suspension-inferred-from-price-absence
TPEX,2026-04-15,official-open,partial,partial,1001,covered,licensed-vendor,covered,covered,unknown,licensed-vendor,disposal-and-attention-captured;lifecycle-and-fundamental-from-tej-licensed-vendor;suspension-inferred-from-price-absence;tpex-no-range-based-exright-endpoint
TWSE,2026-04-16,official-open,partial,supported,1350,covered,licensed-vendor,covered,covered,covered,licensed-vendor,blocked-only-by-vendor-dependency;disposal-and-attention-captured;lifecycle-and-fundamental-from-tej-licensed-vendor;suspension-inferred-from-price-absence
TPEX,2026-04-16,official-open,partial,partial,1001,covered,licensed-vendor,covered,covered,unknown,licensed-vendor,disposal-and-attention-captured;lifecycle-and-fundamental-from-tej-licensed-vendor;suspension-inferred-from-price-absence;tpex-no-range-based-exright-endpoint
TWSE,2026-04-17,official-open,partial,supported,1350,covered,licensed-vendor,covered,covered,covered,licensed-vendor,blocked-only-by-vendor-dependency;disposal-and-attention-captured;lifecycle-and-fundamental-from-tej-licensed-vendor;suspension-inferred-from-price-absence
TPEX,2026-04-17,official-open,partial,partial,1001,covered,licensed-vendor,covered,covered,unknown,licensed-vendor,disposal-and-attention-captured;lifecycle-and-fundamental-from-tej-licensed-vendor;suspension-inferred-from-price-absence;tpex-no-range-based-exright-endpoint
TWSE,2026-04-18,official-closed,not-session,not-session,0,covered,licensed-vendor,official-no-data,covered,covered,licensed-vendor,disposal-and-attention-captured;lifecycle-and-fundamental-from-tej-licensed-vendor;suspension-inferred-from-price-absence
TPEX,2026-04-18,official-closed,not-session,not-session,0,covered,licensed-vendor,official-no-data,covered,unknown,licensed-vendor,disposal-and-attention-captured;lifecycle-and-fundamental-from-tej-licensed-vendor;suspension-inferred-from-price-absence;tpex-no-range-based-exright-endpoint
TWSE,2026-04-19,official-closed,not-session,not-session,0,covered,licensed-vendor,official-no-data,covered,covered,licensed-vendor,disposal-and-attention-captured;lifecycle-and-fundamental-from-tej-licensed-vendor;suspension-inferred-from-price-absence
TPEX,2026-04-19,official-closed,not-session,not-session,0,covered,licensed-vendor,official-no-data,covered,unknown,licensed-vendor,disposal-and-attention-captured;lifecycle-and-fundamental-from-tej-licensed-vendor;suspension-inferred-from-price-absence;tpex-no-range-based-exright-endpoint
TWSE,2026-04-20,official-open,partial,supported,1351,covered,licensed-vendor,covered,covered,covered,licensed-vendor,blocked-only-by-vendor-dependency;disposal-and-attention-captured;lifecycle-and-fundamental-from-tej-licensed-vendor;suspension-inferred-from-price-absence
TPEX,2026-04-20,official-open,partial,partial,1003,covered,licensed-vendor,covered,covered,unknown,licensed-vendor,disposal-and-attention-captured;lifecycle-and-fundamental-from-tej-licensed-vendor;suspension-inferred-from-price-absence;tpex-no-range-based-exright-endpoint
TWSE,2026-04-21,official-open,partial,supported,1351,covered,licensed-vendor,covered,covered,covered,licensed-vendor,blocked-only-by-vendor-dependency;disposal-and-attention-captured;lifecycle-and-fundamental-from-tej-licensed-vendor;suspension-inferred-from-price-absence
TPEX,2026-04-21,official-open,partial,partial,1003,covered,licensed-vendor,covered,covered,unknown,licensed-vendor,disposal-and-attention-captured;lifecycle-and-fundamental-from-tej-licensed-vendor;suspension-inferred-from-price-absence;tpex-no-range-based-exright-endpoint
TWSE,2026-04-22,official-open,partial,supported,1352,covered,licensed-vendor,covered,covered,covered,licensed-vendor,blocked-only-by-vendor-dependency;disposal-and-attention-captured;lifecycle-and-fundamental-from-tej-licensed-vendor;suspension-inferred-from-price-absence
TPEX,2026-04-22,official-open,partial,partial,1004,covered,licensed-vendor,covered,covered,unknown,licensed-vendor,disposal-and-attention-captured;lifecycle-and-fundamental-from-tej-licensed-vendor;suspension-inferred-from-price-absence;tpex-no-range-based-exright-endpoint
TWSE,2026-04-23,official-open,partial,supported,1354,covered,licensed-vendor,covered,covered,covered,licensed-vendor,blocked-only-by-vendor-dependency;disposal-and-attention-captured;lifecycle-and-fundamental-from-tej-licensed-vendor;suspension-inferred-from-price-absence
TPEX,2026-04-23,official-open,partial,partial,1004,covered,licensed-vendor,covered,covered,unknown,licensed-vendor,disposal-and-attention-captured;lifecycle-and-fundamental-from-tej-licensed-vendor;suspension-inferred-from-price-absence;tpex-no-range-based-exright-endpoint
TWSE,2026-04-24,official-open,partial,supported,1354,covered,licensed-vendor,covered,covered,covered,licensed-vendor,blocked-only-by-vendor-dependency;disposal-and-attention-captured;lifecycle-and-fundamental-from-tej-licensed-vendor;suspension-inferred-from-price-absence
TPEX,2026-04-24,official-open,partial,partial,1004,covered,licensed-vendor,covered,covered,unknown,licensed-vendor,disposal-and-attention-captured;lifecycle-and-fundamental-from-tej-licensed-vendor;suspension-inferred-from-price-absence;tpex-no-range-based-exright-endpoint
TWSE,2026-04-25,official-closed,not-session,not-session,0,covered,licensed-vendor,official-no-data,covered,covered,licensed-vendor,disposal-and-attention-captured;lifecycle-and-fundamental-from-tej-licensed-vendor;suspension-inferred-from-price-absence
TPEX,2026-04-25,official-closed,not-session,not-session,0,covered,licensed-vendor,official-no-data,covered,unknown,licensed-vendor,disposal-and-attention-captured;lifecycle-and-fundamental-from-tej-licensed-vendor;suspension-inferred-from-price-absence;tpex-no-range-based-exright-endpoint
TWSE,2026-04-26,official-closed,not-session,not-session,0,covered,licensed-vendor,official-no-data,covered,covered,licensed-vendor,disposal-and-attention-captured;lifecycle-and-fundamental-from-tej-licensed-vendor;suspension-inferred-from-price-absence
TPEX,2026-04-26,official-closed,not-session,not-session,0,covered,licensed-vendor,official-no-data,covered,unknown,licensed-vendor,disposal-and-attention-captured;lifecycle-and-fundamental-from-tej-licensed-vendor;suspension-inferred-from-price-absence;tpex-no-range-based-exright-endpoint
TWSE,2026-04-27,official-open,partial,supported,1354,covered,licensed-vendor,covered,covered,covered,licensed-vendor,blocked-only-by-vendor-dependency;disposal-and-attention-captured;lifecycle-and-fundamental-from-tej-licensed-vendor;suspension-inferred-from-price-absence
TPEX,2026-04-27,official-open,partial,partial,1005,covered,licensed-vendor,covered,covered,unknown,licensed-vendor,disposal-and-attention-captured;lifecycle-and-fundamental-from-tej-licensed-vendor;suspension-inferred-from-price-absence;tpex-no-range-based-exright-endpoint
TWSE,2026-04-28,official-open,partial,supported,1355,covered,licensed-vendor,covered,covered,covered,licensed-vendor,blocked-only-by-vendor-dependency;disposal-and-attention-captured;lifecycle-and-fundamental-from-tej-licensed-vendor;suspension-inferred-from-price-absence
TPEX,2026-04-28,official-open,partial,partial,1005,covered,licensed-vendor,covered,covered,unknown,licensed-vendor,disposal-and-attention-captured;lifecycle-and-fundamental-from-tej-licensed-vendor;suspension-inferred-from-price-absence;tpex-no-range-based-exright-endpoint
TWSE,2026-04-29,official-open,partial,supported,1354,covered,licensed-vendor,covered,covered,covered,licensed-vendor,blocked-only-by-vendor-dependency;disposal-and-attention-captured;lifecycle-and-fundamental-from-tej-licensed-vendor;suspension-inferred-from-price-absence
TPEX,2026-04-29,official-open,partial,partial,1005,covered,licensed-vendor,covered,covered,unknown,licensed-vendor,disposal-and-attention-captured;lifecycle-and-fundamental-from-tej-licensed-vendor;suspension-inferred-from-price-absence;tpex-no-range-based-exright-endpoint
TWSE,2026-04-30,official-open,partial,supported,1355,covered,licensed-vendor,covered,covered,covered,licensed-vendor,blocked-only-by-vendor-dependency;disposal-and-attention-captured;lifecycle-and-fundamental-from-tej-licensed-vendor;suspension-inferred-from-price-absence
TPEX,2026-04-30,official-open,partial,partial,1005,covered,licensed-vendor,covered,covered,unknown,licensed-vendor,disposal-and-attention-captured;lifecycle-and-fundamental-from-tej-licensed-vendor;suspension-inferred-from-price-absence;tpex-no-range-based-exright-endpoint
TWSE,2026-05-01,official-closed,not-session,not-session,0,covered,licensed-vendor,official-no-data,covered,covered,licensed-vendor,disposal-and-attention-captured;lifecycle-and-fundamental-from-tej-licensed-vendor;suspension-inferred-from-price-absence
TPEX,2026-05-01,official-closed,not-session,not-session,0,covered,licensed-vendor,official-no-data,covered,unknown,licensed-vendor,disposal-and-attention-captured;lifecycle-and-fundamental-from-tej-licensed-vendor;suspension-inferred-from-price-absence;tpex-no-range-based-exright-endpoint
TWSE,2026-05-02,official-closed,not-session,not-session,0,covered,licensed-vendor,official-no-data,covered,covered,licensed-vendor,disposal-and-attention-captured;lifecycle-and-fundamental-from-tej-licensed-vendor;suspension-inferred-from-price-absence
TPEX,2026-05-02,official-closed,not-session,not-session,0,covered,licensed-vendor,official-no-data,covered,unknown,licensed-vendor,disposal-and-attention-captured;lifecycle-and-fundamental-from-tej-licensed-vendor;suspension-inferred-from-price-absence;tpex-no-range-based-exright-endpoint
TWSE,2026-05-03,official-closed,not-session,not-session,0,covered,licensed-vendor,official-no-data,covered,covered,licensed-vendor,disposal-and-attention-captured;lifecycle-and-fundamental-from-tej-licensed-vendor;suspension-inferred-from-price-absence
TPEX,2026-05-03,official-closed,not-session,not-session,0,covered,licensed-vendor,official-no-data,covered,unknown,licensed-vendor,disposal-and-attention-captured;lifecycle-and-fundamental-from-tej-licensed-vendor;suspension-inferred-from-price-absence;tpex-no-range-based-exright-endpoint
TWSE,2026-05-04,official-open,partial,supported,1355,covered,licensed-vendor,covered,covered,covered,licensed-vendor,blocked-only-by-vendor-dependency;disposal-and-attention-captured;lifecycle-and-fundamental-from-tej-licensed-vendor;suspension-inferred-from-price-absence
TPEX,2026-05-04,official-open,partial,partial,1005,covered,licensed-vendor,covered,covered,unknown,licensed-vendor,disposal-and-attention-captured;lifecycle-and-fundamental-from-tej-licensed-vendor;suspension-inferred-from-price-absence;tpex-no-range-based-exright-endpoint
TWSE,2026-05-05,official-open,partial,supported,1356,covered,licensed-vendor,covered,covered,covered,licensed-vendor,blocked-only-by-vendor-dependency;disposal-and-attention-captured;lifecycle-and-fundamental-from-tej-licensed-vendor;suspension-inferred-from-price-absence
TPEX,2026-05-05,official-open,partial,partial,1005,covered,licensed-vendor,covered,covered,unknown,licensed-vendor,disposal-and-attention-captured;lifecycle-and-fundamental-from-tej-licensed-vendor;suspension-inferred-from-price-absence;tpex-no-range-based-exright-endpoint
TWSE,2026-05-06,official-open,partial,supported,1356,covered,licensed-vendor,covered,covered,covered,licensed-vendor,blocked-only-by-vendor-dependency;disposal-and-attention-captured;lifecycle-and-fundamental-from-tej-licensed-vendor;suspension-inferred-from-price-absence
TPEX,2026-05-06,official-open,partial,partial,1006,covered,licensed-vendor,covered,covered,unknown,licensed-vendor,disposal-and-attention-captured;lifecycle-and-fundamental-from-tej-licensed-vendor;suspension-inferred-from-price-absence;tpex-no-range-based-exright-endpoint
TWSE,2026-05-07,official-open,partial,supported,1357,covered,licensed-vendor,covered,covered,covered,licensed-vendor,blocked-only-by-vendor-dependency;disposal-and-attention-captured;lifecycle-and-fundamental-from-tej-licensed-vendor;suspension-inferred-from-price-absence
TPEX,2026-05-07,official-open,partial,partial,1005,covered,licensed-vendor,covered,covered,unknown,licensed-vendor,disposal-and-attention-captured;lifecycle-and-fundamental-from-tej-licensed-vendor;suspension-inferred-from-price-absence;tpex-no-range-based-exright-endpoint
TWSE,2026-05-08,official-open,partial,supported,1357,covered,licensed-vendor,covered,covered,covered,licensed-vendor,blocked-only-by-vendor-dependency;disposal-and-attention-captured;lifecycle-and-fundamental-from-tej-licensed-vendor;suspension-inferred-from-price-absence
TPEX,2026-05-08,official-open,partial,partial,1006,covered,licensed-vendor,covered,covered,unknown,licensed-vendor,disposal-and-attention-captured;lifecycle-and-fundamental-from-tej-licensed-vendor;suspension-inferred-from-price-absence;tpex-no-range-based-exright-endpoint
TWSE,2026-05-09,official-closed,not-session,not-session,0,covered,licensed-vendor,official-no-data,covered,covered,licensed-vendor,disposal-and-attention-captured;lifecycle-and-fundamental-from-tej-licensed-vendor;suspension-inferred-from-price-absence
TPEX,2026-05-09,official-closed,not-session,not-session,0,covered,licensed-vendor,official-no-data,covered,unknown,licensed-vendor,disposal-and-attention-captured;lifecycle-and-fundamental-from-tej-licensed-vendor;suspension-inferred-from-price-absence;tpex-no-range-based-exright-endpoint
TWSE,2026-05-10,official-closed,not-session,not-session,0,covered,licensed-vendor,official-no-data,covered,covered,licensed-vendor,disposal-and-attention-captured;lifecycle-and-fundamental-from-tej-licensed-vendor;suspension-inferred-from-price-absence
TPEX,2026-05-10,official-closed,not-session,not-session,0,covered,licensed-vendor,official-no-data,covered,unknown,licensed-vendor,disposal-and-attention-captured;lifecycle-and-fundamental-from-tej-licensed-vendor;suspension-inferred-from-price-absence;tpex-no-range-based-exright-endpoint
TWSE,2026-05-11,official-open,partial,supported,1358,covered,licensed-vendor,covered,covered,covered,licensed-vendor,blocked-only-by-vendor-dependency;disposal-and-attention-captured;lifecycle-and-fundamental-from-tej-licensed-vendor;suspension-inferred-from-price-absence
TPEX,2026-05-11,official-open,partial,partial,1007,covered,licensed-vendor,covered,covered,unknown,licensed-vendor,disposal-and-attention-captured;lifecycle-and-fundamental-from-tej-licensed-vendor;suspension-inferred-from-price-absence;tpex-no-range-based-exright-endpoint
TWSE,2026-05-12,official-open,partial,supported,1359,covered,licensed-vendor,covered,covered,covered,licensed-vendor,blocked-only-by-vendor-dependency;disposal-and-attention-captured;lifecycle-and-fundamental-from-tej-licensed-vendor;suspension-inferred-from-price-absence
TPEX,2026-05-12,official-open,partial,partial,1007,covered,licensed-vendor,covered,covered,unknown,licensed-vendor,disposal-and-attention-captured;lifecycle-and-fundamental-from-tej-licensed-vendor;suspension-inferred-from-price-absence;tpex-no-range-based-exright-endpoint
TWSE,2026-05-13,official-open,partial,supported,1359,covered,licensed-vendor,covered,covered,covered,licensed-vendor,blocked-only-by-vendor-dependency;disposal-and-attention-captured;lifecycle-and-fundamental-from-tej-licensed-vendor;suspension-inferred-from-price-absence
TPEX,2026-05-13,official-open,partial,partial,1007,covered,licensed-vendor,covered,covered,unknown,licensed-vendor,disposal-and-attention-captured;lifecycle-and-fundamental-from-tej-licensed-vendor;suspension-inferred-from-price-absence;tpex-no-range-based-exright-endpoint
TWSE,2026-05-14,official-open,partial,supported,1359,covered,licensed-vendor,covered,covered,covered,licensed-vendor,blocked-only-by-vendor-dependency;disposal-and-attention-captured;lifecycle-and-fundamental-from-tej-licensed-vendor;suspension-inferred-from-price-absence
TPEX,2026-05-14,official-open,partial,partial,1007,covered,licensed-vendor,covered,covered,unknown,licensed-vendor,disposal-and-attention-captured;lifecycle-and-fundamental-from-tej-licensed-vendor;suspension-inferred-from-price-absence;tpex-no-range-based-exright-endpoint
TWSE,2026-05-15,official-open,partial,supported,1359,covered,licensed-vendor,covered,covered,covered,licensed-vendor,blocked-only-by-vendor-dependency;disposal-and-attention-captured;lifecycle-and-fundamental-from-tej-licensed-vendor;suspension-inferred-from-price-absence
TPEX,2026-05-15,official-open,partial,partial,1007,covered,licensed-vendor,covered,covered,unknown,licensed-vendor,disposal-and-attention-captured;lifecycle-and-fundamental-from-tej-licensed-vendor;suspension-inferred-from-price-absence;tpex-no-range-based-exright-endpoint
TWSE,2026-05-16,official-closed,not-session,not-session,0,covered,licensed-vendor,official-no-data,covered,covered,licensed-vendor,disposal-and-attention-captured;lifecycle-and-fundamental-from-tej-licensed-vendor;suspension-inferred-from-price-absence
TPEX,2026-05-16,official-closed,not-session,not-session,0,covered,licensed-vendor,official-no-data,covered,unknown,licensed-vendor,disposal-and-attention-captured;lifecycle-and-fundamental-from-tej-licensed-vendor;suspension-inferred-from-price-absence;tpex-no-range-based-exright-endpoint
TWSE,2026-05-17,official-closed,not-session,not-session,0,covered,licensed-vendor,official-no-data,covered,covered,licensed-vendor,disposal-and-attention-captured;lifecycle-and-fundamental-from-tej-licensed-vendor;suspension-inferred-from-price-absence
TPEX,2026-05-17,official-closed,not-session,not-session,0,covered,licensed-vendor,official-no-data,covered,unknown,licensed-vendor,disposal-and-attention-captured;lifecycle-and-fundamental-from-tej-licensed-vendor;suspension-inferred-from-price-absence;tpex-no-range-based-exright-endpoint
TWSE,2026-05-18,official-open,partial,supported,1360,covered,licensed-vendor,covered,covered,covered,licensed-vendor,blocked-only-by-vendor-dependency;disposal-and-attention-captured;lifecycle-and-fundamental-from-tej-licensed-vendor;suspension-inferred-from-price-absence
TPEX,2026-05-18,official-open,partial,partial,1007,covered,licensed-vendor,covered,covered,unknown,licensed-vendor,disposal-and-attention-captured;lifecycle-and-fundamental-from-tej-licensed-vendor;suspension-inferred-from-price-absence;tpex-no-range-based-exright-endpoint
TWSE,2026-05-19,official-open,partial,supported,1360,covered,licensed-vendor,covered,covered,covered,licensed-vendor,blocked-only-by-vendor-dependency;disposal-and-attention-captured;lifecycle-and-fundamental-from-tej-licensed-vendor;suspension-inferred-from-price-absence
TPEX,2026-05-19,official-open,partial,partial,1007,covered,licensed-vendor,covered,covered,unknown,licensed-vendor,disposal-and-attention-captured;lifecycle-and-fundamental-from-tej-licensed-vendor;suspension-inferred-from-price-absence;tpex-no-range-based-exright-endpoint
TWSE,2026-05-20,official-open,partial,supported,1361,covered,licensed-vendor,covered,covered,covered,licensed-vendor,blocked-only-by-vendor-dependency;disposal-and-attention-captured;lifecycle-and-fundamental-from-tej-licensed-vendor;suspension-inferred-from-price-absence
TPEX,2026-05-20,official-open,partial,partial,1007,covered,licensed-vendor,covered,covered,unknown,licensed-vendor,disposal-and-attention-captured;lifecycle-and-fundamental-from-tej-licensed-vendor;suspension-inferred-from-price-absence;tpex-no-range-based-exright-endpoint
TWSE,2026-05-21,official-open,partial,supported,1361,covered,licensed-vendor,covered,covered,covered,licensed-vendor,blocked-only-by-vendor-dependency;disposal-and-attention-captured;lifecycle-and-fundamental-from-tej-licensed-vendor;suspension-inferred-from-price-absence
TPEX,2026-05-21,official-open,partial,partial,1006,covered,licensed-vendor,covered,covered,unknown,licensed-vendor,disposal-and-attention-captured;lifecycle-and-fundamental-from-tej-licensed-vendor;suspension-inferred-from-price-absence;tpex-no-range-based-exright-endpoint
TWSE,2026-05-22,official-open,partial,supported,1362,covered,licensed-vendor,covered,covered,covered,licensed-vendor,blocked-only-by-vendor-dependency;disposal-and-attention-captured;lifecycle-and-fundamental-from-tej-licensed-vendor;suspension-inferred-from-price-absence
TPEX,2026-05-22,official-open,partial,partial,1006,covered,licensed-vendor,covered,covered,unknown,licensed-vendor,disposal-and-attention-captured;lifecycle-and-fundamental-from-tej-licensed-vendor;suspension-inferred-from-price-absence;tpex-no-range-based-exright-endpoint
TWSE,2026-05-23,official-closed,not-session,not-session,0,covered,licensed-vendor,official-no-data,covered,covered,licensed-vendor,disposal-and-attention-captured;lifecycle-and-fundamental-from-tej-licensed-vendor;suspension-inferred-from-price-absence
TPEX,2026-05-23,official-closed,not-session,not-session,0,covered,licensed-vendor,official-no-data,covered,unknown,licensed-vendor,disposal-and-attention-captured;lifecycle-and-fundamental-from-tej-licensed-vendor;suspension-inferred-from-price-absence;tpex-no-range-based-exright-endpoint
TWSE,2026-05-24,official-closed,not-session,not-session,0,covered,licensed-vendor,official-no-data,covered,covered,licensed-vendor,disposal-and-attention-captured;lifecycle-and-fundamental-from-tej-licensed-vendor;suspension-inferred-from-price-absence
TPEX,2026-05-24,official-closed,not-session,not-session,0,covered,licensed-vendor,official-no-data,covered,unknown,licensed-vendor,disposal-and-attention-captured;lifecycle-and-fundamental-from-tej-licensed-vendor;suspension-inferred-from-price-absence;tpex-no-range-based-exright-endpoint
TWSE,2026-05-25,official-open,partial,supported,1362,covered,licensed-vendor,covered,covered,covered,licensed-vendor,blocked-only-by-vendor-dependency;disposal-and-attention-captured;lifecycle-and-fundamental-from-tej-licensed-vendor;suspension-inferred-from-price-absence
TPEX,2026-05-25,official-open,partial,partial,1007,covered,licensed-vendor,covered,covered,unknown,licensed-vendor,disposal-and-attention-captured;lifecycle-and-fundamental-from-tej-licensed-vendor;suspension-inferred-from-price-absence;tpex-no-range-based-exright-endpoint
TWSE,2026-05-26,official-open,partial,supported,1361,covered,licensed-vendor,covered,covered,covered,licensed-vendor,blocked-only-by-vendor-dependency;disposal-and-attention-captured;lifecycle-and-fundamental-from-tej-licensed-vendor;suspension-inferred-from-price-absence
TPEX,2026-05-26,official-open,partial,partial,1007,covered,licensed-vendor,covered,covered,unknown,licensed-vendor,disposal-and-attention-captured;lifecycle-and-fundamental-from-tej-licensed-vendor;suspension-inferred-from-price-absence;tpex-no-range-based-exright-endpoint
TWSE,2026-05-27,official-open,partial,supported,1361,covered,licensed-vendor,covered,covered,covered,licensed-vendor,blocked-only-by-vendor-dependency;disposal-and-attention-captured;lifecycle-and-fundamental-from-tej-licensed-vendor;suspension-inferred-from-price-absence
TPEX,2026-05-27,official-open,partial,partial,1008,covered,licensed-vendor,covered,covered,unknown,licensed-vendor,disposal-and-attention-captured;lifecycle-and-fundamental-from-tej-licensed-vendor;suspension-inferred-from-price-absence;tpex-no-range-based-exright-endpoint
TWSE,2026-05-28,official-open,partial,supported,1361,covered,licensed-vendor,covered,covered,covered,licensed-vendor,blocked-only-by-vendor-dependency;disposal-and-attention-captured;lifecycle-and-fundamental-from-tej-licensed-vendor;suspension-inferred-from-price-absence
TPEX,2026-05-28,official-open,partial,partial,1008,covered,licensed-vendor,covered,covered,unknown,licensed-vendor,disposal-and-attention-captured;lifecycle-and-fundamental-from-tej-licensed-vendor;suspension-inferred-from-price-absence;tpex-no-range-based-exright-endpoint
TWSE,2026-05-29,official-open,partial,supported,1362,covered,licensed-vendor,covered,covered,covered,licensed-vendor,blocked-only-by-vendor-dependency;disposal-and-attention-captured;lifecycle-and-fundamental-from-tej-licensed-vendor;suspension-inferred-from-price-absence
TPEX,2026-05-29,official-open,partial,partial,1008,covered,licensed-vendor,covered,covered,unknown,licensed-vendor,disposal-and-attention-captured;lifecycle-and-fundamental-from-tej-licensed-vendor;suspension-inferred-from-price-absence;tpex-no-range-based-exright-endpoint
TWSE,2026-05-30,official-closed,not-session,not-session,0,covered,licensed-vendor,official-no-data,covered,covered,licensed-vendor,disposal-and-attention-captured;lifecycle-and-fundamental-from-tej-licensed-vendor;suspension-inferred-from-price-absence
TPEX,2026-05-30,official-closed,not-session,not-session,0,covered,licensed-vendor,official-no-data,covered,unknown,licensed-vendor,disposal-and-attention-captured;lifecycle-and-fundamental-from-tej-licensed-vendor;suspension-inferred-from-price-absence;tpex-no-range-based-exright-endpoint
TWSE,2026-05-31,official-closed,not-session,not-session,0,covered,licensed-vendor,official-no-data,covered,covered,licensed-vendor,disposal-and-attention-captured;lifecycle-and-fundamental-from-tej-licensed-vendor;suspension-inferred-from-price-absence
TPEX,2026-05-31,official-closed,not-session,not-session,0,covered,licensed-vendor,official-no-data,covered,unknown,licensed-vendor,disposal-and-attention-captured;lifecycle-and-fundamental-from-tej-licensed-vendor;suspension-inferred-from-price-absence;tpex-no-range-based-exright-endpoint
TWSE,2026-06-01,official-open,partial,supported,1362,covered,licensed-vendor,covered,covered,covered,licensed-vendor,blocked-only-by-vendor-dependency;disposal-and-attention-captured;lifecycle-and-fundamental-from-tej-licensed-vendor;suspension-inferred-from-price-absence
TPEX,2026-06-01,official-open,partial,partial,1008,covered,licensed-vendor,covered,covered,unknown,licensed-vendor,disposal-and-attention-captured;lifecycle-and-fundamental-from-tej-licensed-vendor;suspension-inferred-from-price-absence;tpex-no-range-based-exright-endpoint
TWSE,2026-06-02,official-open,partial,supported,1362,covered,licensed-vendor,covered,covered,covered,licensed-vendor,blocked-only-by-vendor-dependency;disposal-and-attention-captured;lifecycle-and-fundamental-from-tej-licensed-vendor;suspension-inferred-from-price-absence
TPEX,2026-06-02,official-open,partial,partial,1007,covered,licensed-vendor,covered,covered,unknown,licensed-vendor,disposal-and-attention-captured;lifecycle-and-fundamental-from-tej-licensed-vendor;suspension-inferred-from-price-absence;tpex-no-range-based-exright-endpoint
TWSE,2026-06-03,official-open,partial,supported,1362,covered,licensed-vendor,covered,covered,covered,licensed-vendor,blocked-only-by-vendor-dependency;disposal-and-attention-captured;lifecycle-and-fundamental-from-tej-licensed-vendor;suspension-inferred-from-price-absence
TPEX,2026-06-03,official-open,partial,partial,1008,covered,licensed-vendor,covered,covered,unknown,licensed-vendor,disposal-and-attention-captured;lifecycle-and-fundamental-from-tej-licensed-vendor;suspension-inferred-from-price-absence;tpex-no-range-based-exright-endpoint
TWSE,2026-06-04,official-open,partial,supported,1362,covered,licensed-vendor,covered,covered,covered,licensed-vendor,blocked-only-by-vendor-dependency;disposal-and-attention-captured;lifecycle-and-fundamental-from-tej-licensed-vendor;suspension-inferred-from-price-absence
TPEX,2026-06-04,official-open,partial,partial,1008,covered,licensed-vendor,covered,covered,unknown,licensed-vendor,disposal-and-attention-captured;lifecycle-and-fundamental-from-tej-licensed-vendor;suspension-inferred-from-price-absence;tpex-no-range-based-exright-endpoint
TWSE,2026-06-05,official-open,partial,supported,1362,covered,licensed-vendor,covered,covered,covered,licensed-vendor,blocked-only-by-vendor-dependency;disposal-and-attention-captured;lifecycle-and-fundamental-from-tej-licensed-vendor;suspension-inferred-from-price-absence
TPEX,2026-06-05,official-open,partial,partial,1009,covered,licensed-vendor,covered,covered,unknown,licensed-vendor,disposal-and-attention-captured;lifecycle-and-fundamental-from-tej-licensed-vendor;suspension-inferred-from-price-absence;tpex-no-range-based-exright-endpoint
TWSE,2026-06-06,official-closed,not-session,not-session,0,covered,licensed-vendor,official-no-data,covered,covered,licensed-vendor,disposal-and-attention-captured;lifecycle-and-fundamental-from-tej-licensed-vendor;suspension-inferred-from-price-absence
TPEX,2026-06-06,official-closed,not-session,not-session,0,covered,licensed-vendor,official-no-data,covered,unknown,licensed-vendor,disposal-and-attention-captured;lifecycle-and-fundamental-from-tej-licensed-vendor;suspension-inferred-from-price-absence;tpex-no-range-based-exright-endpoint
TWSE,2026-06-07,official-closed,not-session,not-session,0,covered,licensed-vendor,official-no-data,covered,covered,licensed-vendor,disposal-and-attention-captured;lifecycle-and-fundamental-from-tej-licensed-vendor;suspension-inferred-from-price-absence
TPEX,2026-06-07,official-closed,not-session,not-session,0,covered,licensed-vendor,official-no-data,covered,unknown,licensed-vendor,disposal-and-attention-captured;lifecycle-and-fundamental-from-tej-licensed-vendor;suspension-inferred-from-price-absence;tpex-no-range-based-exright-endpoint
TWSE,2026-06-08,official-open,partial,supported,1362,covered,licensed-vendor,covered,covered,covered,licensed-vendor,blocked-only-by-vendor-dependency;disposal-and-attention-captured;lifecycle-and-fundamental-from-tej-licensed-vendor;suspension-inferred-from-price-absence
TPEX,2026-06-08,official-open,partial,partial,1009,covered,licensed-vendor,covered,covered,unknown,licensed-vendor,disposal-and-attention-captured;lifecycle-and-fundamental-from-tej-licensed-vendor;suspension-inferred-from-price-absence;tpex-no-range-based-exright-endpoint
TWSE,2026-06-09,official-open,partial,supported,1365,covered,licensed-vendor,covered,covered,covered,licensed-vendor,blocked-only-by-vendor-dependency;disposal-and-attention-captured;lifecycle-and-fundamental-from-tej-licensed-vendor;suspension-inferred-from-price-absence
TPEX,2026-06-09,official-open,partial,partial,1009,covered,licensed-vendor,covered,covered,unknown,licensed-vendor,disposal-and-attention-captured;lifecycle-and-fundamental-from-tej-licensed-vendor;suspension-inferred-from-price-absence;tpex-no-range-based-exright-endpoint
TWSE,2026-06-10,official-open,partial,supported,1365,covered,licensed-vendor,covered,covered,covered,licensed-vendor,blocked-only-by-vendor-dependency;disposal-and-attention-captured;lifecycle-and-fundamental-from-tej-licensed-vendor;suspension-inferred-from-price-absence
TPEX,2026-06-10,official-open,partial,partial,1009,covered,licensed-vendor,covered,covered,unknown,licensed-vendor,disposal-and-attention-captured;lifecycle-and-fundamental-from-tej-licensed-vendor;suspension-inferred-from-price-absence;tpex-no-range-based-exright-endpoint
TWSE,2026-06-11,official-open,partial,supported,1366,covered,licensed-vendor,covered,covered,covered,licensed-vendor,blocked-only-by-vendor-dependency;disposal-and-attention-captured;lifecycle-and-fundamental-from-tej-licensed-vendor;suspension-inferred-from-price-absence
TPEX,2026-06-11,official-open,partial,partial,1008,covered,licensed-vendor,covered,covered,unknown,licensed-vendor,disposal-and-attention-captured;lifecycle-and-fundamental-from-tej-licensed-vendor;suspension-inferred-from-price-absence;tpex-no-range-based-exright-endpoint
TWSE,2026-06-12,official-open,partial,supported,1366,covered,licensed-vendor,covered,covered,covered,licensed-vendor,blocked-only-by-vendor-dependency;disposal-and-attention-captured;lifecycle-and-fundamental-from-tej-licensed-vendor;suspension-inferred-from-price-absence
TPEX,2026-06-12,official-open,partial,partial,1008,covered,licensed-vendor,covered,covered,unknown,licensed-vendor,disposal-and-attention-captured;lifecycle-and-fundamental-from-tej-licensed-vendor;suspension-inferred-from-price-absence;tpex-no-range-based-exright-endpoint
TWSE,2026-06-13,official-closed,not-session,not-session,0,covered,licensed-vendor,official-no-data,covered,covered,licensed-vendor,disposal-and-attention-captured;lifecycle-and-fundamental-from-tej-licensed-vendor;suspension-inferred-from-price-absence
TPEX,2026-06-13,official-closed,not-session,not-session,0,covered,licensed-vendor,official-no-data,covered,unknown,licensed-vendor,disposal-and-attention-captured;lifecycle-and-fundamental-from-tej-licensed-vendor;suspension-inferred-from-price-absence;tpex-no-range-based-exright-endpoint
TWSE,2026-06-14,official-closed,not-session,not-session,0,covered,licensed-vendor,official-no-data,covered,covered,licensed-vendor,disposal-and-attention-captured;lifecycle-and-fundamental-from-tej-licensed-vendor;suspension-inferred-from-price-absence
TPEX,2026-06-14,official-closed,not-session,not-session,0,covered,licensed-vendor,official-no-data,covered,unknown,licensed-vendor,disposal-and-attention-captured;lifecycle-and-fundamental-from-tej-licensed-vendor;suspension-inferred-from-price-absence;tpex-no-range-based-exright-endpoint
TWSE,2026-06-15,official-open,partial,supported,1366,covered,licensed-vendor,covered,covered,covered,licensed-vendor,blocked-only-by-vendor-dependency;disposal-and-attention-captured;lifecycle-and-fundamental-from-tej-licensed-vendor;suspension-inferred-from-price-absence
TPEX,2026-06-15,official-open,partial,partial,1009,covered,licensed-vendor,covered,covered,unknown,licensed-vendor,disposal-and-attention-captured;lifecycle-and-fundamental-from-tej-licensed-vendor;suspension-inferred-from-price-absence;tpex-no-range-based-exright-endpoint
TWSE,2026-06-16,official-open,partial,supported,1366,covered,licensed-vendor,covered,covered,covered,licensed-vendor,blocked-only-by-vendor-dependency;disposal-and-attention-captured;lifecycle-and-fundamental-from-tej-licensed-vendor;suspension-inferred-from-price-absence
TPEX,2026-06-16,official-open,partial,partial,1009,covered,licensed-vendor,covered,covered,unknown,licensed-vendor,disposal-and-attention-captured;lifecycle-and-fundamental-from-tej-licensed-vendor;suspension-inferred-from-price-absence;tpex-no-range-based-exright-endpoint
TWSE,2026-06-17,official-open,partial,supported,1366,covered,licensed-vendor,covered,covered,covered,licensed-vendor,blocked-only-by-vendor-dependency;disposal-and-attention-captured;lifecycle-and-fundamental-from-tej-licensed-vendor;suspension-inferred-from-price-absence
TPEX,2026-06-17,official-open,partial,partial,1010,covered,licensed-vendor,covered,covered,unknown,licensed-vendor,disposal-and-attention-captured;lifecycle-and-fundamental-from-tej-licensed-vendor;suspension-inferred-from-price-absence;tpex-no-range-based-exright-endpoint
TWSE,2026-06-18,official-open,partial,supported,1367,covered,licensed-vendor,covered,covered,covered,licensed-vendor,blocked-only-by-vendor-dependency;disposal-and-attention-captured;lifecycle-and-fundamental-from-tej-licensed-vendor;suspension-inferred-from-price-absence
TPEX,2026-06-18,official-open,partial,partial,1010,covered,licensed-vendor,covered,covered,unknown,licensed-vendor,disposal-and-attention-captured;lifecycle-and-fundamental-from-tej-licensed-vendor;suspension-inferred-from-price-absence;tpex-no-range-based-exright-endpoint
TWSE,2026-06-19,official-closed,not-session,not-session,0,covered,licensed-vendor,official-no-data,covered,covered,licensed-vendor,disposal-and-attention-captured;lifecycle-and-fundamental-from-tej-licensed-vendor;suspension-inferred-from-price-absence
TPEX,2026-06-19,official-closed,not-session,not-session,0,covered,licensed-vendor,official-no-data,covered,unknown,licensed-vendor,disposal-and-attention-captured;lifecycle-and-fundamental-from-tej-licensed-vendor;suspension-inferred-from-price-absence;tpex-no-range-based-exright-endpoint
TWSE,2026-06-20,official-closed,not-session,not-session,0,covered,licensed-vendor,official-no-data,covered,covered,licensed-vendor,disposal-and-attention-captured;lifecycle-and-fundamental-from-tej-licensed-vendor;suspension-inferred-from-price-absence
TPEX,2026-06-20,official-closed,not-session,not-session,0,covered,licensed-vendor,official-no-data,covered,unknown,licensed-vendor,disposal-and-attention-captured;lifecycle-and-fundamental-from-tej-licensed-vendor;suspension-inferred-from-price-absence;tpex-no-range-based-exright-endpoint
TWSE,2026-06-21,official-closed,not-session,not-session,0,covered,licensed-vendor,official-no-data,covered,covered,licensed-vendor,disposal-and-attention-captured;lifecycle-and-fundamental-from-tej-licensed-vendor;suspension-inferred-from-price-absence
TPEX,2026-06-21,official-closed,not-session,not-session,0,covered,licensed-vendor,official-no-data,covered,unknown,licensed-vendor,disposal-and-attention-captured;lifecycle-and-fundamental-from-tej-licensed-vendor;suspension-inferred-from-price-absence;tpex-no-range-based-exright-endpoint
TWSE,2026-06-22,official-open,partial,supported,1367,covered,licensed-vendor,covered,covered,covered,licensed-vendor,blocked-only-by-vendor-dependency;disposal-and-attention-captured;lifecycle-and-fundamental-from-tej-licensed-vendor;suspension-inferred-from-price-absence
TPEX,2026-06-22,official-open,partial,partial,1010,covered,licensed-vendor,covered,covered,unknown,licensed-vendor,disposal-and-attention-captured;lifecycle-and-fundamental-from-tej-licensed-vendor;suspension-inferred-from-price-absence;tpex-no-range-based-exright-endpoint
TWSE,2026-06-23,official-open,partial,supported,1366,covered,licensed-vendor,covered,covered,covered,licensed-vendor,blocked-only-by-vendor-dependency;disposal-and-attention-captured;lifecycle-and-fundamental-from-tej-licensed-vendor;suspension-inferred-from-price-absence
TPEX,2026-06-23,official-open,partial,partial,1009,covered,licensed-vendor,covered,covered,unknown,licensed-vendor,disposal-and-attention-captured;lifecycle-and-fundamental-from-tej-licensed-vendor;suspension-inferred-from-price-absence;tpex-no-range-based-exright-endpoint
TWSE,2026-06-24,official-open,partial,supported,1367,covered,licensed-vendor,covered,covered,covered,licensed-vendor,blocked-only-by-vendor-dependency;disposal-and-attention-captured;lifecycle-and-fundamental-from-tej-licensed-vendor;suspension-inferred-from-price-absence
TPEX,2026-06-24,official-open,partial,partial,1009,covered,licensed-vendor,covered,covered,unknown,licensed-vendor,disposal-and-attention-captured;lifecycle-and-fundamental-from-tej-licensed-vendor;suspension-inferred-from-price-absence;tpex-no-range-based-exright-endpoint
TWSE,2026-06-25,official-open,partial,supported,1368,covered,licensed-vendor,covered,covered,covered,licensed-vendor,blocked-only-by-vendor-dependency;disposal-and-attention-captured;lifecycle-and-fundamental-from-tej-licensed-vendor;suspension-inferred-from-price-absence
TPEX,2026-06-25,official-open,partial,partial,1010,covered,licensed-vendor,covered,covered,unknown,licensed-vendor,disposal-and-attention-captured;lifecycle-and-fundamental-from-tej-licensed-vendor;suspension-inferred-from-price-absence;tpex-no-range-based-exright-endpoint
TWSE,2026-06-26,official-open,partial,supported,1368,covered,licensed-vendor,covered,covered,covered,licensed-vendor,blocked-only-by-vendor-dependency;disposal-and-attention-captured;lifecycle-and-fundamental-from-tej-licensed-vendor;suspension-inferred-from-price-absence
TPEX,2026-06-26,official-open,partial,partial,1011,covered,licensed-vendor,covered,covered,unknown,licensed-vendor,disposal-and-attention-captured;lifecycle-and-fundamental-from-tej-licensed-vendor;suspension-inferred-from-price-absence;tpex-no-range-based-exright-endpoint
TWSE,2026-06-27,official-closed,not-session,not-session,0,covered,licensed-vendor,official-no-data,covered,covered,licensed-vendor,disposal-and-attention-captured;lifecycle-and-fundamental-from-tej-licensed-vendor;suspension-inferred-from-price-absence
TPEX,2026-06-27,official-closed,not-session,not-session,0,covered,licensed-vendor,official-no-data,covered,unknown,licensed-vendor,disposal-and-attention-captured;lifecycle-and-fundamental-from-tej-licensed-vendor;suspension-inferred-from-price-absence;tpex-no-range-based-exright-endpoint
TWSE,2026-06-28,official-closed,not-session,not-session,0,covered,licensed-vendor,official-no-data,covered,covered,licensed-vendor,disposal-and-attention-captured;lifecycle-and-fundamental-from-tej-licensed-vendor;suspension-inferred-from-price-absence
TPEX,2026-06-28,official-closed,not-session,not-session,0,covered,licensed-vendor,official-no-data,covered,unknown,licensed-vendor,disposal-and-attention-captured;lifecycle-and-fundamental-from-tej-licensed-vendor;suspension-inferred-from-price-absence;tpex-no-range-based-exright-endpoint
TWSE,2026-06-29,official-open,partial,supported,1369,covered,licensed-vendor,covered,covered,covered,licensed-vendor,blocked-only-by-vendor-dependency;disposal-and-attention-captured;lifecycle-and-fundamental-from-tej-licensed-vendor;suspension-inferred-from-price-absence
TPEX,2026-06-29,official-open,partial,partial,1011,covered,licensed-vendor,covered,covered,unknown,licensed-vendor,disposal-and-attention-captured;lifecycle-and-fundamental-from-tej-licensed-vendor;suspension-inferred-from-price-absence;tpex-no-range-based-exright-endpoint
TWSE,2026-06-30,official-open,partial,supported,1369,covered,licensed-vendor,covered,covered,covered,licensed-vendor,blocked-only-by-vendor-dependency;disposal-and-attention-captured;lifecycle-and-fundamental-from-tej-licensed-vendor;suspension-inferred-from-price-absence
TPEX,2026-06-30,official-open,partial,partial,1012,covered,licensed-vendor,covered,covered,unknown,licensed-vendor,disposal-and-attention-captured;lifecycle-and-fundamental-from-tej-licensed-vendor;suspension-inferred-from-price-absence;tpex-no-range-based-exright-endpoint
TWSE,2026-07-01,official-open,partial,supported,1368,covered,licensed-vendor,covered,covered,covered,licensed-vendor,blocked-only-by-vendor-dependency;disposal-and-attention-captured;lifecycle-and-fundamental-from-tej-licensed-vendor;suspension-inferred-from-price-absence
TPEX,2026-07-01,official-open,partial,partial,1012,covered,licensed-vendor,covered,covered,unknown,licensed-vendor,disposal-and-attention-captured;lifecycle-and-fundamental-from-tej-licensed-vendor;suspension-inferred-from-price-absence;tpex-no-range-based-exright-endpoint
TWSE,2026-07-02,official-open,partial,supported,1368,covered,licensed-vendor,covered,covered,covered,licensed-vendor,blocked-only-by-vendor-dependency;disposal-and-attention-captured;lifecycle-and-fundamental-from-tej-licensed-vendor;suspension-inferred-from-price-absence
TPEX,2026-07-02,official-open,partial,partial,1012,covered,licensed-vendor,covered,covered,unknown,licensed-vendor,disposal-and-attention-captured;lifecycle-and-fundamental-from-tej-licensed-vendor;suspension-inferred-from-price-absence;tpex-no-range-based-exright-endpoint
TWSE,2026-07-03,official-open,partial,supported,1368,covered,licensed-vendor,covered,covered,covered,licensed-vendor,blocked-only-by-vendor-dependency;disposal-and-attention-captured;lifecycle-and-fundamental-from-tej-licensed-vendor;suspension-inferred-from-price-absence
TPEX,2026-07-03,official-open,partial,partial,1012,covered,licensed-vendor,covered,covered,unknown,licensed-vendor,disposal-and-attention-captured;lifecycle-and-fundamental-from-tej-licensed-vendor;suspension-inferred-from-price-absence;tpex-no-range-based-exright-endpoint
TWSE,2026-07-04,official-closed,not-session,not-session,0,covered,licensed-vendor,official-no-data,covered,covered,licensed-vendor,disposal-and-attention-captured;lifecycle-and-fundamental-from-tej-licensed-vendor;suspension-inferred-from-price-absence
TPEX,2026-07-04,official-closed,not-session,not-session,0,covered,licensed-vendor,official-no-data,covered,unknown,licensed-vendor,disposal-and-attention-captured;lifecycle-and-fundamental-from-tej-licensed-vendor;suspension-inferred-from-price-absence;tpex-no-range-based-exright-endpoint
TWSE,2026-07-05,official-closed,not-session,not-session,0,covered,licensed-vendor,official-no-data,covered,covered,licensed-vendor,disposal-and-attention-captured;lifecycle-and-fundamental-from-tej-licensed-vendor;suspension-inferred-from-price-absence
TPEX,2026-07-05,official-closed,not-session,not-session,0,covered,licensed-vendor,official-no-data,covered,unknown,licensed-vendor,disposal-and-attention-captured;lifecycle-and-fundamental-from-tej-licensed-vendor;suspension-inferred-from-price-absence;tpex-no-range-based-exright-endpoint
TWSE,2026-07-06,official-open,partial,supported,1368,covered,licensed-vendor,covered,covered,covered,licensed-vendor,blocked-only-by-vendor-dependency;disposal-and-attention-captured;lifecycle-and-fundamental-from-tej-licensed-vendor;suspension-inferred-from-price-absence
TPEX,2026-07-06,official-open,partial,partial,1012,covered,licensed-vendor,covered,covered,unknown,licensed-vendor,disposal-and-attention-captured;lifecycle-and-fundamental-from-tej-licensed-vendor;suspension-inferred-from-price-absence;tpex-no-range-based-exright-endpoint
TWSE,2026-07-07,official-open,partial,supported,1369,covered,licensed-vendor,covered,covered,covered,licensed-vendor,blocked-only-by-vendor-dependency;disposal-and-attention-captured;lifecycle-and-fundamental-from-tej-licensed-vendor;suspension-inferred-from-price-absence
TPEX,2026-07-07,official-open,partial,partial,1012,covered,licensed-vendor,covered,covered,unknown,licensed-vendor,disposal-and-attention-captured;lifecycle-and-fundamental-from-tej-licensed-vendor;suspension-inferred-from-price-absence;tpex-no-range-based-exright-endpoint
TWSE,2026-07-08,official-open,partial,supported,1369,covered,licensed-vendor,covered,covered,covered,licensed-vendor,blocked-only-by-vendor-dependency;disposal-and-attention-captured;lifecycle-and-fundamental-from-tej-licensed-vendor;suspension-inferred-from-price-absence
TPEX,2026-07-08,official-open,partial,partial,1012,covered,licensed-vendor,covered,covered,unknown,licensed-vendor,disposal-and-attention-captured;lifecycle-and-fundamental-from-tej-licensed-vendor;suspension-inferred-from-price-absence;tpex-no-range-based-exright-endpoint
TWSE,2026-07-09,official-open,partial,supported,1369,covered,licensed-vendor,covered,covered,covered,licensed-vendor,blocked-only-by-vendor-dependency;disposal-and-attention-captured;lifecycle-and-fundamental-from-tej-licensed-vendor;suspension-inferred-from-price-absence
TPEX,2026-07-09,official-open,partial,partial,1013,covered,licensed-vendor,covered,covered,unknown,licensed-vendor,disposal-and-attention-captured;lifecycle-and-fundamental-from-tej-licensed-vendor;suspension-inferred-from-price-absence;tpex-no-range-based-exright-endpoint
TWSE,2026-07-10,official-closed,not-session,not-session,0,covered,licensed-vendor,official-no-data,covered,covered,licensed-vendor,disposal-and-attention-captured;lifecycle-and-fundamental-from-tej-licensed-vendor;suspension-inferred-from-price-absence
TPEX,2026-07-10,official-closed,not-session,not-session,0,covered,licensed-vendor,official-no-data,covered,unknown,licensed-vendor,disposal-and-attention-captured;lifecycle-and-fundamental-from-tej-licensed-vendor;suspension-inferred-from-price-absence;tpex-no-range-based-exright-endpoint
TWSE,2026-07-11,official-closed,not-session,not-session,0,covered,licensed-vendor,official-no-data,covered,covered,licensed-vendor,disposal-and-attention-captured;lifecycle-and-fundamental-from-tej-licensed-vendor;suspension-inferred-from-price-absence
TPEX,2026-07-11,official-closed,not-session,not-session,0,covered,licensed-vendor,official-no-data,covered,unknown,licensed-vendor,disposal-and-attention-captured;lifecycle-and-fundamental-from-tej-licensed-vendor;suspension-inferred-from-price-absence;tpex-no-range-based-exright-endpoint
TWSE,2026-07-12,official-closed,not-session,not-session,0,covered,licensed-vendor,official-no-data,covered,covered,licensed-vendor,disposal-and-attention-captured;lifecycle-and-fundamental-from-tej-licensed-vendor;suspension-inferred-from-price-absence
TPEX,2026-07-12,official-closed,not-session,not-session,0,covered,licensed-vendor,official-no-data,covered,unknown,licensed-vendor,disposal-and-attention-captured;lifecycle-and-fundamental-from-tej-licensed-vendor;suspension-inferred-from-price-absence;tpex-no-range-based-exright-endpoint
TWSE,2026-07-13,official-open,partial,supported,1369,covered,licensed-vendor,covered,covered,covered,licensed-vendor,blocked-only-by-vendor-dependency;disposal-and-attention-captured;lifecycle-and-fundamental-from-tej-licensed-vendor;suspension-inferred-from-price-absence
TPEX,2026-07-13,official-open,partial,partial,1013,covered,licensed-vendor,covered,covered,unknown,licensed-vendor,disposal-and-attention-captured;lifecycle-and-fundamental-from-tej-licensed-vendor;suspension-inferred-from-price-absence;tpex-no-range-based-exright-endpoint
TWSE,2026-07-14,official-open,partial,supported,1369,covered,licensed-vendor,covered,covered,covered,licensed-vendor,blocked-only-by-vendor-dependency;disposal-and-attention-captured;lifecycle-and-fundamental-from-tej-licensed-vendor;suspension-inferred-from-price-absence
TPEX,2026-07-14,official-open,partial,partial,1013,covered,licensed-vendor,covered,covered,unknown,licensed-vendor,disposal-and-attention-captured;lifecycle-and-fundamental-from-tej-licensed-vendor;suspension-inferred-from-price-absence;tpex-no-range-based-exright-endpoint
TWSE,2026-07-15,official-open,partial,supported,1370,covered,licensed-vendor,covered,covered,covered,licensed-vendor,blocked-only-by-vendor-dependency;disposal-and-attention-captured;lifecycle-and-fundamental-from-tej-licensed-vendor;suspension-inferred-from-price-absence
TPEX,2026-07-15,official-open,partial,partial,1013,covered,licensed-vendor,covered,covered,unknown,licensed-vendor,disposal-and-attention-captured;lifecycle-and-fundamental-from-tej-licensed-vendor;suspension-inferred-from-price-absence;tpex-no-range-based-exright-endpoint
TWSE,2026-07-16,official-open,partial,supported,1371,covered,licensed-vendor,covered,covered,covered,licensed-vendor,blocked-only-by-vendor-dependency;disposal-and-attention-captured;lifecycle-and-fundamental-from-tej-licensed-vendor;suspension-inferred-from-price-absence
TPEX,2026-07-16,official-open,partial,partial,1013,covered,licensed-vendor,covered,covered,unknown,licensed-vendor,disposal-and-attention-captured;lifecycle-and-fundamental-from-tej-licensed-vendor;suspension-inferred-from-price-absence;tpex-no-range-based-exright-endpoint
TWSE,2026-07-17,official-open,partial,supported,1371,covered,licensed-vendor,covered,covered,covered,licensed-vendor,blocked-only-by-vendor-dependency;disposal-and-attention-captured;lifecycle-and-fundamental-from-tej-licensed-vendor;suspension-inferred-from-price-absence
TPEX,2026-07-17,official-open,partial,partial,1013,covered,licensed-vendor,covered,covered,unknown,licensed-vendor,disposal-and-attention-captured;lifecycle-and-fundamental-from-tej-licensed-vendor;suspension-inferred-from-price-absence;tpex-no-range-based-exright-endpoint
TWSE,2026-07-18,official-closed,not-session,not-session,0,covered,licensed-vendor,official-no-data,covered,covered,licensed-vendor,disposal-and-attention-captured;lifecycle-and-fundamental-from-tej-licensed-vendor;suspension-inferred-from-price-absence
TPEX,2026-07-18,official-closed,not-session,not-session,0,covered,licensed-vendor,official-no-data,covered,unknown,licensed-vendor,disposal-and-attention-captured;lifecycle-and-fundamental-from-tej-licensed-vendor;suspension-inferred-from-price-absence;tpex-no-range-based-exright-endpoint
TWSE,2026-07-19,official-closed,not-session,not-session,0,covered,licensed-vendor,official-no-data,covered,covered,licensed-vendor,disposal-and-attention-captured;lifecycle-and-fundamental-from-tej-licensed-vendor;suspension-inferred-from-price-absence
TPEX,2026-07-19,official-closed,not-session,not-session,0,covered,licensed-vendor,official-no-data,covered,unknown,licensed-vendor,disposal-and-attention-captured;lifecycle-and-fundamental-from-tej-licensed-vendor;suspension-inferred-from-price-absence;tpex-no-range-based-exright-endpoint
TWSE,2026-07-20,official-open,partial,supported,1371,covered,licensed-vendor,covered,covered,covered,licensed-vendor,blocked-only-by-vendor-dependency;disposal-and-attention-captured;lifecycle-and-fundamental-from-tej-licensed-vendor;suspension-inferred-from-price-absence
TPEX,2026-07-20,official-open,partial,partial,1013,covered,licensed-vendor,covered,covered,unknown,licensed-vendor,disposal-and-attention-captured;lifecycle-and-fundamental-from-tej-licensed-vendor;suspension-inferred-from-price-absence;tpex-no-range-based-exright-endpoint
TWSE,2026-07-21,official-open,partial,supported,1371,covered,licensed-vendor,covered,covered,covered,licensed-vendor,blocked-only-by-vendor-dependency;disposal-and-attention-captured;lifecycle-and-fundamental-from-tej-licensed-vendor;suspension-inferred-from-price-absence
TPEX,2026-07-21,official-open,partial,partial,1013,covered,licensed-vendor,covered,covered,unknown,licensed-vendor,disposal-and-attention-captured;lifecycle-and-fundamental-from-tej-licensed-vendor;suspension-inferred-from-price-absence;tpex-no-range-based-exright-endpoint
TWSE,2026-07-22,official-open,partial,supported,1371,covered,licensed-vendor,covered,covered,covered,licensed-vendor,blocked-only-by-vendor-dependency;disposal-and-attention-captured;lifecycle-and-fundamental-from-tej-licensed-vendor;suspension-inferred-from-price-absence
TPEX,2026-07-22,official-open,partial,partial,1013,covered,licensed-vendor,covered,covered,unknown,licensed-vendor,disposal-and-attention-captured;lifecycle-and-fundamental-from-tej-licensed-vendor;suspension-inferred-from-price-absence;tpex-no-range-based-exright-endpoint
TWSE,2026-07-23,official-open,partial,supported,1371,covered,licensed-vendor,covered,covered,covered,licensed-vendor,blocked-only-by-vendor-dependency;disposal-and-attention-captured;lifecycle-and-fundamental-from-tej-licensed-vendor;suspension-inferred-from-price-absence
TPEX,2026-07-23,official-open,partial,partial,1013,covered,licensed-vendor,covered,covered,unknown,licensed-vendor,disposal-and-attention-captured;lifecycle-and-fundamental-from-tej-licensed-vendor;suspension-inferred-from-price-absence;tpex-no-range-based-exright-endpoint
TWSE,2026-07-24,official-open,partial,supported,1372,covered,licensed-vendor,covered,covered,covered,licensed-vendor,blocked-only-by-vendor-dependency;disposal-and-attention-captured;lifecycle-and-fundamental-from-tej-licensed-vendor;suspension-inferred-from-price-absence
TPEX,2026-07-24,official-open,partial,partial,1013,covered,licensed-vendor,covered,covered,unknown,licensed-vendor,disposal-and-attention-captured;lifecycle-and-fundamental-from-tej-licensed-vendor;suspension-inferred-from-price-absence;tpex-no-range-based-exright-endpoint
TWSE,2026-07-25,official-closed,not-session,not-session,0,covered,licensed-vendor,official-no-data,covered,covered,licensed-vendor,disposal-and-attention-captured;lifecycle-and-fundamental-from-tej-licensed-vendor;suspension-inferred-from-price-absence
TPEX,2026-07-25,official-closed,not-session,not-session,0,covered,licensed-vendor,official-no-data,covered,unknown,licensed-vendor,disposal-and-attention-captured;lifecycle-and-fundamental-from-tej-licensed-vendor;suspension-inferred-from-price-absence;tpex-no-range-based-exright-endpoint
TWSE,2026-07-26,official-closed,not-session,not-session,0,covered,licensed-vendor,official-no-data,covered,covered,licensed-vendor,disposal-and-attention-captured;lifecycle-and-fundamental-from-tej-licensed-vendor;suspension-inferred-from-price-absence
TPEX,2026-07-26,official-closed,not-session,not-session,0,covered,licensed-vendor,official-no-data,covered,unknown,licensed-vendor,disposal-and-attention-captured;lifecycle-and-fundamental-from-tej-licensed-vendor;suspension-inferred-from-price-absence;tpex-no-range-based-exright-endpoint
TWSE,2026-07-27,official-open,partial,supported,1372,covered,licensed-vendor,covered,covered,covered,licensed-vendor,blocked-only-by-vendor-dependency;disposal-and-attention-captured;lifecycle-and-fundamental-from-tej-licensed-vendor;suspension-inferred-from-price-absence
TPEX,2026-07-27,official-open,partial,partial,1013,covered,licensed-vendor,covered,covered,unknown,licensed-vendor,disposal-and-attention-captured;lifecycle-and-fundamental-from-tej-licensed-vendor;suspension-inferred-from-price-absence;tpex-no-range-based-exright-endpoint
TWSE,2026-07-28,official-open,partial,supported,1373,covered,licensed-vendor,covered,covered,covered,licensed-vendor,blocked-only-by-vendor-dependency;disposal-and-attention-captured;lifecycle-and-fundamental-from-tej-licensed-vendor;suspension-inferred-from-price-absence
TPEX,2026-07-28,official-open,partial,partial,1013,covered,licensed-vendor,covered,covered,unknown,licensed-vendor,disposal-and-attention-captured;lifecycle-and-fundamental-from-tej-licensed-vendor;suspension-inferred-from-price-absence;tpex-no-range-based-exright-endpoint
TWSE,2026-07-29,official-open,partial,supported,1373,covered,licensed-vendor,covered,covered,covered,licensed-vendor,blocked-only-by-vendor-dependency;disposal-and-attention-captured;lifecycle-and-fundamental-from-tej-licensed-vendor;suspension-inferred-from-price-absence
TPEX,2026-07-29,official-open,partial,partial,1013,covered,licensed-vendor,covered,covered,unknown,licensed-vendor,disposal-and-attention-captured;lifecycle-and-fundamental-from-tej-licensed-vendor;suspension-inferred-from-price-absence;tpex-no-range-based-exright-endpoint
TWSE,2026-07-30,official-open,partial,supported,1373,covered,licensed-vendor,covered,covered,covered,licensed-vendor,blocked-only-by-vendor-dependency;disposal-and-attention-captured;lifecycle-and-fundamental-from-tej-licensed-vendor;suspension-inferred-from-price-absence
TPEX,2026-07-30,official-open,partial,partial,1012,covered,licensed-vendor,covered,covered,unknown,licensed-vendor,disposal-and-attention-captured;lifecycle-and-fundamental-from-tej-licensed-vendor;suspension-inferred-from-price-absence;tpex-no-range-based-exright-endpoint
TWSE,2026-07-31,official-open,partial,supported,1373,covered,licensed-vendor,covered,covered,covered,licensed-vendor,blocked-only-by-vendor-dependency;disposal-and-attention-captured;lifecycle-and-fundamental-from-tej-licensed-vendor;suspension-inferred-from-price-absence
TPEX,2026-07-31,official-open,partial,partial,1012,covered,licensed-vendor,covered,covered,unknown,licensed-vendor,disposal-and-attention-captured;lifecycle-and-fundamental-from-tej-licensed-vendor;suspension-inferred-from-price-absence;tpex-no-range-based-exright-endpoint
TWSE,2026-08-01,official-closed,not-session,not-session,0,covered,licensed-vendor,official-no-data,covered,covered,licensed-vendor,disposal-and-attention-captured;lifecycle-and-fundamental-from-tej-licensed-vendor;suspension-inferred-from-price-absence
TPEX,2026-08-01,official-closed,not-session,not-session,0,covered,licensed-vendor,official-no-data,covered,unknown,licensed-vendor,disposal-and-attention-captured;lifecycle-and-fundamental-from-tej-licensed-vendor;suspension-inferred-from-price-absence;tpex-no-range-based-exright-endpoint
TWSE,2026-08-02,official-closed,not-session,not-session,0,covered,licensed-vendor,official-no-data,covered,covered,licensed-vendor,disposal-and-attention-captured;lifecycle-and-fundamental-from-tej-licensed-vendor;suspension-inferred-from-price-absence
TPEX,2026-08-02,official-closed,not-session,not-session,0,covered,licensed-vendor,official-no-data,covered,unknown,licensed-vendor,disposal-and-attention-captured;lifecycle-and-fundamental-from-tej-licensed-vendor;suspension-inferred-from-price-absence;tpex-no-range-based-exright-endpoint
TWSE,2026-08-03,official-open,partial,supported,1377,covered,licensed-vendor,covered,covered,covered,licensed-vendor,blocked-only-by-vendor-dependency;disposal-and-attention-captured;lifecycle-and-fundamental-from-tej-licensed-vendor;suspension-inferred-from-price-absence
TPEX,2026-08-03,official-open,partial,partial,1012,covered,licensed-vendor,covered,covered,unknown,licensed-vendor,disposal-and-attention-captured;lifecycle-and-fundamental-from-tej-licensed-vendor;suspension-inferred-from-price-absence;tpex-no-range-based-exright-endpoint
