market,calendar_date,session_state,reconstruction_state,coverage_calendar,coverage_security_lifecycle,coverage_daily_price,coverage_market_status,coverage_corporate_action,coverage_fundamental,reason_codes
TWSE,2025-01-01,unknown,unknown,unknown,current-only,unknown,current-only,unknown,partial,fundamental-coverage-limited-to-2026-06-and-2026Q1;market-status-current-only;no-dated-corporate-action-observation;no-durable-daily-price-observation;no-official-session-record-for-market-date;security-lifecycle-current-only
TPEX,2025-01-01,unknown,unknown,unknown,current-only,unknown,current-only,unknown,partial,fundamental-coverage-limited-to-2026-06-and-2026Q1;market-status-current-only;no-dated-corporate-action-observation;no-durable-daily-price-observation;no-official-session-record-for-market-date;security-lifecycle-current-only
TWSE,2025-01-02,unknown,unknown,unknown,current-only,unknown,current-only,unknown,partial,fundamental-coverage-limited-to-2026-06-and-2026Q1;market-status-current-only;no-dated-corporate-action-observation;no-durable-daily-price-observation;no-official-session-record-for-market-date;security-lifecycle-current-only
TPEX,2025-01-02,unknown,unknown,unknown,current-only,unknown,current-only,unknown,partial,fundamental-coverage-limited-to-2026-06-and-2026Q1;market-status-current-only;no-dated-corporate-action-observation;no-durable-daily-price-observation;no-official-session-record-for-market-date;security-lifecycle-current-only
TWSE,2025-01-03,unknown,unknown,unknown,current-only,unknown,current-only,unknown,partial,fundamental-coverage-limited-to-2026-06-and-2026Q1;market-status-current-only;no-dated-corporate-action-observation;no-durable-daily-price-observation;no-official-session-record-for-market-date;security-lifecycle-current-only
TPEX,2025-01-03,unknown,unknown,unknown,current-only,unknown,current-only,unknown,partial,fundamental-coverage-limited-to-2026-06-and-2026Q1;market-status-current-only;no-dated-corporate-action-observation;no-durable-daily-price-observation;no-official-session-record-for-market-date;security-lifecycle-current-only
TWSE,2025-01-04,unknown,unknown,unknown,current-only,unknown,current-only,unknown,partial,fundamental-coverage-limited-to-2026-06-and-2026Q1;market-status-current-only;no-dated-corporate-action-observation;no-durable-daily-price-observation;no-official-session-record-for-market-date;security-lifecycle-current-only
TPEX,2025-01-04,unknown,unknown,unknown,current-only,unknown,current-only,unknown,partial,fundamental-coverage-limited-to-2026-06-and-2026Q1;market-status-current-only;no-dated-corporate-action-observation;no-durable-daily-price-observation;no-official-session-record-for-market-date;security-lifecycle-current-only
TWSE,2025-01-05,unknown,unknown,unknown,current-only,unknown,current-only,unknown,partial,fundamental-coverage-limited-to-2026-06-and-2026Q1;market-status-current-only;no-dated-corporate-action-observation;no-durable-daily-price-observation;no-official-session-record-for-market-date;security-lifecycle-current-only
TPEX,2025-01-05,unknown,unknown,unknown,current-only,unknown,current-only,unknown,partial,fundamental-coverage-limited-to-2026-06-and-2026Q1;market-status-current-only;no-dated-corporate-action-observation;no-durable-daily-price-observation;no-official-session-record-for-market-date;security-lifecycle-current-only
TWSE,2025-01-06,unknown,unknown,unknown,current-only,unknown,current-only,unknown,partial,fundamental-coverage-limited-to-2026-06-and-2026Q1;market-status-current-only;no-dated-corporate-action-observation;no-durable-daily-price-observation;no-official-session-record-for-market-date;security-lifecycle-current-only
TPEX,2025-01-06,unknown,unknown,unknown,current-only,unknown,current-only,unknown,partial,fundamental-coverage-limited-to-2026-06-and-2026Q1;market-status-current-only;no-dated-corporate-action-observation;no-durable-daily-price-observation;no-official-session-record-for-market-date;security-lifecycle-current-only
TWSE,2025-01-07,unknown,unknown,unknown,current-only,unknown,current-only,unknown,partial,fundamental-coverage-limited-to-2026-06-and-2026Q1;market-status-current-only;no-dated-corporate-action-observation;no-durable-daily-price-observation;no-official-session-record-for-market-date;security-lifecycle-current-only
TPEX,2025-01-07,unknown,unknown,unknown,current-only,unknown,current-only,unknown,partial,fundamental-coverage-limited-to-2026-06-and-2026Q1;market-status-current-only;no-dated-corporate-action-observation;no-durable-daily-price-observation;no-official-session-record-for-market-date;security-lifecycle-current-only
TWSE,2025-01-08,unknown,unknown,unknown,current-only,unknown,current-only,unknown,partial,fundamental-coverage-limited-to-2026-06-and-2026Q1;market-status-current-only;no-dated-corporate-action-observation;no-durable-daily-price-observation;no-official-session-record-for-market-date;security-lifecycle-current-only
TPEX,2025-01-08,unknown,unknown,unknown,current-only,unknown,current-only,unknown,partial,fundamental-coverage-limited-to-2026-06-and-2026Q1;market-status-current-only;no-dated-corporate-action-observation;no-durable-daily-price-observation;no-official-session-record-for-market-date;security-lifecycle-current-only
TWSE,2025-01-09,unknown,unknown,unknown,current-only,unknown,current-only,unknown,partial,fundamental-coverage-limited-to-2026-06-and-2026Q1;market-status-current-only;no-dated-corporate-action-observation;no-durable-daily-price-observation;no-official-session-record-for-market-date;security-lifecycle-current-only
TPEX,2025-01-09,unknown,unknown,unknown,current-only,unknown,current-only,unknown,partial,fundamental-coverage-limited-to-2026-06-and-2026Q1;market-status-current-only;no-dated-corporate-action-observation;no-durable-daily-price-observation;no-official-session-record-for-market-date;security-lifecycle-current-only
TWSE,2025-01-10,unknown,unknown,unknown,current-only,unknown,current-only,unknown,partial,fundamental-coverage-limited-to-2026-06-and-2026Q1;market-status-current-only;no-dated-corporate-action-observation;no-durable-daily-price-observation;no-official-session-record-for-market-date;security-lifecycle-current-only
TPEX,2025-01-10,unknown,unknown,unknown,current-only,unknown,current-only,unknown,partial,fundamental-coverage-limited-to-2026-06-and-2026Q1;market-status-current-only;no-dated-corporate-action-observation;no-durable-daily-price-observation;no-official-session-record-for-market-date;security-lifecycle-current-only
TWSE,2025-01-11,unknown,unknown,unknown,current-only,unknown,current-only,unknown,partial,fundamental-coverage-limited-to-2026-06-and-2026Q1;market-status-current-only;no-dated-corporate-action-observation;no-durable-daily-price-observation;no-official-session-record-for-market-date;security-lifecycle-current-only
TPEX,2025-01-11,unknown,unknown,unknown,current-only,unknown,current-only,unknown,partial,fundamental-coverage-limited-to-2026-06-and-2026Q1;market-status-current-only;no-dated-corporate-action-observation;no-durable-daily-price-observation;no-official-session-record-for-market-date;security-lifecycle-current-only
TWSE,2025-01-12,unknown,unknown,unknown,current-only,unknown,current-only,unknown,partial,fundamental-coverage-limited-to-2026-06-and-2026Q1;market-status-current-only;no-dated-corporate-action-observation;no-durable-daily-price-observation;no-official-session-record-for-market-date;security-lifecycle-current-only
TPEX,2025-01-12,unknown,unknown,unknown,current-only,unknown,current-only,unknown,partial,fundamental-coverage-limited-to-2026-06-and-2026Q1;market-status-current-only;no-dated-corporate-action-observation;no-durable-daily-price-observation;no-official-session-record-for-market-date;security-lifecycle-current-only
TWSE,2025-01-13,unknown,unknown,unknown,current-only,unknown,current-only,unknown,partial,fundamental-coverage-limited-to-2026-06-and-2026Q1;market-status-current-only;no-dated-corporate-action-observation;no-durable-daily-price-observation;no-official-session-record-for-market-date;security-lifecycle-current-only
TPEX,2025-01-13,unknown,unknown,unknown,current-only,unknown,current-only,unknown,partial,fundamental-coverage-limited-to-2026-06-and-2026Q1;market-status-current-only;no-dated-corporate-action-observation;no-durable-daily-price-observation;no-official-session-record-for-market-date;security-lifecycle-current-only
TWSE,2025-01-14,unknown,unknown,unknown,current-only,unknown,current-only,unknown,partial,fundamental-coverage-limited-to-2026-06-and-2026Q1;market-status-current-only;no-dated-corporate-action-observation;no-durable-daily-price-observation;no-official-session-record-for-market-date;security-lifecycle-current-only
TPEX,2025-01-14,unknown,unknown,unknown,current-only,unknown,current-only,unknown,partial,fundamental-coverage-limited-to-2026-06-and-2026Q1;market-status-current-only;no-dated-corporate-action-observation;no-durable-daily-price-observation;no-official-session-record-for-market-date;security-lifecycle-current-only
TWSE,2025-01-15,unknown,unknown,unknown,current-only,unknown,current-only,unknown,partial,fundamental-coverage-limited-to-2026-06-and-2026Q1;market-status-current-only;no-dated-corporate-action-observation;no-durable-daily-price-observation;no-official-session-record-for-market-date;security-lifecycle-current-only
TPEX,2025-01-15,unknown,unknown,unknown,current-only,unknown,current-only,unknown,partial,fundamental-coverage-limited-to-2026-06-and-2026Q1;market-status-current-only;no-dated-corporate-action-observation;no-durable-daily-price-observation;no-official-session-record-for-market-date;security-lifecycle-current-only
TWSE,2025-01-16,unknown,unknown,unknown,current-only,unknown,current-only,unknown,partial,fundamental-coverage-limited-to-2026-06-and-2026Q1;market-status-current-only;no-dated-corporate-action-observation;no-durable-daily-price-observation;no-official-session-record-for-market-date;security-lifecycle-current-only
TPEX,2025-01-16,unknown,unknown,unknown,current-only,unknown,current-only,unknown,partial,fundamental-coverage-limited-to-2026-06-and-2026Q1;market-status-current-only;no-dated-corporate-action-observation;no-durable-daily-price-observation;no-official-session-record-for-market-date;security-lifecycle-current-only
TWSE,2025-01-17,unknown,unknown,unknown,current-only,unknown,current-only,unknown,partial,fundamental-coverage-limited-to-2026-06-and-2026Q1;market-status-current-only;no-dated-corporate-action-observation;no-durable-daily-price-observation;no-official-session-record-for-market-date;security-lifecycle-current-only
TPEX,2025-01-17,unknown,unknown,unknown,current-only,unknown,current-only,unknown,partial,fundamental-coverage-limited-to-2026-06-and-2026Q1;market-status-current-only;no-dated-corporate-action-observation;no-durable-daily-price-observation;no-official-session-record-for-market-date;security-lifecycle-current-only
TWSE,2025-01-18,unknown,unknown,unknown,current-only,unknown,current-only,unknown,partial,fundamental-coverage-limited-to-2026-06-and-2026Q1;market-status-current-only;no-dated-corporate-action-observation;no-durable-daily-price-observation;no-official-session-record-for-market-date;security-lifecycle-current-only
TPEX,2025-01-18,unknown,unknown,unknown,current-only,unknown,current-only,unknown,partial,fundamental-coverage-limited-to-2026-06-and-2026Q1;market-status-current-only;no-dated-corporate-action-observation;no-durable-daily-price-observation;no-official-session-record-for-market-date;security-lifecycle-current-only
TWSE,2025-01-19,unknown,unknown,unknown,current-only,unknown,current-only,unknown,partial,fundamental-coverage-limited-to-2026-06-and-2026Q1;market-status-current-only;no-dated-corporate-action-observation;no-durable-daily-price-observation;no-official-session-record-for-market-date;security-lifecycle-current-only
TPEX,2025-01-19,unknown,unknown,unknown,current-only,unknown,current-only,unknown,partial,fundamental-coverage-limited-to-2026-06-and-2026Q1;market-status-current-only;no-dated-corporate-action-observation;no-durable-daily-price-observation;no-official-session-record-for-market-date;security-lifecycle-current-only
TWSE,2025-01-20,unknown,unknown,unknown,current-only,unknown,current-only,unknown,partial,fundamental-coverage-limited-to-2026-06-and-2026Q1;market-status-current-only;no-dated-corporate-action-observation;no-durable-daily-price-observation;no-official-session-record-for-market-date;security-lifecycle-current-only
TPEX,2025-01-20,unknown,unknown,unknown,current-only,unknown,current-only,unknown,partial,fundamental-coverage-limited-to-2026-06-and-2026Q1;market-status-current-only;no-dated-corporate-action-observation;no-durable-daily-price-observation;no-official-session-record-for-market-date;security-lifecycle-current-only
TWSE,2025-01-21,unknown,unknown,unknown,current-only,unknown,current-only,unknown,partial,fundamental-coverage-limited-to-2026-06-and-2026Q1;market-status-current-only;no-dated-corporate-action-observation;no-durable-daily-price-observation;no-official-session-record-for-market-date;security-lifecycle-current-only
TPEX,2025-01-21,unknown,unknown,unknown,current-only,unknown,current-only,unknown,partial,fundamental-coverage-limited-to-2026-06-and-2026Q1;market-status-current-only;no-dated-corporate-action-observation;no-durable-daily-price-observation;no-official-session-record-for-market-date;security-lifecycle-current-only
TWSE,2025-01-22,unknown,unknown,unknown,current-only,unknown,current-only,unknown,partial,fundamental-coverage-limited-to-2026-06-and-2026Q1;market-status-current-only;no-dated-corporate-action-observation;no-durable-daily-price-observation;no-official-session-record-for-market-date;security-lifecycle-current-only
TPEX,2025-01-22,unknown,unknown,unknown,current-only,unknown,current-only,unknown,partial,fundamental-coverage-limited-to-2026-06-and-2026Q1;market-status-current-only;no-dated-corporate-action-observation;no-durable-daily-price-observation;no-official-session-record-for-market-date;security-lifecycle-current-only
TWSE,2025-01-23,unknown,unknown,unknown,current-only,unknown,current-only,unknown,partial,fundamental-coverage-limited-to-2026-06-and-2026Q1;market-status-current-only;no-dated-corporate-action-observation;no-durable-daily-price-observation;no-official-session-record-for-market-date;security-lifecycle-current-only
TPEX,2025-01-23,unknown,unknown,unknown,current-only,unknown,current-only,unknown,partial,fundamental-coverage-limited-to-2026-06-and-2026Q1;market-status-current-only;no-dated-corporate-action-observation;no-durable-daily-price-observation;no-official-session-record-for-market-date;security-lifecycle-current-only
TWSE,2025-01-24,unknown,unknown,unknown,current-only,unknown,current-only,unknown,partial,fundamental-coverage-limited-to-2026-06-and-2026Q1;market-status-current-only;no-dated-corporate-action-observation;no-durable-daily-price-observation;no-official-session-record-for-market-date;security-lifecycle-current-only
TPEX,2025-01-24,unknown,unknown,unknown,current-only,unknown,current-only,unknown,partial,fundamental-coverage-limited-to-2026-06-and-2026Q1;market-status-current-only;no-dated-corporate-action-observation;no-durable-daily-price-observation;no-official-session-record-for-market-date;security-lifecycle-current-only
TWSE,2025-01-25,unknown,unknown,unknown,current-only,unknown,current-only,unknown,partial,fundamental-coverage-limited-to-2026-06-and-2026Q1;market-status-current-only;no-dated-corporate-action-observation;no-durable-daily-price-observation;no-official-session-record-for-market-date;security-lifecycle-current-only
TPEX,2025-01-25,unknown,unknown,unknown,current-only,unknown,current-only,unknown,partial,fundamental-coverage-limited-to-2026-06-and-2026Q1;market-status-current-only;no-dated-corporate-action-observation;no-durable-daily-price-observation;no-official-session-record-for-market-date;security-lifecycle-current-only
TWSE,2025-01-26,unknown,unknown,unknown,current-only,unknown,current-only,unknown,partial,fundamental-coverage-limited-to-2026-06-and-2026Q1;market-status-current-only;no-dated-corporate-action-observation;no-durable-daily-price-observation;no-official-session-record-for-market-date;security-lifecycle-current-only
TPEX,2025-01-26,unknown,unknown,unknown,current-only,unknown,current-only,unknown,partial,fundamental-coverage-limited-to-2026-06-and-2026Q1;market-status-current-only;no-dated-corporate-action-observation;no-durable-daily-price-observation;no-official-session-record-for-market-date;security-lifecycle-current-only
TWSE,2025-01-27,unknown,unknown,unknown,current-only,unknown,current-only,unknown,partial,fundamental-coverage-limited-to-2026-06-and-2026Q1;market-status-current-only;no-dated-corporate-action-observation;no-durable-daily-price-observation;no-official-session-record-for-market-date;security-lifecycle-current-only
TPEX,2025-01-27,unknown,unknown,unknown,current-only,unknown,current-only,unknown,partial,fundamental-coverage-limited-to-2026-06-and-2026Q1;market-status-current-only;no-dated-corporate-action-observation;no-durable-daily-price-observation;no-official-session-record-for-market-date;security-lifecycle-current-only
TWSE,2025-01-28,unknown,unknown,unknown,current-only,unknown,current-only,unknown,partial,fundamental-coverage-limited-to-2026-06-and-2026Q1;market-status-current-only;no-dated-corporate-action-observation;no-durable-daily-price-observation;no-official-session-record-for-market-date;security-lifecycle-current-only
TPEX,2025-01-28,unknown,unknown,unknown,current-only,unknown,current-only,unknown,partial,fundamental-coverage-limited-to-2026-06-and-2026Q1;market-status-current-only;no-dated-corporate-action-observation;no-durable-daily-price-observation;no-official-session-record-for-market-date;security-lifecycle-current-only
TWSE,2025-01-29,unknown,unknown,unknown,current-only,unknown,current-only,unknown,partial,fundamental-coverage-limited-to-2026-06-and-2026Q1;market-status-current-only;no-dated-corporate-action-observation;no-durable-daily-price-observation;no-official-session-record-for-market-date;security-lifecycle-current-only
TPEX,2025-01-29,unknown,unknown,unknown,current-only,unknown,current-only,unknown,partial,fundamental-coverage-limited-to-2026-06-and-2026Q1;market-status-current-only;no-dated-corporate-action-observation;no-durable-daily-price-observation;no-official-session-record-for-market-date;security-lifecycle-current-only
TWSE,2025-01-30,unknown,unknown,unknown,current-only,unknown,current-only,unknown,partial,fundamental-coverage-limited-to-2026-06-and-2026Q1;market-status-current-only;no-dated-corporate-action-observation;no-durable-daily-price-observation;no-official-session-record-for-market-date;security-lifecycle-current-only
TPEX,2025-01-30,unknown,unknown,unknown,current-only,unknown,current-only,unknown,partial,fundamental-coverage-limited-to-2026-06-and-2026Q1;market-status-current-only;no-dated-corporate-action-observation;no-durable-daily-price-observation;no-official-session-record-for-market-date;security-lifecycle-current-only
TWSE,2025-01-31,unknown,unknown,unknown,current-only,unknown,current-only,unknown,partial,fundamental-coverage-limited-to-2026-06-and-2026Q1;market-status-current-only;no-dated-corporate-action-observation;no-durable-daily-price-observation;no-official-session-record-for-market-date;security-lifecycle-current-only
TPEX,2025-01-31,unknown,unknown,unknown,current-only,unknown,current-only,unknown,partial,fundamental-coverage-limited-to-2026-06-and-2026Q1;market-status-current-only;no-dated-corporate-action-observation;no-durable-daily-price-observation;no-official-session-record-for-market-date;security-lifecycle-current-only
TWSE,2025-02-01,unknown,unknown,unknown,current-only,unknown,current-only,unknown,partial,fundamental-coverage-limited-to-2026-06-and-2026Q1;market-status-current-only;no-dated-corporate-action-observation;no-durable-daily-price-observation;no-official-session-record-for-market-date;security-lifecycle-current-only
TPEX,2025-02-01,unknown,unknown,unknown,current-only,unknown,current-only,unknown,partial,fundamental-coverage-limited-to-2026-06-and-2026Q1;market-status-current-only;no-dated-corporate-action-observation;no-durable-daily-price-observation;no-official-session-record-for-market-date;security-lifecycle-current-only
TWSE,2025-02-02,unknown,unknown,unknown,current-only,unknown,current-only,unknown,partial,fundamental-coverage-limited-to-2026-06-and-2026Q1;market-status-current-only;no-dated-corporate-action-observation;no-durable-daily-price-observation;no-official-session-record-for-market-date;security-lifecycle-current-only
TPEX,2025-02-02,unknown,unknown,unknown,current-only,unknown,current-only,unknown,partial,fundamental-coverage-limited-to-2026-06-and-2026Q1;market-status-current-only;no-dated-corporate-action-observation;no-durable-daily-price-observation;no-official-session-record-for-market-date;security-lifecycle-current-only
TWSE,2025-02-03,unknown,unknown,unknown,current-only,unknown,current-only,unknown,partial,fundamental-coverage-limited-to-2026-06-and-2026Q1;market-status-current-only;no-dated-corporate-action-observation;no-durable-daily-price-observation;no-official-session-record-for-market-date;security-lifecycle-current-only
TPEX,2025-02-03,unknown,unknown,unknown,current-only,unknown,current-only,unknown,partial,fundamental-coverage-limited-to-2026-06-and-2026Q1;market-status-current-only;no-dated-corporate-action-observation;no-durable-daily-price-observation;no-official-session-record-for-market-date;security-lifecycle-current-only
TWSE,2025-02-04,unknown,unknown,unknown,current-only,unknown,current-only,unknown,partial,fundamental-coverage-limited-to-2026-06-and-2026Q1;market-status-current-only;no-dated-corporate-action-observation;no-durable-daily-price-observation;no-official-session-record-for-market-date;security-lifecycle-current-only
TPEX,2025-02-04,unknown,unknown,unknown,current-only,unknown,current-only,unknown,partial,fundamental-coverage-limited-to-2026-06-and-2026Q1;market-status-current-only;no-dated-corporate-action-observation;no-durable-daily-price-observation;no-official-session-record-for-market-date;security-lifecycle-current-only
TWSE,2025-02-05,unknown,unknown,unknown,current-only,unknown,current-only,unknown,partial,fundamental-coverage-limited-to-2026-06-and-2026Q1;market-status-current-only;no-dated-corporate-action-observation;no-durable-daily-price-observation;no-official-session-record-for-market-date;security-lifecycle-current-only
TPEX,2025-02-05,unknown,unknown,unknown,current-only,unknown,current-only,unknown,partial,fundamental-coverage-limited-to-2026-06-and-2026Q1;market-status-current-only;no-dated-corporate-action-observation;no-durable-daily-price-observation;no-official-session-record-for-market-date;security-lifecycle-current-only
TWSE,2025-02-06,unknown,unknown,unknown,current-only,unknown,current-only,unknown,partial,fundamental-coverage-limited-to-2026-06-and-2026Q1;market-status-current-only;no-dated-corporate-action-observation;no-durable-daily-price-observation;no-official-session-record-for-market-date;security-lifecycle-current-only
TPEX,2025-02-06,unknown,unknown,unknown,current-only,unknown,current-only,unknown,partial,fundamental-coverage-limited-to-2026-06-and-2026Q1;market-status-current-only;no-dated-corporate-action-observation;no-durable-daily-price-observation;no-official-session-record-for-market-date;security-lifecycle-current-only
TWSE,2025-02-07,unknown,unknown,unknown,current-only,unknown,current-only,unknown,partial,fundamental-coverage-limited-to-2026-06-and-2026Q1;market-status-current-only;no-dated-corporate-action-observation;no-durable-daily-price-observation;no-official-session-record-for-market-date;security-lifecycle-current-only
TPEX,2025-02-07,unknown,unknown,unknown,current-only,unknown,current-only,unknown,partial,fundamental-coverage-limited-to-2026-06-and-2026Q1;market-status-current-only;no-dated-corporate-action-observation;no-durable-daily-price-observation;no-official-session-record-for-market-date;security-lifecycle-current-only
TWSE,2025-02-08,unknown,unknown,unknown,current-only,unknown,current-only,unknown,partial,fundamental-coverage-limited-to-2026-06-and-2026Q1;market-status-current-only;no-dated-corporate-action-observation;no-durable-daily-price-observation;no-official-session-record-for-market-date;security-lifecycle-current-only
TPEX,2025-02-08,unknown,unknown,unknown,current-only,unknown,current-only,unknown,partial,fundamental-coverage-limited-to-2026-06-and-2026Q1;market-status-current-only;no-dated-corporate-action-observation;no-durable-daily-price-observation;no-official-session-record-for-market-date;security-lifecycle-current-only
TWSE,2025-02-09,unknown,unknown,unknown,current-only,unknown,current-only,unknown,partial,fundamental-coverage-limited-to-2026-06-and-2026Q1;market-status-current-only;no-dated-corporate-action-observation;no-durable-daily-price-observation;no-official-session-record-for-market-date;security-lifecycle-current-only
TPEX,2025-02-09,unknown,unknown,unknown,current-only,unknown,current-only,unknown,partial,fundamental-coverage-limited-to-2026-06-and-2026Q1;market-status-current-only;no-dated-corporate-action-observation;no-durable-daily-price-observation;no-official-session-record-for-market-date;security-lifecycle-current-only
TWSE,2025-02-10,unknown,unknown,unknown,current-only,unknown,current-only,unknown,partial,fundamental-coverage-limited-to-2026-06-and-2026Q1;market-status-current-only;no-dated-corporate-action-observation;no-durable-daily-price-observation;no-official-session-record-for-market-date;security-lifecycle-current-only
TPEX,2025-02-10,unknown,unknown,unknown,current-only,unknown,current-only,unknown,partial,fundamental-coverage-limited-to-2026-06-and-2026Q1;market-status-current-only;no-dated-corporate-action-observation;no-durable-daily-price-observation;no-official-session-record-for-market-date;security-lifecycle-current-only
TWSE,2025-02-11,unknown,unknown,unknown,current-only,unknown,current-only,unknown,partial,fundamental-coverage-limited-to-2026-06-and-2026Q1;market-status-current-only;no-dated-corporate-action-observation;no-durable-daily-price-observation;no-official-session-record-for-market-date;security-lifecycle-current-only
TPEX,2025-02-11,unknown,unknown,unknown,current-only,unknown,current-only,unknown,partial,fundamental-coverage-limited-to-2026-06-and-2026Q1;market-status-current-only;no-dated-corporate-action-observation;no-durable-daily-price-observation;no-official-session-record-for-market-date;security-lifecycle-current-only
TWSE,2025-02-12,unknown,unknown,unknown,current-only,unknown,current-only,unknown,partial,fundamental-coverage-limited-to-2026-06-and-2026Q1;market-status-current-only;no-dated-corporate-action-observation;no-durable-daily-price-observation;no-official-session-record-for-market-date;security-lifecycle-current-only
TPEX,2025-02-12,unknown,unknown,unknown,current-only,unknown,current-only,unknown,partial,fundamental-coverage-limited-to-2026-06-and-2026Q1;market-status-current-only;no-dated-corporate-action-observation;no-durable-daily-price-observation;no-official-session-record-for-market-date;security-lifecycle-current-only
TWSE,2025-02-13,unknown,unknown,unknown,current-only,unknown,current-only,unknown,partial,fundamental-coverage-limited-to-2026-06-and-2026Q1;market-status-current-only;no-dated-corporate-action-observation;no-durable-daily-price-observation;no-official-session-record-for-market-date;security-lifecycle-current-only
TPEX,2025-02-13,unknown,unknown,unknown,current-only,unknown,current-only,unknown,partial,fundamental-coverage-limited-to-2026-06-and-2026Q1;market-status-current-only;no-dated-corporate-action-observation;no-durable-daily-price-observation;no-official-session-record-for-market-date;security-lifecycle-current-only
TWSE,2025-02-14,unknown,unknown,unknown,current-only,unknown,current-only,unknown,partial,fundamental-coverage-limited-to-2026-06-and-2026Q1;market-status-current-only;no-dated-corporate-action-observation;no-durable-daily-price-observation;no-official-session-record-for-market-date;security-lifecycle-current-only
TPEX,2025-02-14,unknown,unknown,unknown,current-only,unknown,current-only,unknown,partial,fundamental-coverage-limited-to-2026-06-and-2026Q1;market-status-current-only;no-dated-corporate-action-observation;no-durable-daily-price-observation;no-official-session-record-for-market-date;security-lifecycle-current-only
TWSE,2025-02-15,unknown,unknown,unknown,current-only,unknown,current-only,unknown,partial,fundamental-coverage-limited-to-2026-06-and-2026Q1;market-status-current-only;no-dated-corporate-action-observation;no-durable-daily-price-observation;no-official-session-record-for-market-date;security-lifecycle-current-only
TPEX,2025-02-15,unknown,unknown,unknown,current-only,unknown,current-only,unknown,partial,fundamental-coverage-limited-to-2026-06-and-2026Q1;market-status-current-only;no-dated-corporate-action-observation;no-durable-daily-price-observation;no-official-session-record-for-market-date;security-lifecycle-current-only
TWSE,2025-02-16,unknown,unknown,unknown,current-only,unknown,current-only,unknown,partial,fundamental-coverage-limited-to-2026-06-and-2026Q1;market-status-current-only;no-dated-corporate-action-observation;no-durable-daily-price-observation;no-official-session-record-for-market-date;security-lifecycle-current-only
TPEX,2025-02-16,unknown,unknown,unknown,current-only,unknown,current-only,unknown,partial,fundamental-coverage-limited-to-2026-06-and-2026Q1;market-status-current-only;no-dated-corporate-action-observation;no-durable-daily-price-observation;no-official-session-record-for-market-date;security-lifecycle-current-only
TWSE,2025-02-17,unknown,unknown,unknown,current-only,unknown,current-only,unknown,partial,fundamental-coverage-limited-to-2026-06-and-2026Q1;market-status-current-only;no-dated-corporate-action-observation;no-durable-daily-price-observation;no-official-session-record-for-market-date;security-lifecycle-current-only
TPEX,2025-02-17,unknown,unknown,unknown,current-only,unknown,current-only,unknown,partial,fundamental-coverage-limited-to-2026-06-and-2026Q1;market-status-current-only;no-dated-corporate-action-observation;no-durable-daily-price-observation;no-official-session-record-for-market-date;security-lifecycle-current-only
TWSE,2025-02-18,unknown,unknown,unknown,current-only,unknown,current-only,unknown,partial,fundamental-coverage-limited-to-2026-06-and-2026Q1;market-status-current-only;no-dated-corporate-action-observation;no-durable-daily-price-observation;no-official-session-record-for-market-date;security-lifecycle-current-only
TPEX,2025-02-18,unknown,unknown,unknown,current-only,unknown,current-only,unknown,partial,fundamental-coverage-limited-to-2026-06-and-2026Q1;market-status-current-only;no-dated-corporate-action-observation;no-durable-daily-price-observation;no-official-session-record-for-market-date;security-lifecycle-current-only
TWSE,2025-02-19,unknown,unknown,unknown,current-only,unknown,current-only,unknown,partial,fundamental-coverage-limited-to-2026-06-and-2026Q1;market-status-current-only;no-dated-corporate-action-observation;no-durable-daily-price-observation;no-official-session-record-for-market-date;security-lifecycle-current-only
TPEX,2025-02-19,unknown,unknown,unknown,current-only,unknown,current-only,unknown,partial,fundamental-coverage-limited-to-2026-06-and-2026Q1;market-status-current-only;no-dated-corporate-action-observation;no-durable-daily-price-observation;no-official-session-record-for-market-date;security-lifecycle-current-only
TWSE,2025-02-20,unknown,unknown,unknown,current-only,unknown,current-only,unknown,partial,fundamental-coverage-limited-to-2026-06-and-2026Q1;market-status-current-only;no-dated-corporate-action-observation;no-durable-daily-price-observation;no-official-session-record-for-market-date;security-lifecycle-current-only
TPEX,2025-02-20,unknown,unknown,unknown,current-only,unknown,current-only,unknown,partial,fundamental-coverage-limited-to-2026-06-and-2026Q1;market-status-current-only;no-dated-corporate-action-observation;no-durable-daily-price-observation;no-official-session-record-for-market-date;security-lifecycle-current-only
TWSE,2025-02-21,unknown,unknown,unknown,current-only,unknown,current-only,unknown,partial,fundamental-coverage-limited-to-2026-06-and-2026Q1;market-status-current-only;no-dated-corporate-action-observation;no-durable-daily-price-observation;no-official-session-record-for-market-date;security-lifecycle-current-only
TPEX,2025-02-21,unknown,unknown,unknown,current-only,unknown,current-only,unknown,partial,fundamental-coverage-limited-to-2026-06-and-2026Q1;market-status-current-only;no-dated-corporate-action-observation;no-durable-daily-price-observation;no-official-session-record-for-market-date;security-lifecycle-current-only
TWSE,2025-02-22,unknown,unknown,unknown,current-only,unknown,current-only,unknown,partial,fundamental-coverage-limited-to-2026-06-and-2026Q1;market-status-current-only;no-dated-corporate-action-observation;no-durable-daily-price-observation;no-official-session-record-for-market-date;security-lifecycle-current-only
TPEX,2025-02-22,unknown,unknown,unknown,current-only,unknown,current-only,unknown,partial,fundamental-coverage-limited-to-2026-06-and-2026Q1;market-status-current-only;no-dated-corporate-action-observation;no-durable-daily-price-observation;no-official-session-record-for-market-date;security-lifecycle-current-only
TWSE,2025-02-23,unknown,unknown,unknown,current-only,unknown,current-only,unknown,partial,fundamental-coverage-limited-to-2026-06-and-2026Q1;market-status-current-only;no-dated-corporate-action-observation;no-durable-daily-price-observation;no-official-session-record-for-market-date;security-lifecycle-current-only
TPEX,2025-02-23,unknown,unknown,unknown,current-only,unknown,current-only,unknown,partial,fundamental-coverage-limited-to-2026-06-and-2026Q1;market-status-current-only;no-dated-corporate-action-observation;no-durable-daily-price-observation;no-official-session-record-for-market-date;security-lifecycle-current-only
TWSE,2025-02-24,unknown,unknown,unknown,current-only,unknown,current-only,unknown,partial,fundamental-coverage-limited-to-2026-06-and-2026Q1;market-status-current-only;no-dated-corporate-action-observation;no-durable-daily-price-observation;no-official-session-record-for-market-date;security-lifecycle-current-only
TPEX,2025-02-24,unknown,unknown,unknown,current-only,unknown,current-only,unknown,partial,fundamental-coverage-limited-to-2026-06-and-2026Q1;market-status-current-only;no-dated-corporate-action-observation;no-durable-daily-price-observation;no-official-session-record-for-market-date;security-lifecycle-current-only
TWSE,2025-02-25,unknown,unknown,unknown,current-only,unknown,current-only,unknown,partial,fundamental-coverage-limited-to-2026-06-and-2026Q1;market-status-current-only;no-dated-corporate-action-observation;no-durable-daily-price-observation;no-official-session-record-for-market-date;security-lifecycle-current-only
TPEX,2025-02-25,unknown,unknown,unknown,current-only,unknown,current-only,unknown,partial,fundamental-coverage-limited-to-2026-06-and-2026Q1;market-status-current-only;no-dated-corporate-action-observation;no-durable-daily-price-observation;no-official-session-record-for-market-date;security-lifecycle-current-only
TWSE,2025-02-26,unknown,unknown,unknown,current-only,unknown,current-only,unknown,partial,fundamental-coverage-limited-to-2026-06-and-2026Q1;market-status-current-only;no-dated-corporate-action-observation;no-durable-daily-price-observation;no-official-session-record-for-market-date;security-lifecycle-current-only
TPEX,2025-02-26,unknown,unknown,unknown,current-only,unknown,current-only,unknown,partial,fundamental-coverage-limited-to-2026-06-and-2026Q1;market-status-current-only;no-dated-corporate-action-observation;no-durable-daily-price-observation;no-official-session-record-for-market-date;security-lifecycle-current-only
TWSE,2025-02-27,unknown,unknown,unknown,current-only,unknown,current-only,unknown,partial,fundamental-coverage-limited-to-2026-06-and-2026Q1;market-status-current-only;no-dated-corporate-action-observation;no-durable-daily-price-observation;no-official-session-record-for-market-date;security-lifecycle-current-only
TPEX,2025-02-27,unknown,unknown,unknown,current-only,unknown,current-only,unknown,partial,fundamental-coverage-limited-to-2026-06-and-2026Q1;market-status-current-only;no-dated-corporate-action-observation;no-durable-daily-price-observation;no-official-session-record-for-market-date;security-lifecycle-current-only
TWSE,2025-02-28,unknown,unknown,unknown,current-only,unknown,current-only,unknown,partial,fundamental-coverage-limited-to-2026-06-and-2026Q1;market-status-current-only;no-dated-corporate-action-observation;no-durable-daily-price-observation;no-official-session-record-for-market-date;security-lifecycle-current-only
TPEX,2025-02-28,unknown,unknown,unknown,current-only,unknown,current-only,unknown,partial,fundamental-coverage-limited-to-2026-06-and-2026Q1;market-status-current-only;no-dated-corporate-action-observation;no-durable-daily-price-observation;no-official-session-record-for-market-date;security-lifecycle-current-only
TWSE,2025-03-01,unknown,unknown,unknown,current-only,unknown,current-only,unknown,partial,fundamental-coverage-limited-to-2026-06-and-2026Q1;market-status-current-only;no-dated-corporate-action-observation;no-durable-daily-price-observation;no-official-session-record-for-market-date;security-lifecycle-current-only
TPEX,2025-03-01,unknown,unknown,unknown,current-only,unknown,current-only,unknown,partial,fundamental-coverage-limited-to-2026-06-and-2026Q1;market-status-current-only;no-dated-corporate-action-observation;no-durable-daily-price-observation;no-official-session-record-for-market-date;security-lifecycle-current-only
TWSE,2025-03-02,unknown,unknown,unknown,current-only,unknown,current-only,unknown,partial,fundamental-coverage-limited-to-2026-06-and-2026Q1;market-status-current-only;no-dated-corporate-action-observation;no-durable-daily-price-observation;no-official-session-record-for-market-date;security-lifecycle-current-only
TPEX,2025-03-02,unknown,unknown,unknown,current-only,unknown,current-only,unknown,partial,fundamental-coverage-limited-to-2026-06-and-2026Q1;market-status-current-only;no-dated-corporate-action-observation;no-durable-daily-price-observation;no-official-session-record-for-market-date;security-lifecycle-current-only
TWSE,2025-03-03,unknown,unknown,unknown,current-only,unknown,current-only,unknown,partial,fundamental-coverage-limited-to-2026-06-and-2026Q1;market-status-current-only;no-dated-corporate-action-observation;no-durable-daily-price-observation;no-official-session-record-for-market-date;security-lifecycle-current-only
TPEX,2025-03-03,unknown,unknown,unknown,current-only,unknown,current-only,unknown,partial,fundamental-coverage-limited-to-2026-06-and-2026Q1;market-status-current-only;no-dated-corporate-action-observation;no-durable-daily-price-observation;no-official-session-record-for-market-date;security-lifecycle-current-only
TWSE,2025-03-04,unknown,unknown,unknown,current-only,unknown,current-only,unknown,partial,fundamental-coverage-limited-to-2026-06-and-2026Q1;market-status-current-only;no-dated-corporate-action-observation;no-durable-daily-price-observation;no-official-session-record-for-market-date;security-lifecycle-current-only
TPEX,2025-03-04,unknown,unknown,unknown,current-only,unknown,current-only,unknown,partial,fundamental-coverage-limited-to-2026-06-and-2026Q1;market-status-current-only;no-dated-corporate-action-observation;no-durable-daily-price-observation;no-official-session-record-for-market-date;security-lifecycle-current-only
TWSE,2025-03-05,unknown,unknown,unknown,current-only,unknown,current-only,unknown,partial,fundamental-coverage-limited-to-2026-06-and-2026Q1;market-status-current-only;no-dated-corporate-action-observation;no-durable-daily-price-observation;no-official-session-record-for-market-date;security-lifecycle-current-only
TPEX,2025-03-05,unknown,unknown,unknown,current-only,unknown,current-only,unknown,partial,fundamental-coverage-limited-to-2026-06-and-2026Q1;market-status-current-only;no-dated-corporate-action-observation;no-durable-daily-price-observation;no-official-session-record-for-market-date;security-lifecycle-current-only
TWSE,2025-03-06,unknown,unknown,unknown,current-only,unknown,current-only,unknown,partial,fundamental-coverage-limited-to-2026-06-and-2026Q1;market-status-current-only;no-dated-corporate-action-observation;no-durable-daily-price-observation;no-official-session-record-for-market-date;security-lifecycle-current-only
TPEX,2025-03-06,unknown,unknown,unknown,current-only,unknown,current-only,unknown,partial,fundamental-coverage-limited-to-2026-06-and-2026Q1;market-status-current-only;no-dated-corporate-action-observation;no-durable-daily-price-observation;no-official-session-record-for-market-date;security-lifecycle-current-only
TWSE,2025-03-07,unknown,unknown,unknown,current-only,unknown,current-only,unknown,partial,fundamental-coverage-limited-to-2026-06-and-2026Q1;market-status-current-only;no-dated-corporate-action-observation;no-durable-daily-price-observation;no-official-session-record-for-market-date;security-lifecycle-current-only
TPEX,2025-03-07,unknown,unknown,unknown,current-only,unknown,current-only,unknown,partial,fundamental-coverage-limited-to-2026-06-and-2026Q1;market-status-current-only;no-dated-corporate-action-observation;no-durable-daily-price-observation;no-official-session-record-for-market-date;security-lifecycle-current-only
TWSE,2025-03-08,unknown,unknown,unknown,current-only,unknown,current-only,unknown,partial,fundamental-coverage-limited-to-2026-06-and-2026Q1;market-status-current-only;no-dated-corporate-action-observation;no-durable-daily-price-observation;no-official-session-record-for-market-date;security-lifecycle-current-only
TPEX,2025-03-08,unknown,unknown,unknown,current-only,unknown,current-only,unknown,partial,fundamental-coverage-limited-to-2026-06-and-2026Q1;market-status-current-only;no-dated-corporate-action-observation;no-durable-daily-price-observation;no-official-session-record-for-market-date;security-lifecycle-current-only
TWSE,2025-03-09,unknown,unknown,unknown,current-only,unknown,current-only,unknown,partial,fundamental-coverage-limited-to-2026-06-and-2026Q1;market-status-current-only;no-dated-corporate-action-observation;no-durable-daily-price-observation;no-official-session-record-for-market-date;security-lifecycle-current-only
TPEX,2025-03-09,unknown,unknown,unknown,current-only,unknown,current-only,unknown,partial,fundamental-coverage-limited-to-2026-06-and-2026Q1;market-status-current-only;no-dated-corporate-action-observation;no-durable-daily-price-observation;no-official-session-record-for-market-date;security-lifecycle-current-only
TWSE,2025-03-10,unknown,unknown,unknown,current-only,unknown,current-only,unknown,partial,fundamental-coverage-limited-to-2026-06-and-2026Q1;market-status-current-only;no-dated-corporate-action-observation;no-durable-daily-price-observation;no-official-session-record-for-market-date;security-lifecycle-current-only
TPEX,2025-03-10,unknown,unknown,unknown,current-only,unknown,current-only,unknown,partial,fundamental-coverage-limited-to-2026-06-and-2026Q1;market-status-current-only;no-dated-corporate-action-observation;no-durable-daily-price-observation;no-official-session-record-for-market-date;security-lifecycle-current-only
TWSE,2025-03-11,unknown,unknown,unknown,current-only,unknown,current-only,unknown,partial,fundamental-coverage-limited-to-2026-06-and-2026Q1;market-status-current-only;no-dated-corporate-action-observation;no-durable-daily-price-observation;no-official-session-record-for-market-date;security-lifecycle-current-only
TPEX,2025-03-11,unknown,unknown,unknown,current-only,unknown,current-only,unknown,partial,fundamental-coverage-limited-to-2026-06-and-2026Q1;market-status-current-only;no-dated-corporate-action-observation;no-durable-daily-price-observation;no-official-session-record-for-market-date;security-lifecycle-current-only
TWSE,2025-03-12,unknown,unknown,unknown,current-only,unknown,current-only,unknown,partial,fundamental-coverage-limited-to-2026-06-and-2026Q1;market-status-current-only;no-dated-corporate-action-observation;no-durable-daily-price-observation;no-official-session-record-for-market-date;security-lifecycle-current-only
TPEX,2025-03-12,unknown,unknown,unknown,current-only,unknown,current-only,unknown,partial,fundamental-coverage-limited-to-2026-06-and-2026Q1;market-status-current-only;no-dated-corporate-action-observation;no-durable-daily-price-observation;no-official-session-record-for-market-date;security-lifecycle-current-only
TWSE,2025-03-13,unknown,unknown,unknown,current-only,unknown,current-only,unknown,partial,fundamental-coverage-limited-to-2026-06-and-2026Q1;market-status-current-only;no-dated-corporate-action-observation;no-durable-daily-price-observation;no-official-session-record-for-market-date;security-lifecycle-current-only
TPEX,2025-03-13,unknown,unknown,unknown,current-only,unknown,current-only,unknown,partial,fundamental-coverage-limited-to-2026-06-and-2026Q1;market-status-current-only;no-dated-corporate-action-observation;no-durable-daily-price-observation;no-official-session-record-for-market-date;security-lifecycle-current-only
TWSE,2025-03-14,unknown,unknown,unknown,current-only,unknown,current-only,unknown,partial,fundamental-coverage-limited-to-2026-06-and-2026Q1;market-status-current-only;no-dated-corporate-action-observation;no-durable-daily-price-observation;no-official-session-record-for-market-date;security-lifecycle-current-only
TPEX,2025-03-14,unknown,unknown,unknown,current-only,unknown,current-only,unknown,partial,fundamental-coverage-limited-to-2026-06-and-2026Q1;market-status-current-only;no-dated-corporate-action-observation;no-durable-daily-price-observation;no-official-session-record-for-market-date;security-lifecycle-current-only
TWSE,2025-03-15,unknown,unknown,unknown,current-only,unknown,current-only,unknown,partial,fundamental-coverage-limited-to-2026-06-and-2026Q1;market-status-current-only;no-dated-corporate-action-observation;no-durable-daily-price-observation;no-official-session-record-for-market-date;security-lifecycle-current-only
TPEX,2025-03-15,unknown,unknown,unknown,current-only,unknown,current-only,unknown,partial,fundamental-coverage-limited-to-2026-06-and-2026Q1;market-status-current-only;no-dated-corporate-action-observation;no-durable-daily-price-observation;no-official-session-record-for-market-date;security-lifecycle-current-only
TWSE,2025-03-16,unknown,unknown,unknown,current-only,unknown,current-only,unknown,partial,fundamental-coverage-limited-to-2026-06-and-2026Q1;market-status-current-only;no-dated-corporate-action-observation;no-durable-daily-price-observation;no-official-session-record-for-market-date;security-lifecycle-current-only
TPEX,2025-03-16,unknown,unknown,unknown,current-only,unknown,current-only,unknown,partial,fundamental-coverage-limited-to-2026-06-and-2026Q1;market-status-current-only;no-dated-corporate-action-observation;no-durable-daily-price-observation;no-official-session-record-for-market-date;security-lifecycle-current-only
TWSE,2025-03-17,unknown,unknown,unknown,current-only,unknown,current-only,unknown,partial,fundamental-coverage-limited-to-2026-06-and-2026Q1;market-status-current-only;no-dated-corporate-action-observation;no-durable-daily-price-observation;no-official-session-record-for-market-date;security-lifecycle-current-only
TPEX,2025-03-17,unknown,unknown,unknown,current-only,unknown,current-only,unknown,partial,fundamental-coverage-limited-to-2026-06-and-2026Q1;market-status-current-only;no-dated-corporate-action-observation;no-durable-daily-price-observation;no-official-session-record-for-market-date;security-lifecycle-current-only
TWSE,2025-03-18,unknown,unknown,unknown,current-only,unknown,current-only,unknown,partial,fundamental-coverage-limited-to-2026-06-and-2026Q1;market-status-current-only;no-dated-corporate-action-observation;no-durable-daily-price-observation;no-official-session-record-for-market-date;security-lifecycle-current-only
TPEX,2025-03-18,unknown,unknown,unknown,current-only,unknown,current-only,unknown,partial,fundamental-coverage-limited-to-2026-06-and-2026Q1;market-status-current-only;no-dated-corporate-action-observation;no-durable-daily-price-observation;no-official-session-record-for-market-date;security-lifecycle-current-only
TWSE,2025-03-19,unknown,unknown,unknown,current-only,unknown,current-only,unknown,partial,fundamental-coverage-limited-to-2026-06-and-2026Q1;market-status-current-only;no-dated-corporate-action-observation;no-durable-daily-price-observation;no-official-session-record-for-market-date;security-lifecycle-current-only
TPEX,2025-03-19,unknown,unknown,unknown,current-only,unknown,current-only,unknown,partial,fundamental-coverage-limited-to-2026-06-and-2026Q1;market-status-current-only;no-dated-corporate-action-observation;no-durable-daily-price-observation;no-official-session-record-for-market-date;security-lifecycle-current-only
TWSE,2025-03-20,unknown,unknown,unknown,current-only,unknown,current-only,unknown,partial,fundamental-coverage-limited-to-2026-06-and-2026Q1;market-status-current-only;no-dated-corporate-action-observation;no-durable-daily-price-observation;no-official-session-record-for-market-date;security-lifecycle-current-only
TPEX,2025-03-20,unknown,unknown,unknown,current-only,unknown,current-only,unknown,partial,fundamental-coverage-limited-to-2026-06-and-2026Q1;market-status-current-only;no-dated-corporate-action-observation;no-durable-daily-price-observation;no-official-session-record-for-market-date;security-lifecycle-current-only
TWSE,2025-03-21,unknown,unknown,unknown,current-only,unknown,current-only,unknown,partial,fundamental-coverage-limited-to-2026-06-and-2026Q1;market-status-current-only;no-dated-corporate-action-observation;no-durable-daily-price-observation;no-official-session-record-for-market-date;security-lifecycle-current-only
TPEX,2025-03-21,unknown,unknown,unknown,current-only,unknown,current-only,unknown,partial,fundamental-coverage-limited-to-2026-06-and-2026Q1;market-status-current-only;no-dated-corporate-action-observation;no-durable-daily-price-observation;no-official-session-record-for-market-date;security-lifecycle-current-only
TWSE,2025-03-22,unknown,unknown,unknown,current-only,unknown,current-only,unknown,partial,fundamental-coverage-limited-to-2026-06-and-2026Q1;market-status-current-only;no-dated-corporate-action-observation;no-durable-daily-price-observation;no-official-session-record-for-market-date;security-lifecycle-current-only
TPEX,2025-03-22,unknown,unknown,unknown,current-only,unknown,current-only,unknown,partial,fundamental-coverage-limited-to-2026-06-and-2026Q1;market-status-current-only;no-dated-corporate-action-observation;no-durable-daily-price-observation;no-official-session-record-for-market-date;security-lifecycle-current-only
TWSE,2025-03-23,unknown,unknown,unknown,current-only,unknown,current-only,unknown,partial,fundamental-coverage-limited-to-2026-06-and-2026Q1;market-status-current-only;no-dated-corporate-action-observation;no-durable-daily-price-observation;no-official-session-record-for-market-date;security-lifecycle-current-only
TPEX,2025-03-23,unknown,unknown,unknown,current-only,unknown,current-only,unknown,partial,fundamental-coverage-limited-to-2026-06-and-2026Q1;market-status-current-only;no-dated-corporate-action-observation;no-durable-daily-price-observation;no-official-session-record-for-market-date;security-lifecycle-current-only
TWSE,2025-03-24,unknown,unknown,unknown,current-only,unknown,current-only,unknown,partial,fundamental-coverage-limited-to-2026-06-and-2026Q1;market-status-current-only;no-dated-corporate-action-observation;no-durable-daily-price-observation;no-official-session-record-for-market-date;security-lifecycle-current-only
TPEX,2025-03-24,unknown,unknown,unknown,current-only,unknown,current-only,unknown,partial,fundamental-coverage-limited-to-2026-06-and-2026Q1;market-status-current-only;no-dated-corporate-action-observation;no-durable-daily-price-observation;no-official-session-record-for-market-date;security-lifecycle-current-only
TWSE,2025-03-25,unknown,unknown,unknown,current-only,unknown,current-only,unknown,partial,fundamental-coverage-limited-to-2026-06-and-2026Q1;market-status-current-only;no-dated-corporate-action-observation;no-durable-daily-price-observation;no-official-session-record-for-market-date;security-lifecycle-current-only
TPEX,2025-03-25,unknown,unknown,unknown,current-only,unknown,current-only,unknown,partial,fundamental-coverage-limited-to-2026-06-and-2026Q1;market-status-current-only;no-dated-corporate-action-observation;no-durable-daily-price-observation;no-official-session-record-for-market-date;security-lifecycle-current-only
TWSE,2025-03-26,unknown,unknown,unknown,current-only,unknown,current-only,unknown,partial,fundamental-coverage-limited-to-2026-06-and-2026Q1;market-status-current-only;no-dated-corporate-action-observation;no-durable-daily-price-observation;no-official-session-record-for-market-date;security-lifecycle-current-only
TPEX,2025-03-26,unknown,unknown,unknown,current-only,unknown,current-only,unknown,partial,fundamental-coverage-limited-to-2026-06-and-2026Q1;market-status-current-only;no-dated-corporate-action-observation;no-durable-daily-price-observation;no-official-session-record-for-market-date;security-lifecycle-current-only
TWSE,2025-03-27,unknown,unknown,unknown,current-only,unknown,current-only,unknown,partial,fundamental-coverage-limited-to-2026-06-and-2026Q1;market-status-current-only;no-dated-corporate-action-observation;no-durable-daily-price-observation;no-official-session-record-for-market-date;security-lifecycle-current-only
TPEX,2025-03-27,unknown,unknown,unknown,current-only,unknown,current-only,unknown,partial,fundamental-coverage-limited-to-2026-06-and-2026Q1;market-status-current-only;no-dated-corporate-action-observation;no-durable-daily-price-observation;no-official-session-record-for-market-date;security-lifecycle-current-only
TWSE,2025-03-28,unknown,unknown,unknown,current-only,unknown,current-only,unknown,partial,fundamental-coverage-limited-to-2026-06-and-2026Q1;market-status-current-only;no-dated-corporate-action-observation;no-durable-daily-price-observation;no-official-session-record-for-market-date;security-lifecycle-current-only
TPEX,2025-03-28,unknown,unknown,unknown,current-only,unknown,current-only,unknown,partial,fundamental-coverage-limited-to-2026-06-and-2026Q1;market-status-current-only;no-dated-corporate-action-observation;no-durable-daily-price-observation;no-official-session-record-for-market-date;security-lifecycle-current-only
TWSE,2025-03-29,unknown,unknown,unknown,current-only,unknown,current-only,unknown,partial,fundamental-coverage-limited-to-2026-06-and-2026Q1;market-status-current-only;no-dated-corporate-action-observation;no-durable-daily-price-observation;no-official-session-record-for-market-date;security-lifecycle-current-only
TPEX,2025-03-29,unknown,unknown,unknown,current-only,unknown,current-only,unknown,partial,fundamental-coverage-limited-to-2026-06-and-2026Q1;market-status-current-only;no-dated-corporate-action-observation;no-durable-daily-price-observation;no-official-session-record-for-market-date;security-lifecycle-current-only
TWSE,2025-03-30,unknown,unknown,unknown,current-only,unknown,current-only,unknown,partial,fundamental-coverage-limited-to-2026-06-and-2026Q1;market-status-current-only;no-dated-corporate-action-observation;no-durable-daily-price-observation;no-official-session-record-for-market-date;security-lifecycle-current-only
TPEX,2025-03-30,unknown,unknown,unknown,current-only,unknown,current-only,unknown,partial,fundamental-coverage-limited-to-2026-06-and-2026Q1;market-status-current-only;no-dated-corporate-action-observation;no-durable-daily-price-observation;no-official-session-record-for-market-date;security-lifecycle-current-only
TWSE,2025-03-31,unknown,unknown,unknown,current-only,unknown,current-only,unknown,partial,fundamental-coverage-limited-to-2026-06-and-2026Q1;market-status-current-only;no-dated-corporate-action-observation;no-durable-daily-price-observation;no-official-session-record-for-market-date;security-lifecycle-current-only
TPEX,2025-03-31,unknown,unknown,unknown,current-only,unknown,current-only,unknown,partial,fundamental-coverage-limited-to-2026-06-and-2026Q1;market-status-current-only;no-dated-corporate-action-observation;no-durable-daily-price-observation;no-official-session-record-for-market-date;security-lifecycle-current-only
TWSE,2025-04-01,unknown,unknown,unknown,current-only,unknown,current-only,unknown,partial,fundamental-coverage-limited-to-2026-06-and-2026Q1;market-status-current-only;no-dated-corporate-action-observation;no-durable-daily-price-observation;no-official-session-record-for-market-date;security-lifecycle-current-only
TPEX,2025-04-01,unknown,unknown,unknown,current-only,unknown,current-only,unknown,partial,fundamental-coverage-limited-to-2026-06-and-2026Q1;market-status-current-only;no-dated-corporate-action-observation;no-durable-daily-price-observation;no-official-session-record-for-market-date;security-lifecycle-current-only
TWSE,2025-04-02,unknown,unknown,unknown,current-only,unknown,current-only,unknown,partial,fundamental-coverage-limited-to-2026-06-and-2026Q1;market-status-current-only;no-dated-corporate-action-observation;no-durable-daily-price-observation;no-official-session-record-for-market-date;security-lifecycle-current-only
TPEX,2025-04-02,unknown,unknown,unknown,current-only,unknown,current-only,unknown,partial,fundamental-coverage-limited-to-2026-06-and-2026Q1;market-status-current-only;no-dated-corporate-action-observation;no-durable-daily-price-observation;no-official-session-record-for-market-date;security-lifecycle-current-only
TWSE,2025-04-03,unknown,unknown,unknown,current-only,unknown,current-only,unknown,partial,fundamental-coverage-limited-to-2026-06-and-2026Q1;market-status-current-only;no-dated-corporate-action-observation;no-durable-daily-price-observation;no-official-session-record-for-market-date;security-lifecycle-current-only
TPEX,2025-04-03,unknown,unknown,unknown,current-only,unknown,current-only,unknown,partial,fundamental-coverage-limited-to-2026-06-and-2026Q1;market-status-current-only;no-dated-corporate-action-observation;no-durable-daily-price-observation;no-official-session-record-for-market-date;security-lifecycle-current-only
TWSE,2025-04-04,unknown,unknown,unknown,current-only,unknown,current-only,unknown,partial,fundamental-coverage-limited-to-2026-06-and-2026Q1;market-status-current-only;no-dated-corporate-action-observation;no-durable-daily-price-observation;no-official-session-record-for-market-date;security-lifecycle-current-only
TPEX,2025-04-04,unknown,unknown,unknown,current-only,unknown,current-only,unknown,partial,fundamental-coverage-limited-to-2026-06-and-2026Q1;market-status-current-only;no-dated-corporate-action-observation;no-durable-daily-price-observation;no-official-session-record-for-market-date;security-lifecycle-current-only
TWSE,2025-04-05,unknown,unknown,unknown,current-only,unknown,current-only,unknown,partial,fundamental-coverage-limited-to-2026-06-and-2026Q1;market-status-current-only;no-dated-corporate-action-observation;no-durable-daily-price-observation;no-official-session-record-for-market-date;security-lifecycle-current-only
TPEX,2025-04-05,unknown,unknown,unknown,current-only,unknown,current-only,unknown,partial,fundamental-coverage-limited-to-2026-06-and-2026Q1;market-status-current-only;no-dated-corporate-action-observation;no-durable-daily-price-observation;no-official-session-record-for-market-date;security-lifecycle-current-only
TWSE,2025-04-06,unknown,unknown,unknown,current-only,unknown,current-only,unknown,partial,fundamental-coverage-limited-to-2026-06-and-2026Q1;market-status-current-only;no-dated-corporate-action-observation;no-durable-daily-price-observation;no-official-session-record-for-market-date;security-lifecycle-current-only
TPEX,2025-04-06,unknown,unknown,unknown,current-only,unknown,current-only,unknown,partial,fundamental-coverage-limited-to-2026-06-and-2026Q1;market-status-current-only;no-dated-corporate-action-observation;no-durable-daily-price-observation;no-official-session-record-for-market-date;security-lifecycle-current-only
TWSE,2025-04-07,unknown,unknown,unknown,current-only,unknown,current-only,unknown,partial,fundamental-coverage-limited-to-2026-06-and-2026Q1;market-status-current-only;no-dated-corporate-action-observation;no-durable-daily-price-observation;no-official-session-record-for-market-date;security-lifecycle-current-only
TPEX,2025-04-07,unknown,unknown,unknown,current-only,unknown,current-only,unknown,partial,fundamental-coverage-limited-to-2026-06-and-2026Q1;market-status-current-only;no-dated-corporate-action-observation;no-durable-daily-price-observation;no-official-session-record-for-market-date;security-lifecycle-current-only
TWSE,2025-04-08,unknown,unknown,unknown,current-only,unknown,current-only,unknown,partial,fundamental-coverage-limited-to-2026-06-and-2026Q1;market-status-current-only;no-dated-corporate-action-observation;no-durable-daily-price-observation;no-official-session-record-for-market-date;security-lifecycle-current-only
TPEX,2025-04-08,unknown,unknown,unknown,current-only,unknown,current-only,unknown,partial,fundamental-coverage-limited-to-2026-06-and-2026Q1;market-status-current-only;no-dated-corporate-action-observation;no-durable-daily-price-observation;no-official-session-record-for-market-date;security-lifecycle-current-only
TWSE,2025-04-09,unknown,unknown,unknown,current-only,unknown,current-only,unknown,partial,fundamental-coverage-limited-to-2026-06-and-2026Q1;market-status-current-only;no-dated-corporate-action-observation;no-durable-daily-price-observation;no-official-session-record-for-market-date;security-lifecycle-current-only
TPEX,2025-04-09,unknown,unknown,unknown,current-only,unknown,current-only,unknown,partial,fundamental-coverage-limited-to-2026-06-and-2026Q1;market-status-current-only;no-dated-corporate-action-observation;no-durable-daily-price-observation;no-official-session-record-for-market-date;security-lifecycle-current-only
TWSE,2025-04-10,unknown,unknown,unknown,current-only,unknown,current-only,unknown,partial,fundamental-coverage-limited-to-2026-06-and-2026Q1;market-status-current-only;no-dated-corporate-action-observation;no-durable-daily-price-observation;no-official-session-record-for-market-date;security-lifecycle-current-only
TPEX,2025-04-10,unknown,unknown,unknown,current-only,unknown,current-only,unknown,partial,fundamental-coverage-limited-to-2026-06-and-2026Q1;market-status-current-only;no-dated-corporate-action-observation;no-durable-daily-price-observation;no-official-session-record-for-market-date;security-lifecycle-current-only
TWSE,2025-04-11,unknown,unknown,unknown,current-only,unknown,current-only,unknown,partial,fundamental-coverage-limited-to-2026-06-and-2026Q1;market-status-current-only;no-dated-corporate-action-observation;no-durable-daily-price-observation;no-official-session-record-for-market-date;security-lifecycle-current-only
TPEX,2025-04-11,unknown,unknown,unknown,current-only,unknown,current-only,unknown,partial,fundamental-coverage-limited-to-2026-06-and-2026Q1;market-status-current-only;no-dated-corporate-action-observation;no-durable-daily-price-observation;no-official-session-record-for-market-date;security-lifecycle-current-only
TWSE,2025-04-12,unknown,unknown,unknown,current-only,unknown,current-only,unknown,partial,fundamental-coverage-limited-to-2026-06-and-2026Q1;market-status-current-only;no-dated-corporate-action-observation;no-durable-daily-price-observation;no-official-session-record-for-market-date;security-lifecycle-current-only
TPEX,2025-04-12,unknown,unknown,unknown,current-only,unknown,current-only,unknown,partial,fundamental-coverage-limited-to-2026-06-and-2026Q1;market-status-current-only;no-dated-corporate-action-observation;no-durable-daily-price-observation;no-official-session-record-for-market-date;security-lifecycle-current-only
TWSE,2025-04-13,unknown,unknown,unknown,current-only,unknown,current-only,unknown,partial,fundamental-coverage-limited-to-2026-06-and-2026Q1;market-status-current-only;no-dated-corporate-action-observation;no-durable-daily-price-observation;no-official-session-record-for-market-date;security-lifecycle-current-only
TPEX,2025-04-13,unknown,unknown,unknown,current-only,unknown,current-only,unknown,partial,fundamental-coverage-limited-to-2026-06-and-2026Q1;market-status-current-only;no-dated-corporate-action-observation;no-durable-daily-price-observation;no-official-session-record-for-market-date;security-lifecycle-current-only
TWSE,2025-04-14,unknown,unknown,unknown,current-only,unknown,current-only,unknown,partial,fundamental-coverage-limited-to-2026-06-and-2026Q1;market-status-current-only;no-dated-corporate-action-observation;no-durable-daily-price-observation;no-official-session-record-for-market-date;security-lifecycle-current-only
TPEX,2025-04-14,unknown,unknown,unknown,current-only,unknown,current-only,unknown,partial,fundamental-coverage-limited-to-2026-06-and-2026Q1;market-status-current-only;no-dated-corporate-action-observation;no-durable-daily-price-observation;no-official-session-record-for-market-date;security-lifecycle-current-only
TWSE,2025-04-15,unknown,unknown,unknown,current-only,unknown,current-only,unknown,partial,fundamental-coverage-limited-to-2026-06-and-2026Q1;market-status-current-only;no-dated-corporate-action-observation;no-durable-daily-price-observation;no-official-session-record-for-market-date;security-lifecycle-current-only
TPEX,2025-04-15,unknown,unknown,unknown,current-only,unknown,current-only,unknown,partial,fundamental-coverage-limited-to-2026-06-and-2026Q1;market-status-current-only;no-dated-corporate-action-observation;no-durable-daily-price-observation;no-official-session-record-for-market-date;security-lifecycle-current-only
TWSE,2025-04-16,unknown,unknown,unknown,current-only,unknown,current-only,unknown,partial,fundamental-coverage-limited-to-2026-06-and-2026Q1;market-status-current-only;no-dated-corporate-action-observation;no-durable-daily-price-observation;no-official-session-record-for-market-date;security-lifecycle-current-only
TPEX,2025-04-16,unknown,unknown,unknown,current-only,unknown,current-only,unknown,partial,fundamental-coverage-limited-to-2026-06-and-2026Q1;market-status-current-only;no-dated-corporate-action-observation;no-durable-daily-price-observation;no-official-session-record-for-market-date;security-lifecycle-current-only
TWSE,2025-04-17,unknown,unknown,unknown,current-only,unknown,current-only,unknown,partial,fundamental-coverage-limited-to-2026-06-and-2026Q1;market-status-current-only;no-dated-corporate-action-observation;no-durable-daily-price-observation;no-official-session-record-for-market-date;security-lifecycle-current-only
TPEX,2025-04-17,unknown,unknown,unknown,current-only,unknown,current-only,unknown,partial,fundamental-coverage-limited-to-2026-06-and-2026Q1;market-status-current-only;no-dated-corporate-action-observation;no-durable-daily-price-observation;no-official-session-record-for-market-date;security-lifecycle-current-only
TWSE,2025-04-18,unknown,unknown,unknown,current-only,unknown,current-only,unknown,partial,fundamental-coverage-limited-to-2026-06-and-2026Q1;market-status-current-only;no-dated-corporate-action-observation;no-durable-daily-price-observation;no-official-session-record-for-market-date;security-lifecycle-current-only
TPEX,2025-04-18,unknown,unknown,unknown,current-only,unknown,current-only,unknown,partial,fundamental-coverage-limited-to-2026-06-and-2026Q1;market-status-current-only;no-dated-corporate-action-observation;no-durable-daily-price-observation;no-official-session-record-for-market-date;security-lifecycle-current-only
TWSE,2025-04-19,unknown,unknown,unknown,current-only,unknown,current-only,unknown,partial,fundamental-coverage-limited-to-2026-06-and-2026Q1;market-status-current-only;no-dated-corporate-action-observation;no-durable-daily-price-observation;no-official-session-record-for-market-date;security-lifecycle-current-only
TPEX,2025-04-19,unknown,unknown,unknown,current-only,unknown,current-only,unknown,partial,fundamental-coverage-limited-to-2026-06-and-2026Q1;market-status-current-only;no-dated-corporate-action-observation;no-durable-daily-price-observation;no-official-session-record-for-market-date;security-lifecycle-current-only
TWSE,2025-04-20,unknown,unknown,unknown,current-only,unknown,current-only,unknown,partial,fundamental-coverage-limited-to-2026-06-and-2026Q1;market-status-current-only;no-dated-corporate-action-observation;no-durable-daily-price-observation;no-official-session-record-for-market-date;security-lifecycle-current-only
TPEX,2025-04-20,unknown,unknown,unknown,current-only,unknown,current-only,unknown,partial,fundamental-coverage-limited-to-2026-06-and-2026Q1;market-status-current-only;no-dated-corporate-action-observation;no-durable-daily-price-observation;no-official-session-record-for-market-date;security-lifecycle-current-only
TWSE,2025-04-21,unknown,unknown,unknown,current-only,unknown,current-only,unknown,partial,fundamental-coverage-limited-to-2026-06-and-2026Q1;market-status-current-only;no-dated-corporate-action-observation;no-durable-daily-price-observation;no-official-session-record-for-market-date;security-lifecycle-current-only
TPEX,2025-04-21,unknown,unknown,unknown,current-only,unknown,current-only,unknown,partial,fundamental-coverage-limited-to-2026-06-and-2026Q1;market-status-current-only;no-dated-corporate-action-observation;no-durable-daily-price-observation;no-official-session-record-for-market-date;security-lifecycle-current-only
TWSE,2025-04-22,unknown,unknown,unknown,current-only,unknown,current-only,unknown,partial,fundamental-coverage-limited-to-2026-06-and-2026Q1;market-status-current-only;no-dated-corporate-action-observation;no-durable-daily-price-observation;no-official-session-record-for-market-date;security-lifecycle-current-only
TPEX,2025-04-22,unknown,unknown,unknown,current-only,unknown,current-only,unknown,partial,fundamental-coverage-limited-to-2026-06-and-2026Q1;market-status-current-only;no-dated-corporate-action-observation;no-durable-daily-price-observation;no-official-session-record-for-market-date;security-lifecycle-current-only
TWSE,2025-04-23,unknown,unknown,unknown,current-only,unknown,current-only,unknown,partial,fundamental-coverage-limited-to-2026-06-and-2026Q1;market-status-current-only;no-dated-corporate-action-observation;no-durable-daily-price-observation;no-official-session-record-for-market-date;security-lifecycle-current-only
TPEX,2025-04-23,unknown,unknown,unknown,current-only,unknown,current-only,unknown,partial,fundamental-coverage-limited-to-2026-06-and-2026Q1;market-status-current-only;no-dated-corporate-action-observation;no-durable-daily-price-observation;no-official-session-record-for-market-date;security-lifecycle-current-only
TWSE,2025-04-24,unknown,unknown,unknown,current-only,unknown,current-only,unknown,partial,fundamental-coverage-limited-to-2026-06-and-2026Q1;market-status-current-only;no-dated-corporate-action-observation;no-durable-daily-price-observation;no-official-session-record-for-market-date;security-lifecycle-current-only
TPEX,2025-04-24,unknown,unknown,unknown,current-only,unknown,current-only,unknown,partial,fundamental-coverage-limited-to-2026-06-and-2026Q1;market-status-current-only;no-dated-corporate-action-observation;no-durable-daily-price-observation;no-official-session-record-for-market-date;security-lifecycle-current-only
TWSE,2025-04-25,unknown,unknown,unknown,current-only,unknown,current-only,unknown,partial,fundamental-coverage-limited-to-2026-06-and-2026Q1;market-status-current-only;no-dated-corporate-action-observation;no-durable-daily-price-observation;no-official-session-record-for-market-date;security-lifecycle-current-only
TPEX,2025-04-25,unknown,unknown,unknown,current-only,unknown,current-only,unknown,partial,fundamental-coverage-limited-to-2026-06-and-2026Q1;market-status-current-only;no-dated-corporate-action-observation;no-durable-daily-price-observation;no-official-session-record-for-market-date;security-lifecycle-current-only
TWSE,2025-04-26,unknown,unknown,unknown,current-only,unknown,current-only,unknown,partial,fundamental-coverage-limited-to-2026-06-and-2026Q1;market-status-current-only;no-dated-corporate-action-observation;no-durable-daily-price-observation;no-official-session-record-for-market-date;security-lifecycle-current-only
TPEX,2025-04-26,unknown,unknown,unknown,current-only,unknown,current-only,unknown,partial,fundamental-coverage-limited-to-2026-06-and-2026Q1;market-status-current-only;no-dated-corporate-action-observation;no-durable-daily-price-observation;no-official-session-record-for-market-date;security-lifecycle-current-only
TWSE,2025-04-27,unknown,unknown,unknown,current-only,unknown,current-only,unknown,partial,fundamental-coverage-limited-to-2026-06-and-2026Q1;market-status-current-only;no-dated-corporate-action-observation;no-durable-daily-price-observation;no-official-session-record-for-market-date;security-lifecycle-current-only
TPEX,2025-04-27,unknown,unknown,unknown,current-only,unknown,current-only,unknown,partial,fundamental-coverage-limited-to-2026-06-and-2026Q1;market-status-current-only;no-dated-corporate-action-observation;no-durable-daily-price-observation;no-official-session-record-for-market-date;security-lifecycle-current-only
TWSE,2025-04-28,unknown,unknown,unknown,current-only,unknown,current-only,unknown,partial,fundamental-coverage-limited-to-2026-06-and-2026Q1;market-status-current-only;no-dated-corporate-action-observation;no-durable-daily-price-observation;no-official-session-record-for-market-date;security-lifecycle-current-only
TPEX,2025-04-28,unknown,unknown,unknown,current-only,unknown,current-only,unknown,partial,fundamental-coverage-limited-to-2026-06-and-2026Q1;market-status-current-only;no-dated-corporate-action-observation;no-durable-daily-price-observation;no-official-session-record-for-market-date;security-lifecycle-current-only
TWSE,2025-04-29,unknown,unknown,unknown,current-only,unknown,current-only,unknown,partial,fundamental-coverage-limited-to-2026-06-and-2026Q1;market-status-current-only;no-dated-corporate-action-observation;no-durable-daily-price-observation;no-official-session-record-for-market-date;security-lifecycle-current-only
TPEX,2025-04-29,unknown,unknown,unknown,current-only,unknown,current-only,unknown,partial,fundamental-coverage-limited-to-2026-06-and-2026Q1;market-status-current-only;no-dated-corporate-action-observation;no-durable-daily-price-observation;no-official-session-record-for-market-date;security-lifecycle-current-only
TWSE,2025-04-30,unknown,unknown,unknown,current-only,unknown,current-only,unknown,partial,fundamental-coverage-limited-to-2026-06-and-2026Q1;market-status-current-only;no-dated-corporate-action-observation;no-durable-daily-price-observation;no-official-session-record-for-market-date;security-lifecycle-current-only
TPEX,2025-04-30,unknown,unknown,unknown,current-only,unknown,current-only,unknown,partial,fundamental-coverage-limited-to-2026-06-and-2026Q1;market-status-current-only;no-dated-corporate-action-observation;no-durable-daily-price-observation;no-official-session-record-for-market-date;security-lifecycle-current-only
TWSE,2025-05-01,unknown,unknown,unknown,current-only,unknown,current-only,unknown,partial,fundamental-coverage-limited-to-2026-06-and-2026Q1;market-status-current-only;no-dated-corporate-action-observation;no-durable-daily-price-observation;no-official-session-record-for-market-date;security-lifecycle-current-only
TPEX,2025-05-01,unknown,unknown,unknown,current-only,unknown,current-only,unknown,partial,fundamental-coverage-limited-to-2026-06-and-2026Q1;market-status-current-only;no-dated-corporate-action-observation;no-durable-daily-price-observation;no-official-session-record-for-market-date;security-lifecycle-current-only
TWSE,2025-05-02,unknown,unknown,unknown,current-only,unknown,current-only,unknown,partial,fundamental-coverage-limited-to-2026-06-and-2026Q1;market-status-current-only;no-dated-corporate-action-observation;no-durable-daily-price-observation;no-official-session-record-for-market-date;security-lifecycle-current-only
TPEX,2025-05-02,unknown,unknown,unknown,current-only,unknown,current-only,unknown,partial,fundamental-coverage-limited-to-2026-06-and-2026Q1;market-status-current-only;no-dated-corporate-action-observation;no-durable-daily-price-observation;no-official-session-record-for-market-date;security-lifecycle-current-only
TWSE,2025-05-03,unknown,unknown,unknown,current-only,unknown,current-only,unknown,partial,fundamental-coverage-limited-to-2026-06-and-2026Q1;market-status-current-only;no-dated-corporate-action-observation;no-durable-daily-price-observation;no-official-session-record-for-market-date;security-lifecycle-current-only
TPEX,2025-05-03,unknown,unknown,unknown,current-only,unknown,current-only,unknown,partial,fundamental-coverage-limited-to-2026-06-and-2026Q1;market-status-current-only;no-dated-corporate-action-observation;no-durable-daily-price-observation;no-official-session-record-for-market-date;security-lifecycle-current-only
TWSE,2025-05-04,unknown,unknown,unknown,current-only,unknown,current-only,unknown,partial,fundamental-coverage-limited-to-2026-06-and-2026Q1;market-status-current-only;no-dated-corporate-action-observation;no-durable-daily-price-observation;no-official-session-record-for-market-date;security-lifecycle-current-only
TPEX,2025-05-04,unknown,unknown,unknown,current-only,unknown,current-only,unknown,partial,fundamental-coverage-limited-to-2026-06-and-2026Q1;market-status-current-only;no-dated-corporate-action-observation;no-durable-daily-price-observation;no-official-session-record-for-market-date;security-lifecycle-current-only
TWSE,2025-05-05,unknown,unknown,unknown,current-only,unknown,current-only,unknown,partial,fundamental-coverage-limited-to-2026-06-and-2026Q1;market-status-current-only;no-dated-corporate-action-observation;no-durable-daily-price-observation;no-official-session-record-for-market-date;security-lifecycle-current-only
TPEX,2025-05-05,unknown,unknown,unknown,current-only,unknown,current-only,unknown,partial,fundamental-coverage-limited-to-2026-06-and-2026Q1;market-status-current-only;no-dated-corporate-action-observation;no-durable-daily-price-observation;no-official-session-record-for-market-date;security-lifecycle-current-only
TWSE,2025-05-06,unknown,unknown,unknown,current-only,unknown,current-only,unknown,partial,fundamental-coverage-limited-to-2026-06-and-2026Q1;market-status-current-only;no-dated-corporate-action-observation;no-durable-daily-price-observation;no-official-session-record-for-market-date;security-lifecycle-current-only
TPEX,2025-05-06,unknown,unknown,unknown,current-only,unknown,current-only,unknown,partial,fundamental-coverage-limited-to-2026-06-and-2026Q1;market-status-current-only;no-dated-corporate-action-observation;no-durable-daily-price-observation;no-official-session-record-for-market-date;security-lifecycle-current-only
TWSE,2025-05-07,unknown,unknown,unknown,current-only,unknown,current-only,unknown,partial,fundamental-coverage-limited-to-2026-06-and-2026Q1;market-status-current-only;no-dated-corporate-action-observation;no-durable-daily-price-observation;no-official-session-record-for-market-date;security-lifecycle-current-only
TPEX,2025-05-07,unknown,unknown,unknown,current-only,unknown,current-only,unknown,partial,fundamental-coverage-limited-to-2026-06-and-2026Q1;market-status-current-only;no-dated-corporate-action-observation;no-durable-daily-price-observation;no-official-session-record-for-market-date;security-lifecycle-current-only
TWSE,2025-05-08,unknown,unknown,unknown,current-only,unknown,current-only,unknown,partial,fundamental-coverage-limited-to-2026-06-and-2026Q1;market-status-current-only;no-dated-corporate-action-observation;no-durable-daily-price-observation;no-official-session-record-for-market-date;security-lifecycle-current-only
TPEX,2025-05-08,unknown,unknown,unknown,current-only,unknown,current-only,unknown,partial,fundamental-coverage-limited-to-2026-06-and-2026Q1;market-status-current-only;no-dated-corporate-action-observation;no-durable-daily-price-observation;no-official-session-record-for-market-date;security-lifecycle-current-only
TWSE,2025-05-09,unknown,unknown,unknown,current-only,unknown,current-only,unknown,partial,fundamental-coverage-limited-to-2026-06-and-2026Q1;market-status-current-only;no-dated-corporate-action-observation;no-durable-daily-price-observation;no-official-session-record-for-market-date;security-lifecycle-current-only
TPEX,2025-05-09,unknown,unknown,unknown,current-only,unknown,current-only,unknown,partial,fundamental-coverage-limited-to-2026-06-and-2026Q1;market-status-current-only;no-dated-corporate-action-observation;no-durable-daily-price-observation;no-official-session-record-for-market-date;security-lifecycle-current-only
TWSE,2025-05-10,unknown,unknown,unknown,current-only,unknown,current-only,unknown,partial,fundamental-coverage-limited-to-2026-06-and-2026Q1;market-status-current-only;no-dated-corporate-action-observation;no-durable-daily-price-observation;no-official-session-record-for-market-date;security-lifecycle-current-only
TPEX,2025-05-10,unknown,unknown,unknown,current-only,unknown,current-only,unknown,partial,fundamental-coverage-limited-to-2026-06-and-2026Q1;market-status-current-only;no-dated-corporate-action-observation;no-durable-daily-price-observation;no-official-session-record-for-market-date;security-lifecycle-current-only
TWSE,2025-05-11,unknown,unknown,unknown,current-only,unknown,current-only,unknown,partial,fundamental-coverage-limited-to-2026-06-and-2026Q1;market-status-current-only;no-dated-corporate-action-observation;no-durable-daily-price-observation;no-official-session-record-for-market-date;security-lifecycle-current-only
TPEX,2025-05-11,unknown,unknown,unknown,current-only,unknown,current-only,unknown,partial,fundamental-coverage-limited-to-2026-06-and-2026Q1;market-status-current-only;no-dated-corporate-action-observation;no-durable-daily-price-observation;no-official-session-record-for-market-date;security-lifecycle-current-only
TWSE,2025-05-12,unknown,unknown,unknown,current-only,unknown,current-only,unknown,partial,fundamental-coverage-limited-to-2026-06-and-2026Q1;market-status-current-only;no-dated-corporate-action-observation;no-durable-daily-price-observation;no-official-session-record-for-market-date;security-lifecycle-current-only
TPEX,2025-05-12,unknown,unknown,unknown,current-only,unknown,current-only,unknown,partial,fundamental-coverage-limited-to-2026-06-and-2026Q1;market-status-current-only;no-dated-corporate-action-observation;no-durable-daily-price-observation;no-official-session-record-for-market-date;security-lifecycle-current-only
TWSE,2025-05-13,unknown,unknown,unknown,current-only,unknown,current-only,unknown,partial,fundamental-coverage-limited-to-2026-06-and-2026Q1;market-status-current-only;no-dated-corporate-action-observation;no-durable-daily-price-observation;no-official-session-record-for-market-date;security-lifecycle-current-only
TPEX,2025-05-13,unknown,unknown,unknown,current-only,unknown,current-only,unknown,partial,fundamental-coverage-limited-to-2026-06-and-2026Q1;market-status-current-only;no-dated-corporate-action-observation;no-durable-daily-price-observation;no-official-session-record-for-market-date;security-lifecycle-current-only
TWSE,2025-05-14,unknown,unknown,unknown,current-only,unknown,current-only,unknown,partial,fundamental-coverage-limited-to-2026-06-and-2026Q1;market-status-current-only;no-dated-corporate-action-observation;no-durable-daily-price-observation;no-official-session-record-for-market-date;security-lifecycle-current-only
TPEX,2025-05-14,unknown,unknown,unknown,current-only,unknown,current-only,unknown,partial,fundamental-coverage-limited-to-2026-06-and-2026Q1;market-status-current-only;no-dated-corporate-action-observation;no-durable-daily-price-observation;no-official-session-record-for-market-date;security-lifecycle-current-only
TWSE,2025-05-15,unknown,unknown,unknown,current-only,unknown,current-only,unknown,partial,fundamental-coverage-limited-to-2026-06-and-2026Q1;market-status-current-only;no-dated-corporate-action-observation;no-durable-daily-price-observation;no-official-session-record-for-market-date;security-lifecycle-current-only
TPEX,2025-05-15,unknown,unknown,unknown,current-only,unknown,current-only,unknown,partial,fundamental-coverage-limited-to-2026-06-and-2026Q1;market-status-current-only;no-dated-corporate-action-observation;no-durable-daily-price-observation;no-official-session-record-for-market-date;security-lifecycle-current-only
TWSE,2025-05-16,unknown,unknown,unknown,current-only,unknown,current-only,unknown,partial,fundamental-coverage-limited-to-2026-06-and-2026Q1;market-status-current-only;no-dated-corporate-action-observation;no-durable-daily-price-observation;no-official-session-record-for-market-date;security-lifecycle-current-only
TPEX,2025-05-16,unknown,unknown,unknown,current-only,unknown,current-only,unknown,partial,fundamental-coverage-limited-to-2026-06-and-2026Q1;market-status-current-only;no-dated-corporate-action-observation;no-durable-daily-price-observation;no-official-session-record-for-market-date;security-lifecycle-current-only
TWSE,2025-05-17,unknown,unknown,unknown,current-only,unknown,current-only,unknown,partial,fundamental-coverage-limited-to-2026-06-and-2026Q1;market-status-current-only;no-dated-corporate-action-observation;no-durable-daily-price-observation;no-official-session-record-for-market-date;security-lifecycle-current-only
TPEX,2025-05-17,unknown,unknown,unknown,current-only,unknown,current-only,unknown,partial,fundamental-coverage-limited-to-2026-06-and-2026Q1;market-status-current-only;no-dated-corporate-action-observation;no-durable-daily-price-observation;no-official-session-record-for-market-date;security-lifecycle-current-only
TWSE,2025-05-18,unknown,unknown,unknown,current-only,unknown,current-only,unknown,partial,fundamental-coverage-limited-to-2026-06-and-2026Q1;market-status-current-only;no-dated-corporate-action-observation;no-durable-daily-price-observation;no-official-session-record-for-market-date;security-lifecycle-current-only
TPEX,2025-05-18,unknown,unknown,unknown,current-only,unknown,current-only,unknown,partial,fundamental-coverage-limited-to-2026-06-and-2026Q1;market-status-current-only;no-dated-corporate-action-observation;no-durable-daily-price-observation;no-official-session-record-for-market-date;security-lifecycle-current-only
TWSE,2025-05-19,unknown,unknown,unknown,current-only,unknown,current-only,unknown,partial,fundamental-coverage-limited-to-2026-06-and-2026Q1;market-status-current-only;no-dated-corporate-action-observation;no-durable-daily-price-observation;no-official-session-record-for-market-date;security-lifecycle-current-only
TPEX,2025-05-19,unknown,unknown,unknown,current-only,unknown,current-only,unknown,partial,fundamental-coverage-limited-to-2026-06-and-2026Q1;market-status-current-only;no-dated-corporate-action-observation;no-durable-daily-price-observation;no-official-session-record-for-market-date;security-lifecycle-current-only
TWSE,2025-05-20,unknown,unknown,unknown,current-only,unknown,current-only,unknown,partial,fundamental-coverage-limited-to-2026-06-and-2026Q1;market-status-current-only;no-dated-corporate-action-observation;no-durable-daily-price-observation;no-official-session-record-for-market-date;security-lifecycle-current-only
TPEX,2025-05-20,unknown,unknown,unknown,current-only,unknown,current-only,unknown,partial,fundamental-coverage-limited-to-2026-06-and-2026Q1;market-status-current-only;no-dated-corporate-action-observation;no-durable-daily-price-observation;no-official-session-record-for-market-date;security-lifecycle-current-only
TWSE,2025-05-21,unknown,unknown,unknown,current-only,unknown,current-only,unknown,partial,fundamental-coverage-limited-to-2026-06-and-2026Q1;market-status-current-only;no-dated-corporate-action-observation;no-durable-daily-price-observation;no-official-session-record-for-market-date;security-lifecycle-current-only
TPEX,2025-05-21,unknown,unknown,unknown,current-only,unknown,current-only,unknown,partial,fundamental-coverage-limited-to-2026-06-and-2026Q1;market-status-current-only;no-dated-corporate-action-observation;no-durable-daily-price-observation;no-official-session-record-for-market-date;security-lifecycle-current-only
TWSE,2025-05-22,unknown,unknown,unknown,current-only,unknown,current-only,unknown,partial,fundamental-coverage-limited-to-2026-06-and-2026Q1;market-status-current-only;no-dated-corporate-action-observation;no-durable-daily-price-observation;no-official-session-record-for-market-date;security-lifecycle-current-only
TPEX,2025-05-22,unknown,unknown,unknown,current-only,unknown,current-only,unknown,partial,fundamental-coverage-limited-to-2026-06-and-2026Q1;market-status-current-only;no-dated-corporate-action-observation;no-durable-daily-price-observation;no-official-session-record-for-market-date;security-lifecycle-current-only
TWSE,2025-05-23,unknown,unknown,unknown,current-only,unknown,current-only,unknown,partial,fundamental-coverage-limited-to-2026-06-and-2026Q1;market-status-current-only;no-dated-corporate-action-observation;no-durable-daily-price-observation;no-official-session-record-for-market-date;security-lifecycle-current-only
TPEX,2025-05-23,unknown,unknown,unknown,current-only,unknown,current-only,unknown,partial,fundamental-coverage-limited-to-2026-06-and-2026Q1;market-status-current-only;no-dated-corporate-action-observation;no-durable-daily-price-observation;no-official-session-record-for-market-date;security-lifecycle-current-only
TWSE,2025-05-24,unknown,unknown,unknown,current-only,unknown,current-only,unknown,partial,fundamental-coverage-limited-to-2026-06-and-2026Q1;market-status-current-only;no-dated-corporate-action-observation;no-durable-daily-price-observation;no-official-session-record-for-market-date;security-lifecycle-current-only
TPEX,2025-05-24,unknown,unknown,unknown,current-only,unknown,current-only,unknown,partial,fundamental-coverage-limited-to-2026-06-and-2026Q1;market-status-current-only;no-dated-corporate-action-observation;no-durable-daily-price-observation;no-official-session-record-for-market-date;security-lifecycle-current-only
TWSE,2025-05-25,unknown,unknown,unknown,current-only,unknown,current-only,unknown,partial,fundamental-coverage-limited-to-2026-06-and-2026Q1;market-status-current-only;no-dated-corporate-action-observation;no-durable-daily-price-observation;no-official-session-record-for-market-date;security-lifecycle-current-only
TPEX,2025-05-25,unknown,unknown,unknown,current-only,unknown,current-only,unknown,partial,fundamental-coverage-limited-to-2026-06-and-2026Q1;market-status-current-only;no-dated-corporate-action-observation;no-durable-daily-price-observation;no-official-session-record-for-market-date;security-lifecycle-current-only
TWSE,2025-05-26,unknown,unknown,unknown,current-only,unknown,current-only,unknown,partial,fundamental-coverage-limited-to-2026-06-and-2026Q1;market-status-current-only;no-dated-corporate-action-observation;no-durable-daily-price-observation;no-official-session-record-for-market-date;security-lifecycle-current-only
TPEX,2025-05-26,unknown,unknown,unknown,current-only,unknown,current-only,unknown,partial,fundamental-coverage-limited-to-2026-06-and-2026Q1;market-status-current-only;no-dated-corporate-action-observation;no-durable-daily-price-observation;no-official-session-record-for-market-date;security-lifecycle-current-only
TWSE,2025-05-27,unknown,unknown,unknown,current-only,unknown,current-only,unknown,partial,fundamental-coverage-limited-to-2026-06-and-2026Q1;market-status-current-only;no-dated-corporate-action-observation;no-durable-daily-price-observation;no-official-session-record-for-market-date;security-lifecycle-current-only
TPEX,2025-05-27,unknown,unknown,unknown,current-only,unknown,current-only,unknown,partial,fundamental-coverage-limited-to-2026-06-and-2026Q1;market-status-current-only;no-dated-corporate-action-observation;no-durable-daily-price-observation;no-official-session-record-for-market-date;security-lifecycle-current-only
TWSE,2025-05-28,unknown,unknown,unknown,current-only,unknown,current-only,unknown,partial,fundamental-coverage-limited-to-2026-06-and-2026Q1;market-status-current-only;no-dated-corporate-action-observation;no-durable-daily-price-observation;no-official-session-record-for-market-date;security-lifecycle-current-only
TPEX,2025-05-28,unknown,unknown,unknown,current-only,unknown,current-only,unknown,partial,fundamental-coverage-limited-to-2026-06-and-2026Q1;market-status-current-only;no-dated-corporate-action-observation;no-durable-daily-price-observation;no-official-session-record-for-market-date;security-lifecycle-current-only
TWSE,2025-05-29,unknown,unknown,unknown,current-only,unknown,current-only,unknown,partial,fundamental-coverage-limited-to-2026-06-and-2026Q1;market-status-current-only;no-dated-corporate-action-observation;no-durable-daily-price-observation;no-official-session-record-for-market-date;security-lifecycle-current-only
TPEX,2025-05-29,unknown,unknown,unknown,current-only,unknown,current-only,unknown,partial,fundamental-coverage-limited-to-2026-06-and-2026Q1;market-status-current-only;no-dated-corporate-action-observation;no-durable-daily-price-observation;no-official-session-record-for-market-date;security-lifecycle-current-only
TWSE,2025-05-30,unknown,unknown,unknown,current-only,unknown,current-only,unknown,partial,fundamental-coverage-limited-to-2026-06-and-2026Q1;market-status-current-only;no-dated-corporate-action-observation;no-durable-daily-price-observation;no-official-session-record-for-market-date;security-lifecycle-current-only
TPEX,2025-05-30,unknown,unknown,unknown,current-only,unknown,current-only,unknown,partial,fundamental-coverage-limited-to-2026-06-and-2026Q1;market-status-current-only;no-dated-corporate-action-observation;no-durable-daily-price-observation;no-official-session-record-for-market-date;security-lifecycle-current-only
TWSE,2025-05-31,unknown,unknown,unknown,current-only,unknown,current-only,unknown,partial,fundamental-coverage-limited-to-2026-06-and-2026Q1;market-status-current-only;no-dated-corporate-action-observation;no-durable-daily-price-observation;no-official-session-record-for-market-date;security-lifecycle-current-only
TPEX,2025-05-31,unknown,unknown,unknown,current-only,unknown,current-only,unknown,partial,fundamental-coverage-limited-to-2026-06-and-2026Q1;market-status-current-only;no-dated-corporate-action-observation;no-durable-daily-price-observation;no-official-session-record-for-market-date;security-lifecycle-current-only
TWSE,2025-06-01,unknown,unknown,unknown,current-only,unknown,current-only,unknown,partial,fundamental-coverage-limited-to-2026-06-and-2026Q1;market-status-current-only;no-dated-corporate-action-observation;no-durable-daily-price-observation;no-official-session-record-for-market-date;security-lifecycle-current-only
TPEX,2025-06-01,unknown,unknown,unknown,current-only,unknown,current-only,unknown,partial,fundamental-coverage-limited-to-2026-06-and-2026Q1;market-status-current-only;no-dated-corporate-action-observation;no-durable-daily-price-observation;no-official-session-record-for-market-date;security-lifecycle-current-only
TWSE,2025-06-02,unknown,unknown,unknown,current-only,unknown,current-only,unknown,partial,fundamental-coverage-limited-to-2026-06-and-2026Q1;market-status-current-only;no-dated-corporate-action-observation;no-durable-daily-price-observation;no-official-session-record-for-market-date;security-lifecycle-current-only
TPEX,2025-06-02,unknown,unknown,unknown,current-only,unknown,current-only,unknown,partial,fundamental-coverage-limited-to-2026-06-and-2026Q1;market-status-current-only;no-dated-corporate-action-observation;no-durable-daily-price-observation;no-official-session-record-for-market-date;security-lifecycle-current-only
TWSE,2025-06-03,unknown,unknown,unknown,current-only,unknown,current-only,unknown,partial,fundamental-coverage-limited-to-2026-06-and-2026Q1;market-status-current-only;no-dated-corporate-action-observation;no-durable-daily-price-observation;no-official-session-record-for-market-date;security-lifecycle-current-only
TPEX,2025-06-03,unknown,unknown,unknown,current-only,unknown,current-only,unknown,partial,fundamental-coverage-limited-to-2026-06-and-2026Q1;market-status-current-only;no-dated-corporate-action-observation;no-durable-daily-price-observation;no-official-session-record-for-market-date;security-lifecycle-current-only
TWSE,2025-06-04,unknown,unknown,unknown,current-only,unknown,current-only,unknown,partial,fundamental-coverage-limited-to-2026-06-and-2026Q1;market-status-current-only;no-dated-corporate-action-observation;no-durable-daily-price-observation;no-official-session-record-for-market-date;security-lifecycle-current-only
TPEX,2025-06-04,unknown,unknown,unknown,current-only,unknown,current-only,unknown,partial,fundamental-coverage-limited-to-2026-06-and-2026Q1;market-status-current-only;no-dated-corporate-action-observation;no-durable-daily-price-observation;no-official-session-record-for-market-date;security-lifecycle-current-only
TWSE,2025-06-05,unknown,unknown,unknown,current-only,unknown,current-only,unknown,partial,fundamental-coverage-limited-to-2026-06-and-2026Q1;market-status-current-only;no-dated-corporate-action-observation;no-durable-daily-price-observation;no-official-session-record-for-market-date;security-lifecycle-current-only
TPEX,2025-06-05,unknown,unknown,unknown,current-only,unknown,current-only,unknown,partial,fundamental-coverage-limited-to-2026-06-and-2026Q1;market-status-current-only;no-dated-corporate-action-observation;no-durable-daily-price-observation;no-official-session-record-for-market-date;security-lifecycle-current-only
TWSE,2025-06-06,unknown,unknown,unknown,current-only,unknown,current-only,unknown,partial,fundamental-coverage-limited-to-2026-06-and-2026Q1;market-status-current-only;no-dated-corporate-action-observation;no-durable-daily-price-observation;no-official-session-record-for-market-date;security-lifecycle-current-only
TPEX,2025-06-06,unknown,unknown,unknown,current-only,unknown,current-only,unknown,partial,fundamental-coverage-limited-to-2026-06-and-2026Q1;market-status-current-only;no-dated-corporate-action-observation;no-durable-daily-price-observation;no-official-session-record-for-market-date;security-lifecycle-current-only
TWSE,2025-06-07,unknown,unknown,unknown,current-only,unknown,current-only,unknown,partial,fundamental-coverage-limited-to-2026-06-and-2026Q1;market-status-current-only;no-dated-corporate-action-observation;no-durable-daily-price-observation;no-official-session-record-for-market-date;security-lifecycle-current-only
TPEX,2025-06-07,unknown,unknown,unknown,current-only,unknown,current-only,unknown,partial,fundamental-coverage-limited-to-2026-06-and-2026Q1;market-status-current-only;no-dated-corporate-action-observation;no-durable-daily-price-observation;no-official-session-record-for-market-date;security-lifecycle-current-only
TWSE,2025-06-08,unknown,unknown,unknown,current-only,unknown,current-only,unknown,partial,fundamental-coverage-limited-to-2026-06-and-2026Q1;market-status-current-only;no-dated-corporate-action-observation;no-durable-daily-price-observation;no-official-session-record-for-market-date;security-lifecycle-current-only
TPEX,2025-06-08,unknown,unknown,unknown,current-only,unknown,current-only,unknown,partial,fundamental-coverage-limited-to-2026-06-and-2026Q1;market-status-current-only;no-dated-corporate-action-observation;no-durable-daily-price-observation;no-official-session-record-for-market-date;security-lifecycle-current-only
TWSE,2025-06-09,unknown,unknown,unknown,current-only,unknown,current-only,unknown,partial,fundamental-coverage-limited-to-2026-06-and-2026Q1;market-status-current-only;no-dated-corporate-action-observation;no-durable-daily-price-observation;no-official-session-record-for-market-date;security-lifecycle-current-only
TPEX,2025-06-09,unknown,unknown,unknown,current-only,unknown,current-only,unknown,partial,fundamental-coverage-limited-to-2026-06-and-2026Q1;market-status-current-only;no-dated-corporate-action-observation;no-durable-daily-price-observation;no-official-session-record-for-market-date;security-lifecycle-current-only
TWSE,2025-06-10,unknown,unknown,unknown,current-only,unknown,current-only,unknown,partial,fundamental-coverage-limited-to-2026-06-and-2026Q1;market-status-current-only;no-dated-corporate-action-observation;no-durable-daily-price-observation;no-official-session-record-for-market-date;security-lifecycle-current-only
TPEX,2025-06-10,unknown,unknown,unknown,current-only,unknown,current-only,unknown,partial,fundamental-coverage-limited-to-2026-06-and-2026Q1;market-status-current-only;no-dated-corporate-action-observation;no-durable-daily-price-observation;no-official-session-record-for-market-date;security-lifecycle-current-only
TWSE,2025-06-11,unknown,unknown,unknown,current-only,unknown,current-only,unknown,partial,fundamental-coverage-limited-to-2026-06-and-2026Q1;market-status-current-only;no-dated-corporate-action-observation;no-durable-daily-price-observation;no-official-session-record-for-market-date;security-lifecycle-current-only
TPEX,2025-06-11,unknown,unknown,unknown,current-only,unknown,current-only,unknown,partial,fundamental-coverage-limited-to-2026-06-and-2026Q1;market-status-current-only;no-dated-corporate-action-observation;no-durable-daily-price-observation;no-official-session-record-for-market-date;security-lifecycle-current-only
TWSE,2025-06-12,unknown,unknown,unknown,current-only,unknown,current-only,unknown,partial,fundamental-coverage-limited-to-2026-06-and-2026Q1;market-status-current-only;no-dated-corporate-action-observation;no-durable-daily-price-observation;no-official-session-record-for-market-date;security-lifecycle-current-only
TPEX,2025-06-12,unknown,unknown,unknown,current-only,unknown,current-only,unknown,partial,fundamental-coverage-limited-to-2026-06-and-2026Q1;market-status-current-only;no-dated-corporate-action-observation;no-durable-daily-price-observation;no-official-session-record-for-market-date;security-lifecycle-current-only
TWSE,2025-06-13,unknown,unknown,unknown,current-only,unknown,current-only,unknown,partial,fundamental-coverage-limited-to-2026-06-and-2026Q1;market-status-current-only;no-dated-corporate-action-observation;no-durable-daily-price-observation;no-official-session-record-for-market-date;security-lifecycle-current-only
TPEX,2025-06-13,unknown,unknown,unknown,current-only,unknown,current-only,unknown,partial,fundamental-coverage-limited-to-2026-06-and-2026Q1;market-status-current-only;no-dated-corporate-action-observation;no-durable-daily-price-observation;no-official-session-record-for-market-date;security-lifecycle-current-only
TWSE,2025-06-14,unknown,unknown,unknown,current-only,unknown,current-only,unknown,partial,fundamental-coverage-limited-to-2026-06-and-2026Q1;market-status-current-only;no-dated-corporate-action-observation;no-durable-daily-price-observation;no-official-session-record-for-market-date;security-lifecycle-current-only
TPEX,2025-06-14,unknown,unknown,unknown,current-only,unknown,current-only,unknown,partial,fundamental-coverage-limited-to-2026-06-and-2026Q1;market-status-current-only;no-dated-corporate-action-observation;no-durable-daily-price-observation;no-official-session-record-for-market-date;security-lifecycle-current-only
TWSE,2025-06-15,unknown,unknown,unknown,current-only,unknown,current-only,unknown,partial,fundamental-coverage-limited-to-2026-06-and-2026Q1;market-status-current-only;no-dated-corporate-action-observation;no-durable-daily-price-observation;no-official-session-record-for-market-date;security-lifecycle-current-only
TPEX,2025-06-15,unknown,unknown,unknown,current-only,unknown,current-only,unknown,partial,fundamental-coverage-limited-to-2026-06-and-2026Q1;market-status-current-only;no-dated-corporate-action-observation;no-durable-daily-price-observation;no-official-session-record-for-market-date;security-lifecycle-current-only
TWSE,2025-06-16,unknown,unknown,unknown,current-only,unknown,current-only,unknown,partial,fundamental-coverage-limited-to-2026-06-and-2026Q1;market-status-current-only;no-dated-corporate-action-observation;no-durable-daily-price-observation;no-official-session-record-for-market-date;security-lifecycle-current-only
TPEX,2025-06-16,unknown,unknown,unknown,current-only,unknown,current-only,unknown,partial,fundamental-coverage-limited-to-2026-06-and-2026Q1;market-status-current-only;no-dated-corporate-action-observation;no-durable-daily-price-observation;no-official-session-record-for-market-date;security-lifecycle-current-only
TWSE,2025-06-17,unknown,unknown,unknown,current-only,unknown,current-only,unknown,partial,fundamental-coverage-limited-to-2026-06-and-2026Q1;market-status-current-only;no-dated-corporate-action-observation;no-durable-daily-price-observation;no-official-session-record-for-market-date;security-lifecycle-current-only
TPEX,2025-06-17,unknown,unknown,unknown,current-only,unknown,current-only,unknown,partial,fundamental-coverage-limited-to-2026-06-and-2026Q1;market-status-current-only;no-dated-corporate-action-observation;no-durable-daily-price-observation;no-official-session-record-for-market-date;security-lifecycle-current-only
TWSE,2025-06-18,unknown,unknown,unknown,current-only,unknown,current-only,unknown,partial,fundamental-coverage-limited-to-2026-06-and-2026Q1;market-status-current-only;no-dated-corporate-action-observation;no-durable-daily-price-observation;no-official-session-record-for-market-date;security-lifecycle-current-only
TPEX,2025-06-18,unknown,unknown,unknown,current-only,unknown,current-only,unknown,partial,fundamental-coverage-limited-to-2026-06-and-2026Q1;market-status-current-only;no-dated-corporate-action-observation;no-durable-daily-price-observation;no-official-session-record-for-market-date;security-lifecycle-current-only
TWSE,2025-06-19,unknown,unknown,unknown,current-only,unknown,current-only,unknown,partial,fundamental-coverage-limited-to-2026-06-and-2026Q1;market-status-current-only;no-dated-corporate-action-observation;no-durable-daily-price-observation;no-official-session-record-for-market-date;security-lifecycle-current-only
TPEX,2025-06-19,unknown,unknown,unknown,current-only,unknown,current-only,unknown,partial,fundamental-coverage-limited-to-2026-06-and-2026Q1;market-status-current-only;no-dated-corporate-action-observation;no-durable-daily-price-observation;no-official-session-record-for-market-date;security-lifecycle-current-only
TWSE,2025-06-20,unknown,unknown,unknown,current-only,unknown,current-only,unknown,partial,fundamental-coverage-limited-to-2026-06-and-2026Q1;market-status-current-only;no-dated-corporate-action-observation;no-durable-daily-price-observation;no-official-session-record-for-market-date;security-lifecycle-current-only
TPEX,2025-06-20,unknown,unknown,unknown,current-only,unknown,current-only,unknown,partial,fundamental-coverage-limited-to-2026-06-and-2026Q1;market-status-current-only;no-dated-corporate-action-observation;no-durable-daily-price-observation;no-official-session-record-for-market-date;security-lifecycle-current-only
TWSE,2025-06-21,unknown,unknown,unknown,current-only,unknown,current-only,unknown,partial,fundamental-coverage-limited-to-2026-06-and-2026Q1;market-status-current-only;no-dated-corporate-action-observation;no-durable-daily-price-observation;no-official-session-record-for-market-date;security-lifecycle-current-only
TPEX,2025-06-21,unknown,unknown,unknown,current-only,unknown,current-only,unknown,partial,fundamental-coverage-limited-to-2026-06-and-2026Q1;market-status-current-only;no-dated-corporate-action-observation;no-durable-daily-price-observation;no-official-session-record-for-market-date;security-lifecycle-current-only
TWSE,2025-06-22,unknown,unknown,unknown,current-only,unknown,current-only,unknown,partial,fundamental-coverage-limited-to-2026-06-and-2026Q1;market-status-current-only;no-dated-corporate-action-observation;no-durable-daily-price-observation;no-official-session-record-for-market-date;security-lifecycle-current-only
TPEX,2025-06-22,unknown,unknown,unknown,current-only,unknown,current-only,unknown,partial,fundamental-coverage-limited-to-2026-06-and-2026Q1;market-status-current-only;no-dated-corporate-action-observation;no-durable-daily-price-observation;no-official-session-record-for-market-date;security-lifecycle-current-only
TWSE,2025-06-23,unknown,unknown,unknown,current-only,unknown,current-only,unknown,partial,fundamental-coverage-limited-to-2026-06-and-2026Q1;market-status-current-only;no-dated-corporate-action-observation;no-durable-daily-price-observation;no-official-session-record-for-market-date;security-lifecycle-current-only
TPEX,2025-06-23,unknown,unknown,unknown,current-only,unknown,current-only,unknown,partial,fundamental-coverage-limited-to-2026-06-and-2026Q1;market-status-current-only;no-dated-corporate-action-observation;no-durable-daily-price-observation;no-official-session-record-for-market-date;security-lifecycle-current-only
TWSE,2025-06-24,unknown,unknown,unknown,current-only,unknown,current-only,unknown,partial,fundamental-coverage-limited-to-2026-06-and-2026Q1;market-status-current-only;no-dated-corporate-action-observation;no-durable-daily-price-observation;no-official-session-record-for-market-date;security-lifecycle-current-only
TPEX,2025-06-24,unknown,unknown,unknown,current-only,unknown,current-only,unknown,partial,fundamental-coverage-limited-to-2026-06-and-2026Q1;market-status-current-only;no-dated-corporate-action-observation;no-durable-daily-price-observation;no-official-session-record-for-market-date;security-lifecycle-current-only
TWSE,2025-06-25,unknown,unknown,unknown,current-only,unknown,current-only,unknown,partial,fundamental-coverage-limited-to-2026-06-and-2026Q1;market-status-current-only;no-dated-corporate-action-observation;no-durable-daily-price-observation;no-official-session-record-for-market-date;security-lifecycle-current-only
TPEX,2025-06-25,unknown,unknown,unknown,current-only,unknown,current-only,unknown,partial,fundamental-coverage-limited-to-2026-06-and-2026Q1;market-status-current-only;no-dated-corporate-action-observation;no-durable-daily-price-observation;no-official-session-record-for-market-date;security-lifecycle-current-only
TWSE,2025-06-26,unknown,unknown,unknown,current-only,unknown,current-only,unknown,partial,fundamental-coverage-limited-to-2026-06-and-2026Q1;market-status-current-only;no-dated-corporate-action-observation;no-durable-daily-price-observation;no-official-session-record-for-market-date;security-lifecycle-current-only
TPEX,2025-06-26,unknown,unknown,unknown,current-only,unknown,current-only,unknown,partial,fundamental-coverage-limited-to-2026-06-and-2026Q1;market-status-current-only;no-dated-corporate-action-observation;no-durable-daily-price-observation;no-official-session-record-for-market-date;security-lifecycle-current-only
TWSE,2025-06-27,unknown,unknown,unknown,current-only,unknown,current-only,unknown,partial,fundamental-coverage-limited-to-2026-06-and-2026Q1;market-status-current-only;no-dated-corporate-action-observation;no-durable-daily-price-observation;no-official-session-record-for-market-date;security-lifecycle-current-only
TPEX,2025-06-27,unknown,unknown,unknown,current-only,unknown,current-only,unknown,partial,fundamental-coverage-limited-to-2026-06-and-2026Q1;market-status-current-only;no-dated-corporate-action-observation;no-durable-daily-price-observation;no-official-session-record-for-market-date;security-lifecycle-current-only
TWSE,2025-06-28,unknown,unknown,unknown,current-only,unknown,current-only,unknown,partial,fundamental-coverage-limited-to-2026-06-and-2026Q1;market-status-current-only;no-dated-corporate-action-observation;no-durable-daily-price-observation;no-official-session-record-for-market-date;security-lifecycle-current-only
TPEX,2025-06-28,unknown,unknown,unknown,current-only,unknown,current-only,unknown,partial,fundamental-coverage-limited-to-2026-06-and-2026Q1;market-status-current-only;no-dated-corporate-action-observation;no-durable-daily-price-observation;no-official-session-record-for-market-date;security-lifecycle-current-only
TWSE,2025-06-29,unknown,unknown,unknown,current-only,unknown,current-only,unknown,partial,fundamental-coverage-limited-to-2026-06-and-2026Q1;market-status-current-only;no-dated-corporate-action-observation;no-durable-daily-price-observation;no-official-session-record-for-market-date;security-lifecycle-current-only
TPEX,2025-06-29,unknown,unknown,unknown,current-only,unknown,current-only,unknown,partial,fundamental-coverage-limited-to-2026-06-and-2026Q1;market-status-current-only;no-dated-corporate-action-observation;no-durable-daily-price-observation;no-official-session-record-for-market-date;security-lifecycle-current-only
TWSE,2025-06-30,unknown,unknown,unknown,current-only,unknown,current-only,unknown,partial,fundamental-coverage-limited-to-2026-06-and-2026Q1;market-status-current-only;no-dated-corporate-action-observation;no-durable-daily-price-observation;no-official-session-record-for-market-date;security-lifecycle-current-only
TPEX,2025-06-30,unknown,unknown,unknown,current-only,unknown,current-only,unknown,partial,fundamental-coverage-limited-to-2026-06-and-2026Q1;market-status-current-only;no-dated-corporate-action-observation;no-durable-daily-price-observation;no-official-session-record-for-market-date;security-lifecycle-current-only
TWSE,2025-07-01,unknown,unknown,unknown,current-only,unknown,current-only,unknown,partial,fundamental-coverage-limited-to-2026-06-and-2026Q1;market-status-current-only;no-dated-corporate-action-observation;no-durable-daily-price-observation;no-official-session-record-for-market-date;security-lifecycle-current-only
TPEX,2025-07-01,unknown,unknown,unknown,current-only,unknown,current-only,unknown,partial,fundamental-coverage-limited-to-2026-06-and-2026Q1;market-status-current-only;no-dated-corporate-action-observation;no-durable-daily-price-observation;no-official-session-record-for-market-date;security-lifecycle-current-only
TWSE,2025-07-02,unknown,unknown,unknown,current-only,unknown,current-only,unknown,partial,fundamental-coverage-limited-to-2026-06-and-2026Q1;market-status-current-only;no-dated-corporate-action-observation;no-durable-daily-price-observation;no-official-session-record-for-market-date;security-lifecycle-current-only
TPEX,2025-07-02,unknown,unknown,unknown,current-only,unknown,current-only,unknown,partial,fundamental-coverage-limited-to-2026-06-and-2026Q1;market-status-current-only;no-dated-corporate-action-observation;no-durable-daily-price-observation;no-official-session-record-for-market-date;security-lifecycle-current-only
TWSE,2025-07-03,unknown,unknown,unknown,current-only,unknown,current-only,unknown,partial,fundamental-coverage-limited-to-2026-06-and-2026Q1;market-status-current-only;no-dated-corporate-action-observation;no-durable-daily-price-observation;no-official-session-record-for-market-date;security-lifecycle-current-only
TPEX,2025-07-03,unknown,unknown,unknown,current-only,unknown,current-only,unknown,partial,fundamental-coverage-limited-to-2026-06-and-2026Q1;market-status-current-only;no-dated-corporate-action-observation;no-durable-daily-price-observation;no-official-session-record-for-market-date;security-lifecycle-current-only
TWSE,2025-07-04,unknown,unknown,unknown,current-only,unknown,current-only,unknown,partial,fundamental-coverage-limited-to-2026-06-and-2026Q1;market-status-current-only;no-dated-corporate-action-observation;no-durable-daily-price-observation;no-official-session-record-for-market-date;security-lifecycle-current-only
TPEX,2025-07-04,unknown,unknown,unknown,current-only,unknown,current-only,unknown,partial,fundamental-coverage-limited-to-2026-06-and-2026Q1;market-status-current-only;no-dated-corporate-action-observation;no-durable-daily-price-observation;no-official-session-record-for-market-date;security-lifecycle-current-only
TWSE,2025-07-05,unknown,unknown,unknown,current-only,unknown,current-only,unknown,partial,fundamental-coverage-limited-to-2026-06-and-2026Q1;market-status-current-only;no-dated-corporate-action-observation;no-durable-daily-price-observation;no-official-session-record-for-market-date;security-lifecycle-current-only
TPEX,2025-07-05,unknown,unknown,unknown,current-only,unknown,current-only,unknown,partial,fundamental-coverage-limited-to-2026-06-and-2026Q1;market-status-current-only;no-dated-corporate-action-observation;no-durable-daily-price-observation;no-official-session-record-for-market-date;security-lifecycle-current-only
TWSE,2025-07-06,unknown,unknown,unknown,current-only,unknown,current-only,unknown,partial,fundamental-coverage-limited-to-2026-06-and-2026Q1;market-status-current-only;no-dated-corporate-action-observation;no-durable-daily-price-observation;no-official-session-record-for-market-date;security-lifecycle-current-only
TPEX,2025-07-06,unknown,unknown,unknown,current-only,unknown,current-only,unknown,partial,fundamental-coverage-limited-to-2026-06-and-2026Q1;market-status-current-only;no-dated-corporate-action-observation;no-durable-daily-price-observation;no-official-session-record-for-market-date;security-lifecycle-current-only
TWSE,2025-07-07,unknown,unknown,unknown,current-only,unknown,current-only,unknown,partial,fundamental-coverage-limited-to-2026-06-and-2026Q1;market-status-current-only;no-dated-corporate-action-observation;no-durable-daily-price-observation;no-official-session-record-for-market-date;security-lifecycle-current-only
TPEX,2025-07-07,unknown,unknown,unknown,current-only,unknown,current-only,unknown,partial,fundamental-coverage-limited-to-2026-06-and-2026Q1;market-status-current-only;no-dated-corporate-action-observation;no-durable-daily-price-observation;no-official-session-record-for-market-date;security-lifecycle-current-only
TWSE,2025-07-08,unknown,unknown,unknown,current-only,unknown,current-only,unknown,partial,fundamental-coverage-limited-to-2026-06-and-2026Q1;market-status-current-only;no-dated-corporate-action-observation;no-durable-daily-price-observation;no-official-session-record-for-market-date;security-lifecycle-current-only
TPEX,2025-07-08,unknown,unknown,unknown,current-only,unknown,current-only,unknown,partial,fundamental-coverage-limited-to-2026-06-and-2026Q1;market-status-current-only;no-dated-corporate-action-observation;no-durable-daily-price-observation;no-official-session-record-for-market-date;security-lifecycle-current-only
TWSE,2025-07-09,unknown,unknown,unknown,current-only,unknown,current-only,unknown,partial,fundamental-coverage-limited-to-2026-06-and-2026Q1;market-status-current-only;no-dated-corporate-action-observation;no-durable-daily-price-observation;no-official-session-record-for-market-date;security-lifecycle-current-only
TPEX,2025-07-09,unknown,unknown,unknown,current-only,unknown,current-only,unknown,partial,fundamental-coverage-limited-to-2026-06-and-2026Q1;market-status-current-only;no-dated-corporate-action-observation;no-durable-daily-price-observation;no-official-session-record-for-market-date;security-lifecycle-current-only
TWSE,2025-07-10,unknown,unknown,unknown,current-only,unknown,current-only,unknown,partial,fundamental-coverage-limited-to-2026-06-and-2026Q1;market-status-current-only;no-dated-corporate-action-observation;no-durable-daily-price-observation;no-official-session-record-for-market-date;security-lifecycle-current-only
TPEX,2025-07-10,unknown,unknown,unknown,current-only,unknown,current-only,unknown,partial,fundamental-coverage-limited-to-2026-06-and-2026Q1;market-status-current-only;no-dated-corporate-action-observation;no-durable-daily-price-observation;no-official-session-record-for-market-date;security-lifecycle-current-only
TWSE,2025-07-11,unknown,unknown,unknown,current-only,unknown,current-only,unknown,partial,fundamental-coverage-limited-to-2026-06-and-2026Q1;market-status-current-only;no-dated-corporate-action-observation;no-durable-daily-price-observation;no-official-session-record-for-market-date;security-lifecycle-current-only
TPEX,2025-07-11,unknown,unknown,unknown,current-only,unknown,current-only,unknown,partial,fundamental-coverage-limited-to-2026-06-and-2026Q1;market-status-current-only;no-dated-corporate-action-observation;no-durable-daily-price-observation;no-official-session-record-for-market-date;security-lifecycle-current-only
TWSE,2025-07-12,unknown,unknown,unknown,current-only,unknown,current-only,unknown,partial,fundamental-coverage-limited-to-2026-06-and-2026Q1;market-status-current-only;no-dated-corporate-action-observation;no-durable-daily-price-observation;no-official-session-record-for-market-date;security-lifecycle-current-only
TPEX,2025-07-12,unknown,unknown,unknown,current-only,unknown,current-only,unknown,partial,fundamental-coverage-limited-to-2026-06-and-2026Q1;market-status-current-only;no-dated-corporate-action-observation;no-durable-daily-price-observation;no-official-session-record-for-market-date;security-lifecycle-current-only
TWSE,2025-07-13,unknown,unknown,unknown,current-only,unknown,current-only,unknown,partial,fundamental-coverage-limited-to-2026-06-and-2026Q1;market-status-current-only;no-dated-corporate-action-observation;no-durable-daily-price-observation;no-official-session-record-for-market-date;security-lifecycle-current-only
TPEX,2025-07-13,unknown,unknown,unknown,current-only,unknown,current-only,unknown,partial,fundamental-coverage-limited-to-2026-06-and-2026Q1;market-status-current-only;no-dated-corporate-action-observation;no-durable-daily-price-observation;no-official-session-record-for-market-date;security-lifecycle-current-only
TWSE,2025-07-14,unknown,unknown,unknown,current-only,unknown,current-only,unknown,partial,fundamental-coverage-limited-to-2026-06-and-2026Q1;market-status-current-only;no-dated-corporate-action-observation;no-durable-daily-price-observation;no-official-session-record-for-market-date;security-lifecycle-current-only
TPEX,2025-07-14,unknown,unknown,unknown,current-only,unknown,current-only,unknown,partial,fundamental-coverage-limited-to-2026-06-and-2026Q1;market-status-current-only;no-dated-corporate-action-observation;no-durable-daily-price-observation;no-official-session-record-for-market-date;security-lifecycle-current-only
TWSE,2025-07-15,unknown,unknown,unknown,current-only,unknown,current-only,unknown,partial,fundamental-coverage-limited-to-2026-06-and-2026Q1;market-status-current-only;no-dated-corporate-action-observation;no-durable-daily-price-observation;no-official-session-record-for-market-date;security-lifecycle-current-only
TPEX,2025-07-15,unknown,unknown,unknown,current-only,unknown,current-only,unknown,partial,fundamental-coverage-limited-to-2026-06-and-2026Q1;market-status-current-only;no-dated-corporate-action-observation;no-durable-daily-price-observation;no-official-session-record-for-market-date;security-lifecycle-current-only
TWSE,2025-07-16,unknown,unknown,unknown,current-only,unknown,current-only,unknown,partial,fundamental-coverage-limited-to-2026-06-and-2026Q1;market-status-current-only;no-dated-corporate-action-observation;no-durable-daily-price-observation;no-official-session-record-for-market-date;security-lifecycle-current-only
TPEX,2025-07-16,unknown,unknown,unknown,current-only,unknown,current-only,unknown,partial,fundamental-coverage-limited-to-2026-06-and-2026Q1;market-status-current-only;no-dated-corporate-action-observation;no-durable-daily-price-observation;no-official-session-record-for-market-date;security-lifecycle-current-only
TWSE,2025-07-17,unknown,unknown,unknown,current-only,unknown,current-only,unknown,partial,fundamental-coverage-limited-to-2026-06-and-2026Q1;market-status-current-only;no-dated-corporate-action-observation;no-durable-daily-price-observation;no-official-session-record-for-market-date;security-lifecycle-current-only
TPEX,2025-07-17,unknown,unknown,unknown,current-only,unknown,current-only,unknown,partial,fundamental-coverage-limited-to-2026-06-and-2026Q1;market-status-current-only;no-dated-corporate-action-observation;no-durable-daily-price-observation;no-official-session-record-for-market-date;security-lifecycle-current-only
TWSE,2025-07-18,unknown,unknown,unknown,current-only,unknown,current-only,unknown,partial,fundamental-coverage-limited-to-2026-06-and-2026Q1;market-status-current-only;no-dated-corporate-action-observation;no-durable-daily-price-observation;no-official-session-record-for-market-date;security-lifecycle-current-only
TPEX,2025-07-18,unknown,unknown,unknown,current-only,unknown,current-only,unknown,partial,fundamental-coverage-limited-to-2026-06-and-2026Q1;market-status-current-only;no-dated-corporate-action-observation;no-durable-daily-price-observation;no-official-session-record-for-market-date;security-lifecycle-current-only
TWSE,2025-07-19,unknown,unknown,unknown,current-only,unknown,current-only,unknown,partial,fundamental-coverage-limited-to-2026-06-and-2026Q1;market-status-current-only;no-dated-corporate-action-observation;no-durable-daily-price-observation;no-official-session-record-for-market-date;security-lifecycle-current-only
TPEX,2025-07-19,unknown,unknown,unknown,current-only,unknown,current-only,unknown,partial,fundamental-coverage-limited-to-2026-06-and-2026Q1;market-status-current-only;no-dated-corporate-action-observation;no-durable-daily-price-observation;no-official-session-record-for-market-date;security-lifecycle-current-only
TWSE,2025-07-20,unknown,unknown,unknown,current-only,unknown,current-only,unknown,partial,fundamental-coverage-limited-to-2026-06-and-2026Q1;market-status-current-only;no-dated-corporate-action-observation;no-durable-daily-price-observation;no-official-session-record-for-market-date;security-lifecycle-current-only
TPEX,2025-07-20,unknown,unknown,unknown,current-only,unknown,current-only,unknown,partial,fundamental-coverage-limited-to-2026-06-and-2026Q1;market-status-current-only;no-dated-corporate-action-observation;no-durable-daily-price-observation;no-official-session-record-for-market-date;security-lifecycle-current-only
TWSE,2025-07-21,unknown,unknown,unknown,current-only,unknown,current-only,unknown,partial,fundamental-coverage-limited-to-2026-06-and-2026Q1;market-status-current-only;no-dated-corporate-action-observation;no-durable-daily-price-observation;no-official-session-record-for-market-date;security-lifecycle-current-only
TPEX,2025-07-21,unknown,unknown,unknown,current-only,unknown,current-only,unknown,partial,fundamental-coverage-limited-to-2026-06-and-2026Q1;market-status-current-only;no-dated-corporate-action-observation;no-durable-daily-price-observation;no-official-session-record-for-market-date;security-lifecycle-current-only
TWSE,2025-07-22,unknown,unknown,unknown,current-only,unknown,current-only,unknown,partial,fundamental-coverage-limited-to-2026-06-and-2026Q1;market-status-current-only;no-dated-corporate-action-observation;no-durable-daily-price-observation;no-official-session-record-for-market-date;security-lifecycle-current-only
TPEX,2025-07-22,unknown,unknown,unknown,current-only,unknown,current-only,unknown,partial,fundamental-coverage-limited-to-2026-06-and-2026Q1;market-status-current-only;no-dated-corporate-action-observation;no-durable-daily-price-observation;no-official-session-record-for-market-date;security-lifecycle-current-only
TWSE,2025-07-23,unknown,unknown,unknown,current-only,unknown,current-only,unknown,partial,fundamental-coverage-limited-to-2026-06-and-2026Q1;market-status-current-only;no-dated-corporate-action-observation;no-durable-daily-price-observation;no-official-session-record-for-market-date;security-lifecycle-current-only
TPEX,2025-07-23,unknown,unknown,unknown,current-only,unknown,current-only,unknown,partial,fundamental-coverage-limited-to-2026-06-and-2026Q1;market-status-current-only;no-dated-corporate-action-observation;no-durable-daily-price-observation;no-official-session-record-for-market-date;security-lifecycle-current-only
TWSE,2025-07-24,unknown,unknown,unknown,current-only,unknown,current-only,unknown,partial,fundamental-coverage-limited-to-2026-06-and-2026Q1;market-status-current-only;no-dated-corporate-action-observation;no-durable-daily-price-observation;no-official-session-record-for-market-date;security-lifecycle-current-only
TPEX,2025-07-24,unknown,unknown,unknown,current-only,unknown,current-only,unknown,partial,fundamental-coverage-limited-to-2026-06-and-2026Q1;market-status-current-only;no-dated-corporate-action-observation;no-durable-daily-price-observation;no-official-session-record-for-market-date;security-lifecycle-current-only
TWSE,2025-07-25,unknown,unknown,unknown,current-only,unknown,current-only,unknown,partial,fundamental-coverage-limited-to-2026-06-and-2026Q1;market-status-current-only;no-dated-corporate-action-observation;no-durable-daily-price-observation;no-official-session-record-for-market-date;security-lifecycle-current-only
TPEX,2025-07-25,unknown,unknown,unknown,current-only,unknown,current-only,unknown,partial,fundamental-coverage-limited-to-2026-06-and-2026Q1;market-status-current-only;no-dated-corporate-action-observation;no-durable-daily-price-observation;no-official-session-record-for-market-date;security-lifecycle-current-only
TWSE,2025-07-26,unknown,unknown,unknown,current-only,unknown,current-only,unknown,partial,fundamental-coverage-limited-to-2026-06-and-2026Q1;market-status-current-only;no-dated-corporate-action-observation;no-durable-daily-price-observation;no-official-session-record-for-market-date;security-lifecycle-current-only
TPEX,2025-07-26,unknown,unknown,unknown,current-only,unknown,current-only,unknown,partial,fundamental-coverage-limited-to-2026-06-and-2026Q1;market-status-current-only;no-dated-corporate-action-observation;no-durable-daily-price-observation;no-official-session-record-for-market-date;security-lifecycle-current-only
TWSE,2025-07-27,unknown,unknown,unknown,current-only,unknown,current-only,unknown,partial,fundamental-coverage-limited-to-2026-06-and-2026Q1;market-status-current-only;no-dated-corporate-action-observation;no-durable-daily-price-observation;no-official-session-record-for-market-date;security-lifecycle-current-only
TPEX,2025-07-27,unknown,unknown,unknown,current-only,unknown,current-only,unknown,partial,fundamental-coverage-limited-to-2026-06-and-2026Q1;market-status-current-only;no-dated-corporate-action-observation;no-durable-daily-price-observation;no-official-session-record-for-market-date;security-lifecycle-current-only
TWSE,2025-07-28,unknown,unknown,unknown,current-only,unknown,current-only,unknown,partial,fundamental-coverage-limited-to-2026-06-and-2026Q1;market-status-current-only;no-dated-corporate-action-observation;no-durable-daily-price-observation;no-official-session-record-for-market-date;security-lifecycle-current-only
TPEX,2025-07-28,unknown,unknown,unknown,current-only,unknown,current-only,unknown,partial,fundamental-coverage-limited-to-2026-06-and-2026Q1;market-status-current-only;no-dated-corporate-action-observation;no-durable-daily-price-observation;no-official-session-record-for-market-date;security-lifecycle-current-only
TWSE,2025-07-29,unknown,unknown,unknown,current-only,unknown,current-only,unknown,partial,fundamental-coverage-limited-to-2026-06-and-2026Q1;market-status-current-only;no-dated-corporate-action-observation;no-durable-daily-price-observation;no-official-session-record-for-market-date;security-lifecycle-current-only
TPEX,2025-07-29,unknown,unknown,unknown,current-only,unknown,current-only,unknown,partial,fundamental-coverage-limited-to-2026-06-and-2026Q1;market-status-current-only;no-dated-corporate-action-observation;no-durable-daily-price-observation;no-official-session-record-for-market-date;security-lifecycle-current-only
TWSE,2025-07-30,unknown,unknown,unknown,current-only,unknown,current-only,unknown,partial,fundamental-coverage-limited-to-2026-06-and-2026Q1;market-status-current-only;no-dated-corporate-action-observation;no-durable-daily-price-observation;no-official-session-record-for-market-date;security-lifecycle-current-only
TPEX,2025-07-30,unknown,unknown,unknown,current-only,unknown,current-only,unknown,partial,fundamental-coverage-limited-to-2026-06-and-2026Q1;market-status-current-only;no-dated-corporate-action-observation;no-durable-daily-price-observation;no-official-session-record-for-market-date;security-lifecycle-current-only
TWSE,2025-07-31,unknown,unknown,unknown,current-only,unknown,current-only,unknown,partial,fundamental-coverage-limited-to-2026-06-and-2026Q1;market-status-current-only;no-dated-corporate-action-observation;no-durable-daily-price-observation;no-official-session-record-for-market-date;security-lifecycle-current-only
TPEX,2025-07-31,unknown,unknown,unknown,current-only,unknown,current-only,unknown,partial,fundamental-coverage-limited-to-2026-06-and-2026Q1;market-status-current-only;no-dated-corporate-action-observation;no-durable-daily-price-observation;no-official-session-record-for-market-date;security-lifecycle-current-only
TWSE,2025-08-01,unknown,unknown,unknown,current-only,unknown,current-only,unknown,partial,fundamental-coverage-limited-to-2026-06-and-2026Q1;market-status-current-only;no-dated-corporate-action-observation;no-durable-daily-price-observation;no-official-session-record-for-market-date;security-lifecycle-current-only
TPEX,2025-08-01,unknown,unknown,unknown,current-only,unknown,current-only,unknown,partial,fundamental-coverage-limited-to-2026-06-and-2026Q1;market-status-current-only;no-dated-corporate-action-observation;no-durable-daily-price-observation;no-official-session-record-for-market-date;security-lifecycle-current-only
TWSE,2025-08-02,unknown,unknown,unknown,current-only,unknown,current-only,unknown,partial,fundamental-coverage-limited-to-2026-06-and-2026Q1;market-status-current-only;no-dated-corporate-action-observation;no-durable-daily-price-observation;no-official-session-record-for-market-date;security-lifecycle-current-only
TPEX,2025-08-02,unknown,unknown,unknown,current-only,unknown,current-only,unknown,partial,fundamental-coverage-limited-to-2026-06-and-2026Q1;market-status-current-only;no-dated-corporate-action-observation;no-durable-daily-price-observation;no-official-session-record-for-market-date;security-lifecycle-current-only
TWSE,2025-08-03,unknown,unknown,unknown,current-only,unknown,current-only,unknown,partial,fundamental-coverage-limited-to-2026-06-and-2026Q1;market-status-current-only;no-dated-corporate-action-observation;no-durable-daily-price-observation;no-official-session-record-for-market-date;security-lifecycle-current-only
TPEX,2025-08-03,unknown,unknown,unknown,current-only,unknown,current-only,unknown,partial,fundamental-coverage-limited-to-2026-06-and-2026Q1;market-status-current-only;no-dated-corporate-action-observation;no-durable-daily-price-observation;no-official-session-record-for-market-date;security-lifecycle-current-only
TWSE,2025-08-04,unknown,unknown,unknown,current-only,unknown,current-only,unknown,partial,fundamental-coverage-limited-to-2026-06-and-2026Q1;market-status-current-only;no-dated-corporate-action-observation;no-durable-daily-price-observation;no-official-session-record-for-market-date;security-lifecycle-current-only
TPEX,2025-08-04,unknown,unknown,unknown,current-only,unknown,current-only,unknown,partial,fundamental-coverage-limited-to-2026-06-and-2026Q1;market-status-current-only;no-dated-corporate-action-observation;no-durable-daily-price-observation;no-official-session-record-for-market-date;security-lifecycle-current-only
TWSE,2025-08-05,unknown,unknown,unknown,current-only,unknown,current-only,unknown,partial,fundamental-coverage-limited-to-2026-06-and-2026Q1;market-status-current-only;no-dated-corporate-action-observation;no-durable-daily-price-observation;no-official-session-record-for-market-date;security-lifecycle-current-only
TPEX,2025-08-05,unknown,unknown,unknown,current-only,unknown,current-only,unknown,partial,fundamental-coverage-limited-to-2026-06-and-2026Q1;market-status-current-only;no-dated-corporate-action-observation;no-durable-daily-price-observation;no-official-session-record-for-market-date;security-lifecycle-current-only
TWSE,2025-08-06,unknown,unknown,unknown,current-only,unknown,current-only,unknown,partial,fundamental-coverage-limited-to-2026-06-and-2026Q1;market-status-current-only;no-dated-corporate-action-observation;no-durable-daily-price-observation;no-official-session-record-for-market-date;security-lifecycle-current-only
TPEX,2025-08-06,unknown,unknown,unknown,current-only,unknown,current-only,unknown,partial,fundamental-coverage-limited-to-2026-06-and-2026Q1;market-status-current-only;no-dated-corporate-action-observation;no-durable-daily-price-observation;no-official-session-record-for-market-date;security-lifecycle-current-only
TWSE,2025-08-07,unknown,unknown,unknown,current-only,unknown,current-only,unknown,partial,fundamental-coverage-limited-to-2026-06-and-2026Q1;market-status-current-only;no-dated-corporate-action-observation;no-durable-daily-price-observation;no-official-session-record-for-market-date;security-lifecycle-current-only
TPEX,2025-08-07,unknown,unknown,unknown,current-only,unknown,current-only,unknown,partial,fundamental-coverage-limited-to-2026-06-and-2026Q1;market-status-current-only;no-dated-corporate-action-observation;no-durable-daily-price-observation;no-official-session-record-for-market-date;security-lifecycle-current-only
TWSE,2025-08-08,unknown,unknown,unknown,current-only,unknown,current-only,unknown,partial,fundamental-coverage-limited-to-2026-06-and-2026Q1;market-status-current-only;no-dated-corporate-action-observation;no-durable-daily-price-observation;no-official-session-record-for-market-date;security-lifecycle-current-only
TPEX,2025-08-08,unknown,unknown,unknown,current-only,unknown,current-only,unknown,partial,fundamental-coverage-limited-to-2026-06-and-2026Q1;market-status-current-only;no-dated-corporate-action-observation;no-durable-daily-price-observation;no-official-session-record-for-market-date;security-lifecycle-current-only
TWSE,2025-08-09,unknown,unknown,unknown,current-only,unknown,current-only,unknown,partial,fundamental-coverage-limited-to-2026-06-and-2026Q1;market-status-current-only;no-dated-corporate-action-observation;no-durable-daily-price-observation;no-official-session-record-for-market-date;security-lifecycle-current-only
TPEX,2025-08-09,unknown,unknown,unknown,current-only,unknown,current-only,unknown,partial,fundamental-coverage-limited-to-2026-06-and-2026Q1;market-status-current-only;no-dated-corporate-action-observation;no-durable-daily-price-observation;no-official-session-record-for-market-date;security-lifecycle-current-only
TWSE,2025-08-10,unknown,unknown,unknown,current-only,unknown,current-only,unknown,partial,fundamental-coverage-limited-to-2026-06-and-2026Q1;market-status-current-only;no-dated-corporate-action-observation;no-durable-daily-price-observation;no-official-session-record-for-market-date;security-lifecycle-current-only
TPEX,2025-08-10,unknown,unknown,unknown,current-only,unknown,current-only,unknown,partial,fundamental-coverage-limited-to-2026-06-and-2026Q1;market-status-current-only;no-dated-corporate-action-observation;no-durable-daily-price-observation;no-official-session-record-for-market-date;security-lifecycle-current-only
TWSE,2025-08-11,unknown,unknown,unknown,current-only,unknown,current-only,unknown,partial,fundamental-coverage-limited-to-2026-06-and-2026Q1;market-status-current-only;no-dated-corporate-action-observation;no-durable-daily-price-observation;no-official-session-record-for-market-date;security-lifecycle-current-only
TPEX,2025-08-11,unknown,unknown,unknown,current-only,unknown,current-only,unknown,partial,fundamental-coverage-limited-to-2026-06-and-2026Q1;market-status-current-only;no-dated-corporate-action-observation;no-durable-daily-price-observation;no-official-session-record-for-market-date;security-lifecycle-current-only
TWSE,2025-08-12,unknown,unknown,unknown,current-only,unknown,current-only,unknown,partial,fundamental-coverage-limited-to-2026-06-and-2026Q1;market-status-current-only;no-dated-corporate-action-observation;no-durable-daily-price-observation;no-official-session-record-for-market-date;security-lifecycle-current-only
TPEX,2025-08-12,unknown,unknown,unknown,current-only,unknown,current-only,unknown,partial,fundamental-coverage-limited-to-2026-06-and-2026Q1;market-status-current-only;no-dated-corporate-action-observation;no-durable-daily-price-observation;no-official-session-record-for-market-date;security-lifecycle-current-only
TWSE,2025-08-13,unknown,unknown,unknown,current-only,unknown,current-only,unknown,partial,fundamental-coverage-limited-to-2026-06-and-2026Q1;market-status-current-only;no-dated-corporate-action-observation;no-durable-daily-price-observation;no-official-session-record-for-market-date;security-lifecycle-current-only
TPEX,2025-08-13,unknown,unknown,unknown,current-only,unknown,current-only,unknown,partial,fundamental-coverage-limited-to-2026-06-and-2026Q1;market-status-current-only;no-dated-corporate-action-observation;no-durable-daily-price-observation;no-official-session-record-for-market-date;security-lifecycle-current-only
TWSE,2025-08-14,unknown,unknown,unknown,current-only,unknown,current-only,unknown,partial,fundamental-coverage-limited-to-2026-06-and-2026Q1;market-status-current-only;no-dated-corporate-action-observation;no-durable-daily-price-observation;no-official-session-record-for-market-date;security-lifecycle-current-only
TPEX,2025-08-14,unknown,unknown,unknown,current-only,unknown,current-only,unknown,partial,fundamental-coverage-limited-to-2026-06-and-2026Q1;market-status-current-only;no-dated-corporate-action-observation;no-durable-daily-price-observation;no-official-session-record-for-market-date;security-lifecycle-current-only
TWSE,2025-08-15,unknown,unknown,unknown,current-only,unknown,current-only,unknown,partial,fundamental-coverage-limited-to-2026-06-and-2026Q1;market-status-current-only;no-dated-corporate-action-observation;no-durable-daily-price-observation;no-official-session-record-for-market-date;security-lifecycle-current-only
TPEX,2025-08-15,unknown,unknown,unknown,current-only,unknown,current-only,unknown,partial,fundamental-coverage-limited-to-2026-06-and-2026Q1;market-status-current-only;no-dated-corporate-action-observation;no-durable-daily-price-observation;no-official-session-record-for-market-date;security-lifecycle-current-only
TWSE,2025-08-16,unknown,unknown,unknown,current-only,unknown,current-only,unknown,partial,fundamental-coverage-limited-to-2026-06-and-2026Q1;market-status-current-only;no-dated-corporate-action-observation;no-durable-daily-price-observation;no-official-session-record-for-market-date;security-lifecycle-current-only
TPEX,2025-08-16,unknown,unknown,unknown,current-only,unknown,current-only,unknown,partial,fundamental-coverage-limited-to-2026-06-and-2026Q1;market-status-current-only;no-dated-corporate-action-observation;no-durable-daily-price-observation;no-official-session-record-for-market-date;security-lifecycle-current-only
TWSE,2025-08-17,unknown,unknown,unknown,current-only,unknown,current-only,unknown,partial,fundamental-coverage-limited-to-2026-06-and-2026Q1;market-status-current-only;no-dated-corporate-action-observation;no-durable-daily-price-observation;no-official-session-record-for-market-date;security-lifecycle-current-only
TPEX,2025-08-17,unknown,unknown,unknown,current-only,unknown,current-only,unknown,partial,fundamental-coverage-limited-to-2026-06-and-2026Q1;market-status-current-only;no-dated-corporate-action-observation;no-durable-daily-price-observation;no-official-session-record-for-market-date;security-lifecycle-current-only
TWSE,2025-08-18,unknown,unknown,unknown,current-only,unknown,current-only,unknown,partial,fundamental-coverage-limited-to-2026-06-and-2026Q1;market-status-current-only;no-dated-corporate-action-observation;no-durable-daily-price-observation;no-official-session-record-for-market-date;security-lifecycle-current-only
TPEX,2025-08-18,unknown,unknown,unknown,current-only,unknown,current-only,unknown,partial,fundamental-coverage-limited-to-2026-06-and-2026Q1;market-status-current-only;no-dated-corporate-action-observation;no-durable-daily-price-observation;no-official-session-record-for-market-date;security-lifecycle-current-only
TWSE,2025-08-19,unknown,unknown,unknown,current-only,unknown,current-only,unknown,partial,fundamental-coverage-limited-to-2026-06-and-2026Q1;market-status-current-only;no-dated-corporate-action-observation;no-durable-daily-price-observation;no-official-session-record-for-market-date;security-lifecycle-current-only
TPEX,2025-08-19,unknown,unknown,unknown,current-only,unknown,current-only,unknown,partial,fundamental-coverage-limited-to-2026-06-and-2026Q1;market-status-current-only;no-dated-corporate-action-observation;no-durable-daily-price-observation;no-official-session-record-for-market-date;security-lifecycle-current-only
TWSE,2025-08-20,unknown,unknown,unknown,current-only,unknown,current-only,unknown,partial,fundamental-coverage-limited-to-2026-06-and-2026Q1;market-status-current-only;no-dated-corporate-action-observation;no-durable-daily-price-observation;no-official-session-record-for-market-date;security-lifecycle-current-only
TPEX,2025-08-20,unknown,unknown,unknown,current-only,unknown,current-only,unknown,partial,fundamental-coverage-limited-to-2026-06-and-2026Q1;market-status-current-only;no-dated-corporate-action-observation;no-durable-daily-price-observation;no-official-session-record-for-market-date;security-lifecycle-current-only
TWSE,2025-08-21,unknown,unknown,unknown,current-only,unknown,current-only,unknown,partial,fundamental-coverage-limited-to-2026-06-and-2026Q1;market-status-current-only;no-dated-corporate-action-observation;no-durable-daily-price-observation;no-official-session-record-for-market-date;security-lifecycle-current-only
TPEX,2025-08-21,unknown,unknown,unknown,current-only,unknown,current-only,unknown,partial,fundamental-coverage-limited-to-2026-06-and-2026Q1;market-status-current-only;no-dated-corporate-action-observation;no-durable-daily-price-observation;no-official-session-record-for-market-date;security-lifecycle-current-only
TWSE,2025-08-22,unknown,unknown,unknown,current-only,unknown,current-only,unknown,partial,fundamental-coverage-limited-to-2026-06-and-2026Q1;market-status-current-only;no-dated-corporate-action-observation;no-durable-daily-price-observation;no-official-session-record-for-market-date;security-lifecycle-current-only
TPEX,2025-08-22,unknown,unknown,unknown,current-only,unknown,current-only,unknown,partial,fundamental-coverage-limited-to-2026-06-and-2026Q1;market-status-current-only;no-dated-corporate-action-observation;no-durable-daily-price-observation;no-official-session-record-for-market-date;security-lifecycle-current-only
TWSE,2025-08-23,unknown,unknown,unknown,current-only,unknown,current-only,unknown,partial,fundamental-coverage-limited-to-2026-06-and-2026Q1;market-status-current-only;no-dated-corporate-action-observation;no-durable-daily-price-observation;no-official-session-record-for-market-date;security-lifecycle-current-only
TPEX,2025-08-23,unknown,unknown,unknown,current-only,unknown,current-only,unknown,partial,fundamental-coverage-limited-to-2026-06-and-2026Q1;market-status-current-only;no-dated-corporate-action-observation;no-durable-daily-price-observation;no-official-session-record-for-market-date;security-lifecycle-current-only
TWSE,2025-08-24,unknown,unknown,unknown,current-only,unknown,current-only,unknown,partial,fundamental-coverage-limited-to-2026-06-and-2026Q1;market-status-current-only;no-dated-corporate-action-observation;no-durable-daily-price-observation;no-official-session-record-for-market-date;security-lifecycle-current-only
TPEX,2025-08-24,unknown,unknown,unknown,current-only,unknown,current-only,unknown,partial,fundamental-coverage-limited-to-2026-06-and-2026Q1;market-status-current-only;no-dated-corporate-action-observation;no-durable-daily-price-observation;no-official-session-record-for-market-date;security-lifecycle-current-only
TWSE,2025-08-25,unknown,unknown,unknown,current-only,unknown,current-only,unknown,partial,fundamental-coverage-limited-to-2026-06-and-2026Q1;market-status-current-only;no-dated-corporate-action-observation;no-durable-daily-price-observation;no-official-session-record-for-market-date;security-lifecycle-current-only
TPEX,2025-08-25,unknown,unknown,unknown,current-only,unknown,current-only,unknown,partial,fundamental-coverage-limited-to-2026-06-and-2026Q1;market-status-current-only;no-dated-corporate-action-observation;no-durable-daily-price-observation;no-official-session-record-for-market-date;security-lifecycle-current-only
TWSE,2025-08-26,unknown,unknown,unknown,current-only,unknown,current-only,unknown,partial,fundamental-coverage-limited-to-2026-06-and-2026Q1;market-status-current-only;no-dated-corporate-action-observation;no-durable-daily-price-observation;no-official-session-record-for-market-date;security-lifecycle-current-only
TPEX,2025-08-26,unknown,unknown,unknown,current-only,unknown,current-only,unknown,partial,fundamental-coverage-limited-to-2026-06-and-2026Q1;market-status-current-only;no-dated-corporate-action-observation;no-durable-daily-price-observation;no-official-session-record-for-market-date;security-lifecycle-current-only
TWSE,2025-08-27,unknown,unknown,unknown,current-only,unknown,current-only,unknown,partial,fundamental-coverage-limited-to-2026-06-and-2026Q1;market-status-current-only;no-dated-corporate-action-observation;no-durable-daily-price-observation;no-official-session-record-for-market-date;security-lifecycle-current-only
TPEX,2025-08-27,unknown,unknown,unknown,current-only,unknown,current-only,unknown,partial,fundamental-coverage-limited-to-2026-06-and-2026Q1;market-status-current-only;no-dated-corporate-action-observation;no-durable-daily-price-observation;no-official-session-record-for-market-date;security-lifecycle-current-only
TWSE,2025-08-28,unknown,unknown,unknown,current-only,unknown,current-only,unknown,partial,fundamental-coverage-limited-to-2026-06-and-2026Q1;market-status-current-only;no-dated-corporate-action-observation;no-durable-daily-price-observation;no-official-session-record-for-market-date;security-lifecycle-current-only
TPEX,2025-08-28,unknown,unknown,unknown,current-only,unknown,current-only,unknown,partial,fundamental-coverage-limited-to-2026-06-and-2026Q1;market-status-current-only;no-dated-corporate-action-observation;no-durable-daily-price-observation;no-official-session-record-for-market-date;security-lifecycle-current-only
TWSE,2025-08-29,unknown,unknown,unknown,current-only,unknown,current-only,unknown,partial,fundamental-coverage-limited-to-2026-06-and-2026Q1;market-status-current-only;no-dated-corporate-action-observation;no-durable-daily-price-observation;no-official-session-record-for-market-date;security-lifecycle-current-only
TPEX,2025-08-29,unknown,unknown,unknown,current-only,unknown,current-only,unknown,partial,fundamental-coverage-limited-to-2026-06-and-2026Q1;market-status-current-only;no-dated-corporate-action-observation;no-durable-daily-price-observation;no-official-session-record-for-market-date;security-lifecycle-current-only
TWSE,2025-08-30,unknown,unknown,unknown,current-only,unknown,current-only,unknown,partial,fundamental-coverage-limited-to-2026-06-and-2026Q1;market-status-current-only;no-dated-corporate-action-observation;no-durable-daily-price-observation;no-official-session-record-for-market-date;security-lifecycle-current-only
TPEX,2025-08-30,unknown,unknown,unknown,current-only,unknown,current-only,unknown,partial,fundamental-coverage-limited-to-2026-06-and-2026Q1;market-status-current-only;no-dated-corporate-action-observation;no-durable-daily-price-observation;no-official-session-record-for-market-date;security-lifecycle-current-only
TWSE,2025-08-31,unknown,unknown,unknown,current-only,unknown,current-only,unknown,partial,fundamental-coverage-limited-to-2026-06-and-2026Q1;market-status-current-only;no-dated-corporate-action-observation;no-durable-daily-price-observation;no-official-session-record-for-market-date;security-lifecycle-current-only
TPEX,2025-08-31,unknown,unknown,unknown,current-only,unknown,current-only,unknown,partial,fundamental-coverage-limited-to-2026-06-and-2026Q1;market-status-current-only;no-dated-corporate-action-observation;no-durable-daily-price-observation;no-official-session-record-for-market-date;security-lifecycle-current-only
TWSE,2025-09-01,unknown,unknown,unknown,current-only,unknown,current-only,unknown,partial,fundamental-coverage-limited-to-2026-06-and-2026Q1;market-status-current-only;no-dated-corporate-action-observation;no-durable-daily-price-observation;no-official-session-record-for-market-date;security-lifecycle-current-only
TPEX,2025-09-01,unknown,unknown,unknown,current-only,unknown,current-only,unknown,partial,fundamental-coverage-limited-to-2026-06-and-2026Q1;market-status-current-only;no-dated-corporate-action-observation;no-durable-daily-price-observation;no-official-session-record-for-market-date;security-lifecycle-current-only
TWSE,2025-09-02,unknown,unknown,unknown,current-only,unknown,current-only,unknown,partial,fundamental-coverage-limited-to-2026-06-and-2026Q1;market-status-current-only;no-dated-corporate-action-observation;no-durable-daily-price-observation;no-official-session-record-for-market-date;security-lifecycle-current-only
TPEX,2025-09-02,unknown,unknown,unknown,current-only,unknown,current-only,unknown,partial,fundamental-coverage-limited-to-2026-06-and-2026Q1;market-status-current-only;no-dated-corporate-action-observation;no-durable-daily-price-observation;no-official-session-record-for-market-date;security-lifecycle-current-only
TWSE,2025-09-03,unknown,unknown,unknown,current-only,unknown,current-only,unknown,partial,fundamental-coverage-limited-to-2026-06-and-2026Q1;market-status-current-only;no-dated-corporate-action-observation;no-durable-daily-price-observation;no-official-session-record-for-market-date;security-lifecycle-current-only
TPEX,2025-09-03,unknown,unknown,unknown,current-only,unknown,current-only,unknown,partial,fundamental-coverage-limited-to-2026-06-and-2026Q1;market-status-current-only;no-dated-corporate-action-observation;no-durable-daily-price-observation;no-official-session-record-for-market-date;security-lifecycle-current-only
TWSE,2025-09-04,unknown,unknown,unknown,current-only,unknown,current-only,unknown,partial,fundamental-coverage-limited-to-2026-06-and-2026Q1;market-status-current-only;no-dated-corporate-action-observation;no-durable-daily-price-observation;no-official-session-record-for-market-date;security-lifecycle-current-only
TPEX,2025-09-04,unknown,unknown,unknown,current-only,unknown,current-only,unknown,partial,fundamental-coverage-limited-to-2026-06-and-2026Q1;market-status-current-only;no-dated-corporate-action-observation;no-durable-daily-price-observation;no-official-session-record-for-market-date;security-lifecycle-current-only
TWSE,2025-09-05,unknown,unknown,unknown,current-only,unknown,current-only,unknown,partial,fundamental-coverage-limited-to-2026-06-and-2026Q1;market-status-current-only;no-dated-corporate-action-observation;no-durable-daily-price-observation;no-official-session-record-for-market-date;security-lifecycle-current-only
TPEX,2025-09-05,unknown,unknown,unknown,current-only,unknown,current-only,unknown,partial,fundamental-coverage-limited-to-2026-06-and-2026Q1;market-status-current-only;no-dated-corporate-action-observation;no-durable-daily-price-observation;no-official-session-record-for-market-date;security-lifecycle-current-only
TWSE,2025-09-06,unknown,unknown,unknown,current-only,unknown,current-only,unknown,partial,fundamental-coverage-limited-to-2026-06-and-2026Q1;market-status-current-only;no-dated-corporate-action-observation;no-durable-daily-price-observation;no-official-session-record-for-market-date;security-lifecycle-current-only
TPEX,2025-09-06,unknown,unknown,unknown,current-only,unknown,current-only,unknown,partial,fundamental-coverage-limited-to-2026-06-and-2026Q1;market-status-current-only;no-dated-corporate-action-observation;no-durable-daily-price-observation;no-official-session-record-for-market-date;security-lifecycle-current-only
TWSE,2025-09-07,unknown,unknown,unknown,current-only,unknown,current-only,unknown,partial,fundamental-coverage-limited-to-2026-06-and-2026Q1;market-status-current-only;no-dated-corporate-action-observation;no-durable-daily-price-observation;no-official-session-record-for-market-date;security-lifecycle-current-only
TPEX,2025-09-07,unknown,unknown,unknown,current-only,unknown,current-only,unknown,partial,fundamental-coverage-limited-to-2026-06-and-2026Q1;market-status-current-only;no-dated-corporate-action-observation;no-durable-daily-price-observation;no-official-session-record-for-market-date;security-lifecycle-current-only
TWSE,2025-09-08,unknown,unknown,unknown,current-only,unknown,current-only,unknown,partial,fundamental-coverage-limited-to-2026-06-and-2026Q1;market-status-current-only;no-dated-corporate-action-observation;no-durable-daily-price-observation;no-official-session-record-for-market-date;security-lifecycle-current-only
TPEX,2025-09-08,unknown,unknown,unknown,current-only,unknown,current-only,unknown,partial,fundamental-coverage-limited-to-2026-06-and-2026Q1;market-status-current-only;no-dated-corporate-action-observation;no-durable-daily-price-observation;no-official-session-record-for-market-date;security-lifecycle-current-only
TWSE,2025-09-09,unknown,unknown,unknown,current-only,unknown,current-only,unknown,partial,fundamental-coverage-limited-to-2026-06-and-2026Q1;market-status-current-only;no-dated-corporate-action-observation;no-durable-daily-price-observation;no-official-session-record-for-market-date;security-lifecycle-current-only
TPEX,2025-09-09,unknown,unknown,unknown,current-only,unknown,current-only,unknown,partial,fundamental-coverage-limited-to-2026-06-and-2026Q1;market-status-current-only;no-dated-corporate-action-observation;no-durable-daily-price-observation;no-official-session-record-for-market-date;security-lifecycle-current-only
TWSE,2025-09-10,unknown,unknown,unknown,current-only,unknown,current-only,unknown,partial,fundamental-coverage-limited-to-2026-06-and-2026Q1;market-status-current-only;no-dated-corporate-action-observation;no-durable-daily-price-observation;no-official-session-record-for-market-date;security-lifecycle-current-only
TPEX,2025-09-10,unknown,unknown,unknown,current-only,unknown,current-only,unknown,partial,fundamental-coverage-limited-to-2026-06-and-2026Q1;market-status-current-only;no-dated-corporate-action-observation;no-durable-daily-price-observation;no-official-session-record-for-market-date;security-lifecycle-current-only
TWSE,2025-09-11,unknown,unknown,unknown,current-only,unknown,current-only,unknown,partial,fundamental-coverage-limited-to-2026-06-and-2026Q1;market-status-current-only;no-dated-corporate-action-observation;no-durable-daily-price-observation;no-official-session-record-for-market-date;security-lifecycle-current-only
TPEX,2025-09-11,unknown,unknown,unknown,current-only,unknown,current-only,unknown,partial,fundamental-coverage-limited-to-2026-06-and-2026Q1;market-status-current-only;no-dated-corporate-action-observation;no-durable-daily-price-observation;no-official-session-record-for-market-date;security-lifecycle-current-only
TWSE,2025-09-12,unknown,unknown,unknown,current-only,unknown,current-only,unknown,partial,fundamental-coverage-limited-to-2026-06-and-2026Q1;market-status-current-only;no-dated-corporate-action-observation;no-durable-daily-price-observation;no-official-session-record-for-market-date;security-lifecycle-current-only
TPEX,2025-09-12,unknown,unknown,unknown,current-only,unknown,current-only,unknown,partial,fundamental-coverage-limited-to-2026-06-and-2026Q1;market-status-current-only;no-dated-corporate-action-observation;no-durable-daily-price-observation;no-official-session-record-for-market-date;security-lifecycle-current-only
TWSE,2025-09-13,unknown,unknown,unknown,current-only,unknown,current-only,unknown,partial,fundamental-coverage-limited-to-2026-06-and-2026Q1;market-status-current-only;no-dated-corporate-action-observation;no-durable-daily-price-observation;no-official-session-record-for-market-date;security-lifecycle-current-only
TPEX,2025-09-13,unknown,unknown,unknown,current-only,unknown,current-only,unknown,partial,fundamental-coverage-limited-to-2026-06-and-2026Q1;market-status-current-only;no-dated-corporate-action-observation;no-durable-daily-price-observation;no-official-session-record-for-market-date;security-lifecycle-current-only
TWSE,2025-09-14,unknown,unknown,unknown,current-only,unknown,current-only,unknown,partial,fundamental-coverage-limited-to-2026-06-and-2026Q1;market-status-current-only;no-dated-corporate-action-observation;no-durable-daily-price-observation;no-official-session-record-for-market-date;security-lifecycle-current-only
TPEX,2025-09-14,unknown,unknown,unknown,current-only,unknown,current-only,unknown,partial,fundamental-coverage-limited-to-2026-06-and-2026Q1;market-status-current-only;no-dated-corporate-action-observation;no-durable-daily-price-observation;no-official-session-record-for-market-date;security-lifecycle-current-only
TWSE,2025-09-15,unknown,unknown,unknown,current-only,unknown,current-only,unknown,partial,fundamental-coverage-limited-to-2026-06-and-2026Q1;market-status-current-only;no-dated-corporate-action-observation;no-durable-daily-price-observation;no-official-session-record-for-market-date;security-lifecycle-current-only
TPEX,2025-09-15,unknown,unknown,unknown,current-only,unknown,current-only,unknown,partial,fundamental-coverage-limited-to-2026-06-and-2026Q1;market-status-current-only;no-dated-corporate-action-observation;no-durable-daily-price-observation;no-official-session-record-for-market-date;security-lifecycle-current-only
TWSE,2025-09-16,unknown,unknown,unknown,current-only,unknown,current-only,unknown,partial,fundamental-coverage-limited-to-2026-06-and-2026Q1;market-status-current-only;no-dated-corporate-action-observation;no-durable-daily-price-observation;no-official-session-record-for-market-date;security-lifecycle-current-only
TPEX,2025-09-16,unknown,unknown,unknown,current-only,unknown,current-only,unknown,partial,fundamental-coverage-limited-to-2026-06-and-2026Q1;market-status-current-only;no-dated-corporate-action-observation;no-durable-daily-price-observation;no-official-session-record-for-market-date;security-lifecycle-current-only
TWSE,2025-09-17,unknown,unknown,unknown,current-only,unknown,current-only,unknown,partial,fundamental-coverage-limited-to-2026-06-and-2026Q1;market-status-current-only;no-dated-corporate-action-observation;no-durable-daily-price-observation;no-official-session-record-for-market-date;security-lifecycle-current-only
TPEX,2025-09-17,unknown,unknown,unknown,current-only,unknown,current-only,unknown,partial,fundamental-coverage-limited-to-2026-06-and-2026Q1;market-status-current-only;no-dated-corporate-action-observation;no-durable-daily-price-observation;no-official-session-record-for-market-date;security-lifecycle-current-only
TWSE,2025-09-18,unknown,unknown,unknown,current-only,unknown,current-only,unknown,partial,fundamental-coverage-limited-to-2026-06-and-2026Q1;market-status-current-only;no-dated-corporate-action-observation;no-durable-daily-price-observation;no-official-session-record-for-market-date;security-lifecycle-current-only
TPEX,2025-09-18,unknown,unknown,unknown,current-only,unknown,current-only,unknown,partial,fundamental-coverage-limited-to-2026-06-and-2026Q1;market-status-current-only;no-dated-corporate-action-observation;no-durable-daily-price-observation;no-official-session-record-for-market-date;security-lifecycle-current-only
TWSE,2025-09-19,unknown,unknown,unknown,current-only,unknown,current-only,unknown,partial,fundamental-coverage-limited-to-2026-06-and-2026Q1;market-status-current-only;no-dated-corporate-action-observation;no-durable-daily-price-observation;no-official-session-record-for-market-date;security-lifecycle-current-only
TPEX,2025-09-19,unknown,unknown,unknown,current-only,unknown,current-only,unknown,partial,fundamental-coverage-limited-to-2026-06-and-2026Q1;market-status-current-only;no-dated-corporate-action-observation;no-durable-daily-price-observation;no-official-session-record-for-market-date;security-lifecycle-current-only
TWSE,2025-09-20,unknown,unknown,unknown,current-only,unknown,current-only,unknown,partial,fundamental-coverage-limited-to-2026-06-and-2026Q1;market-status-current-only;no-dated-corporate-action-observation;no-durable-daily-price-observation;no-official-session-record-for-market-date;security-lifecycle-current-only
TPEX,2025-09-20,unknown,unknown,unknown,current-only,unknown,current-only,unknown,partial,fundamental-coverage-limited-to-2026-06-and-2026Q1;market-status-current-only;no-dated-corporate-action-observation;no-durable-daily-price-observation;no-official-session-record-for-market-date;security-lifecycle-current-only
TWSE,2025-09-21,unknown,unknown,unknown,current-only,unknown,current-only,unknown,partial,fundamental-coverage-limited-to-2026-06-and-2026Q1;market-status-current-only;no-dated-corporate-action-observation;no-durable-daily-price-observation;no-official-session-record-for-market-date;security-lifecycle-current-only
TPEX,2025-09-21,unknown,unknown,unknown,current-only,unknown,current-only,unknown,partial,fundamental-coverage-limited-to-2026-06-and-2026Q1;market-status-current-only;no-dated-corporate-action-observation;no-durable-daily-price-observation;no-official-session-record-for-market-date;security-lifecycle-current-only
TWSE,2025-09-22,unknown,unknown,unknown,current-only,unknown,current-only,unknown,partial,fundamental-coverage-limited-to-2026-06-and-2026Q1;market-status-current-only;no-dated-corporate-action-observation;no-durable-daily-price-observation;no-official-session-record-for-market-date;security-lifecycle-current-only
TPEX,2025-09-22,unknown,unknown,unknown,current-only,unknown,current-only,unknown,partial,fundamental-coverage-limited-to-2026-06-and-2026Q1;market-status-current-only;no-dated-corporate-action-observation;no-durable-daily-price-observation;no-official-session-record-for-market-date;security-lifecycle-current-only
TWSE,2025-09-23,unknown,unknown,unknown,current-only,unknown,current-only,unknown,partial,fundamental-coverage-limited-to-2026-06-and-2026Q1;market-status-current-only;no-dated-corporate-action-observation;no-durable-daily-price-observation;no-official-session-record-for-market-date;security-lifecycle-current-only
TPEX,2025-09-23,unknown,unknown,unknown,current-only,unknown,current-only,unknown,partial,fundamental-coverage-limited-to-2026-06-and-2026Q1;market-status-current-only;no-dated-corporate-action-observation;no-durable-daily-price-observation;no-official-session-record-for-market-date;security-lifecycle-current-only
TWSE,2025-09-24,unknown,unknown,unknown,current-only,unknown,current-only,unknown,partial,fundamental-coverage-limited-to-2026-06-and-2026Q1;market-status-current-only;no-dated-corporate-action-observation;no-durable-daily-price-observation;no-official-session-record-for-market-date;security-lifecycle-current-only
TPEX,2025-09-24,unknown,unknown,unknown,current-only,unknown,current-only,unknown,partial,fundamental-coverage-limited-to-2026-06-and-2026Q1;market-status-current-only;no-dated-corporate-action-observation;no-durable-daily-price-observation;no-official-session-record-for-market-date;security-lifecycle-current-only
TWSE,2025-09-25,unknown,unknown,unknown,current-only,unknown,current-only,unknown,partial,fundamental-coverage-limited-to-2026-06-and-2026Q1;market-status-current-only;no-dated-corporate-action-observation;no-durable-daily-price-observation;no-official-session-record-for-market-date;security-lifecycle-current-only
TPEX,2025-09-25,unknown,unknown,unknown,current-only,unknown,current-only,unknown,partial,fundamental-coverage-limited-to-2026-06-and-2026Q1;market-status-current-only;no-dated-corporate-action-observation;no-durable-daily-price-observation;no-official-session-record-for-market-date;security-lifecycle-current-only
TWSE,2025-09-26,unknown,unknown,unknown,current-only,unknown,current-only,unknown,partial,fundamental-coverage-limited-to-2026-06-and-2026Q1;market-status-current-only;no-dated-corporate-action-observation;no-durable-daily-price-observation;no-official-session-record-for-market-date;security-lifecycle-current-only
TPEX,2025-09-26,unknown,unknown,unknown,current-only,unknown,current-only,unknown,partial,fundamental-coverage-limited-to-2026-06-and-2026Q1;market-status-current-only;no-dated-corporate-action-observation;no-durable-daily-price-observation;no-official-session-record-for-market-date;security-lifecycle-current-only
TWSE,2025-09-27,unknown,unknown,unknown,current-only,unknown,current-only,unknown,partial,fundamental-coverage-limited-to-2026-06-and-2026Q1;market-status-current-only;no-dated-corporate-action-observation;no-durable-daily-price-observation;no-official-session-record-for-market-date;security-lifecycle-current-only
TPEX,2025-09-27,unknown,unknown,unknown,current-only,unknown,current-only,unknown,partial,fundamental-coverage-limited-to-2026-06-and-2026Q1;market-status-current-only;no-dated-corporate-action-observation;no-durable-daily-price-observation;no-official-session-record-for-market-date;security-lifecycle-current-only
TWSE,2025-09-28,unknown,unknown,unknown,current-only,unknown,current-only,unknown,partial,fundamental-coverage-limited-to-2026-06-and-2026Q1;market-status-current-only;no-dated-corporate-action-observation;no-durable-daily-price-observation;no-official-session-record-for-market-date;security-lifecycle-current-only
TPEX,2025-09-28,unknown,unknown,unknown,current-only,unknown,current-only,unknown,partial,fundamental-coverage-limited-to-2026-06-and-2026Q1;market-status-current-only;no-dated-corporate-action-observation;no-durable-daily-price-observation;no-official-session-record-for-market-date;security-lifecycle-current-only
TWSE,2025-09-29,unknown,unknown,unknown,current-only,unknown,current-only,unknown,partial,fundamental-coverage-limited-to-2026-06-and-2026Q1;market-status-current-only;no-dated-corporate-action-observation;no-durable-daily-price-observation;no-official-session-record-for-market-date;security-lifecycle-current-only
TPEX,2025-09-29,unknown,unknown,unknown,current-only,unknown,current-only,unknown,partial,fundamental-coverage-limited-to-2026-06-and-2026Q1;market-status-current-only;no-dated-corporate-action-observation;no-durable-daily-price-observation;no-official-session-record-for-market-date;security-lifecycle-current-only
TWSE,2025-09-30,unknown,unknown,unknown,current-only,unknown,current-only,unknown,partial,fundamental-coverage-limited-to-2026-06-and-2026Q1;market-status-current-only;no-dated-corporate-action-observation;no-durable-daily-price-observation;no-official-session-record-for-market-date;security-lifecycle-current-only
TPEX,2025-09-30,unknown,unknown,unknown,current-only,unknown,current-only,unknown,partial,fundamental-coverage-limited-to-2026-06-and-2026Q1;market-status-current-only;no-dated-corporate-action-observation;no-durable-daily-price-observation;no-official-session-record-for-market-date;security-lifecycle-current-only
TWSE,2025-10-01,unknown,unknown,unknown,current-only,unknown,current-only,unknown,partial,fundamental-coverage-limited-to-2026-06-and-2026Q1;market-status-current-only;no-dated-corporate-action-observation;no-durable-daily-price-observation;no-official-session-record-for-market-date;security-lifecycle-current-only
TPEX,2025-10-01,unknown,unknown,unknown,current-only,unknown,current-only,unknown,partial,fundamental-coverage-limited-to-2026-06-and-2026Q1;market-status-current-only;no-dated-corporate-action-observation;no-durable-daily-price-observation;no-official-session-record-for-market-date;security-lifecycle-current-only
TWSE,2025-10-02,unknown,unknown,unknown,current-only,unknown,current-only,unknown,partial,fundamental-coverage-limited-to-2026-06-and-2026Q1;market-status-current-only;no-dated-corporate-action-observation;no-durable-daily-price-observation;no-official-session-record-for-market-date;security-lifecycle-current-only
TPEX,2025-10-02,unknown,unknown,unknown,current-only,unknown,current-only,unknown,partial,fundamental-coverage-limited-to-2026-06-and-2026Q1;market-status-current-only;no-dated-corporate-action-observation;no-durable-daily-price-observation;no-official-session-record-for-market-date;security-lifecycle-current-only
TWSE,2025-10-03,unknown,unknown,unknown,current-only,unknown,current-only,unknown,partial,fundamental-coverage-limited-to-2026-06-and-2026Q1;market-status-current-only;no-dated-corporate-action-observation;no-durable-daily-price-observation;no-official-session-record-for-market-date;security-lifecycle-current-only
TPEX,2025-10-03,unknown,unknown,unknown,current-only,unknown,current-only,unknown,partial,fundamental-coverage-limited-to-2026-06-and-2026Q1;market-status-current-only;no-dated-corporate-action-observation;no-durable-daily-price-observation;no-official-session-record-for-market-date;security-lifecycle-current-only
TWSE,2025-10-04,unknown,unknown,unknown,current-only,unknown,current-only,unknown,partial,fundamental-coverage-limited-to-2026-06-and-2026Q1;market-status-current-only;no-dated-corporate-action-observation;no-durable-daily-price-observation;no-official-session-record-for-market-date;security-lifecycle-current-only
TPEX,2025-10-04,unknown,unknown,unknown,current-only,unknown,current-only,unknown,partial,fundamental-coverage-limited-to-2026-06-and-2026Q1;market-status-current-only;no-dated-corporate-action-observation;no-durable-daily-price-observation;no-official-session-record-for-market-date;security-lifecycle-current-only
TWSE,2025-10-05,unknown,unknown,unknown,current-only,unknown,current-only,unknown,partial,fundamental-coverage-limited-to-2026-06-and-2026Q1;market-status-current-only;no-dated-corporate-action-observation;no-durable-daily-price-observation;no-official-session-record-for-market-date;security-lifecycle-current-only
TPEX,2025-10-05,unknown,unknown,unknown,current-only,unknown,current-only,unknown,partial,fundamental-coverage-limited-to-2026-06-and-2026Q1;market-status-current-only;no-dated-corporate-action-observation;no-durable-daily-price-observation;no-official-session-record-for-market-date;security-lifecycle-current-only
TWSE,2025-10-06,unknown,unknown,unknown,current-only,unknown,current-only,unknown,partial,fundamental-coverage-limited-to-2026-06-and-2026Q1;market-status-current-only;no-dated-corporate-action-observation;no-durable-daily-price-observation;no-official-session-record-for-market-date;security-lifecycle-current-only
TPEX,2025-10-06,unknown,unknown,unknown,current-only,unknown,current-only,unknown,partial,fundamental-coverage-limited-to-2026-06-and-2026Q1;market-status-current-only;no-dated-corporate-action-observation;no-durable-daily-price-observation;no-official-session-record-for-market-date;security-lifecycle-current-only
TWSE,2025-10-07,unknown,unknown,unknown,current-only,unknown,current-only,unknown,partial,fundamental-coverage-limited-to-2026-06-and-2026Q1;market-status-current-only;no-dated-corporate-action-observation;no-durable-daily-price-observation;no-official-session-record-for-market-date;security-lifecycle-current-only
TPEX,2025-10-07,unknown,unknown,unknown,current-only,unknown,current-only,unknown,partial,fundamental-coverage-limited-to-2026-06-and-2026Q1;market-status-current-only;no-dated-corporate-action-observation;no-durable-daily-price-observation;no-official-session-record-for-market-date;security-lifecycle-current-only
TWSE,2025-10-08,unknown,unknown,unknown,current-only,unknown,current-only,unknown,partial,fundamental-coverage-limited-to-2026-06-and-2026Q1;market-status-current-only;no-dated-corporate-action-observation;no-durable-daily-price-observation;no-official-session-record-for-market-date;security-lifecycle-current-only
TPEX,2025-10-08,unknown,unknown,unknown,current-only,unknown,current-only,unknown,partial,fundamental-coverage-limited-to-2026-06-and-2026Q1;market-status-current-only;no-dated-corporate-action-observation;no-durable-daily-price-observation;no-official-session-record-for-market-date;security-lifecycle-current-only
TWSE,2025-10-09,unknown,unknown,unknown,current-only,unknown,current-only,unknown,partial,fundamental-coverage-limited-to-2026-06-and-2026Q1;market-status-current-only;no-dated-corporate-action-observation;no-durable-daily-price-observation;no-official-session-record-for-market-date;security-lifecycle-current-only
TPEX,2025-10-09,unknown,unknown,unknown,current-only,unknown,current-only,unknown,partial,fundamental-coverage-limited-to-2026-06-and-2026Q1;market-status-current-only;no-dated-corporate-action-observation;no-durable-daily-price-observation;no-official-session-record-for-market-date;security-lifecycle-current-only
TWSE,2025-10-10,unknown,unknown,unknown,current-only,unknown,current-only,unknown,partial,fundamental-coverage-limited-to-2026-06-and-2026Q1;market-status-current-only;no-dated-corporate-action-observation;no-durable-daily-price-observation;no-official-session-record-for-market-date;security-lifecycle-current-only
TPEX,2025-10-10,unknown,unknown,unknown,current-only,unknown,current-only,unknown,partial,fundamental-coverage-limited-to-2026-06-and-2026Q1;market-status-current-only;no-dated-corporate-action-observation;no-durable-daily-price-observation;no-official-session-record-for-market-date;security-lifecycle-current-only
TWSE,2025-10-11,unknown,unknown,unknown,current-only,unknown,current-only,unknown,partial,fundamental-coverage-limited-to-2026-06-and-2026Q1;market-status-current-only;no-dated-corporate-action-observation;no-durable-daily-price-observation;no-official-session-record-for-market-date;security-lifecycle-current-only
TPEX,2025-10-11,unknown,unknown,unknown,current-only,unknown,current-only,unknown,partial,fundamental-coverage-limited-to-2026-06-and-2026Q1;market-status-current-only;no-dated-corporate-action-observation;no-durable-daily-price-observation;no-official-session-record-for-market-date;security-lifecycle-current-only
TWSE,2025-10-12,unknown,unknown,unknown,current-only,unknown,current-only,unknown,partial,fundamental-coverage-limited-to-2026-06-and-2026Q1;market-status-current-only;no-dated-corporate-action-observation;no-durable-daily-price-observation;no-official-session-record-for-market-date;security-lifecycle-current-only
TPEX,2025-10-12,unknown,unknown,unknown,current-only,unknown,current-only,unknown,partial,fundamental-coverage-limited-to-2026-06-and-2026Q1;market-status-current-only;no-dated-corporate-action-observation;no-durable-daily-price-observation;no-official-session-record-for-market-date;security-lifecycle-current-only
TWSE,2025-10-13,unknown,unknown,unknown,current-only,unknown,current-only,unknown,partial,fundamental-coverage-limited-to-2026-06-and-2026Q1;market-status-current-only;no-dated-corporate-action-observation;no-durable-daily-price-observation;no-official-session-record-for-market-date;security-lifecycle-current-only
TPEX,2025-10-13,unknown,unknown,unknown,current-only,unknown,current-only,unknown,partial,fundamental-coverage-limited-to-2026-06-and-2026Q1;market-status-current-only;no-dated-corporate-action-observation;no-durable-daily-price-observation;no-official-session-record-for-market-date;security-lifecycle-current-only
TWSE,2025-10-14,unknown,unknown,unknown,current-only,unknown,current-only,unknown,partial,fundamental-coverage-limited-to-2026-06-and-2026Q1;market-status-current-only;no-dated-corporate-action-observation;no-durable-daily-price-observation;no-official-session-record-for-market-date;security-lifecycle-current-only
TPEX,2025-10-14,unknown,unknown,unknown,current-only,unknown,current-only,unknown,partial,fundamental-coverage-limited-to-2026-06-and-2026Q1;market-status-current-only;no-dated-corporate-action-observation;no-durable-daily-price-observation;no-official-session-record-for-market-date;security-lifecycle-current-only
TWSE,2025-10-15,unknown,unknown,unknown,current-only,unknown,current-only,unknown,partial,fundamental-coverage-limited-to-2026-06-and-2026Q1;market-status-current-only;no-dated-corporate-action-observation;no-durable-daily-price-observation;no-official-session-record-for-market-date;security-lifecycle-current-only
TPEX,2025-10-15,unknown,unknown,unknown,current-only,unknown,current-only,unknown,partial,fundamental-coverage-limited-to-2026-06-and-2026Q1;market-status-current-only;no-dated-corporate-action-observation;no-durable-daily-price-observation;no-official-session-record-for-market-date;security-lifecycle-current-only
TWSE,2025-10-16,unknown,unknown,unknown,current-only,unknown,current-only,unknown,partial,fundamental-coverage-limited-to-2026-06-and-2026Q1;market-status-current-only;no-dated-corporate-action-observation;no-durable-daily-price-observation;no-official-session-record-for-market-date;security-lifecycle-current-only
TPEX,2025-10-16,unknown,unknown,unknown,current-only,unknown,current-only,unknown,partial,fundamental-coverage-limited-to-2026-06-and-2026Q1;market-status-current-only;no-dated-corporate-action-observation;no-durable-daily-price-observation;no-official-session-record-for-market-date;security-lifecycle-current-only
TWSE,2025-10-17,unknown,unknown,unknown,current-only,unknown,current-only,unknown,partial,fundamental-coverage-limited-to-2026-06-and-2026Q1;market-status-current-only;no-dated-corporate-action-observation;no-durable-daily-price-observation;no-official-session-record-for-market-date;security-lifecycle-current-only
TPEX,2025-10-17,unknown,unknown,unknown,current-only,unknown,current-only,unknown,partial,fundamental-coverage-limited-to-2026-06-and-2026Q1;market-status-current-only;no-dated-corporate-action-observation;no-durable-daily-price-observation;no-official-session-record-for-market-date;security-lifecycle-current-only
TWSE,2025-10-18,unknown,unknown,unknown,current-only,unknown,current-only,unknown,partial,fundamental-coverage-limited-to-2026-06-and-2026Q1;market-status-current-only;no-dated-corporate-action-observation;no-durable-daily-price-observation;no-official-session-record-for-market-date;security-lifecycle-current-only
TPEX,2025-10-18,unknown,unknown,unknown,current-only,unknown,current-only,unknown,partial,fundamental-coverage-limited-to-2026-06-and-2026Q1;market-status-current-only;no-dated-corporate-action-observation;no-durable-daily-price-observation;no-official-session-record-for-market-date;security-lifecycle-current-only
TWSE,2025-10-19,unknown,unknown,unknown,current-only,unknown,current-only,unknown,partial,fundamental-coverage-limited-to-2026-06-and-2026Q1;market-status-current-only;no-dated-corporate-action-observation;no-durable-daily-price-observation;no-official-session-record-for-market-date;security-lifecycle-current-only
TPEX,2025-10-19,unknown,unknown,unknown,current-only,unknown,current-only,unknown,partial,fundamental-coverage-limited-to-2026-06-and-2026Q1;market-status-current-only;no-dated-corporate-action-observation;no-durable-daily-price-observation;no-official-session-record-for-market-date;security-lifecycle-current-only
TWSE,2025-10-20,unknown,unknown,unknown,current-only,unknown,current-only,unknown,partial,fundamental-coverage-limited-to-2026-06-and-2026Q1;market-status-current-only;no-dated-corporate-action-observation;no-durable-daily-price-observation;no-official-session-record-for-market-date;security-lifecycle-current-only
TPEX,2025-10-20,unknown,unknown,unknown,current-only,unknown,current-only,unknown,partial,fundamental-coverage-limited-to-2026-06-and-2026Q1;market-status-current-only;no-dated-corporate-action-observation;no-durable-daily-price-observation;no-official-session-record-for-market-date;security-lifecycle-current-only
TWSE,2025-10-21,unknown,unknown,unknown,current-only,unknown,current-only,unknown,partial,fundamental-coverage-limited-to-2026-06-and-2026Q1;market-status-current-only;no-dated-corporate-action-observation;no-durable-daily-price-observation;no-official-session-record-for-market-date;security-lifecycle-current-only
TPEX,2025-10-21,unknown,unknown,unknown,current-only,unknown,current-only,unknown,partial,fundamental-coverage-limited-to-2026-06-and-2026Q1;market-status-current-only;no-dated-corporate-action-observation;no-durable-daily-price-observation;no-official-session-record-for-market-date;security-lifecycle-current-only
TWSE,2025-10-22,unknown,unknown,unknown,current-only,unknown,current-only,unknown,partial,fundamental-coverage-limited-to-2026-06-and-2026Q1;market-status-current-only;no-dated-corporate-action-observation;no-durable-daily-price-observation;no-official-session-record-for-market-date;security-lifecycle-current-only
TPEX,2025-10-22,unknown,unknown,unknown,current-only,unknown,current-only,unknown,partial,fundamental-coverage-limited-to-2026-06-and-2026Q1;market-status-current-only;no-dated-corporate-action-observation;no-durable-daily-price-observation;no-official-session-record-for-market-date;security-lifecycle-current-only
TWSE,2025-10-23,unknown,unknown,unknown,current-only,unknown,current-only,unknown,partial,fundamental-coverage-limited-to-2026-06-and-2026Q1;market-status-current-only;no-dated-corporate-action-observation;no-durable-daily-price-observation;no-official-session-record-for-market-date;security-lifecycle-current-only
TPEX,2025-10-23,unknown,unknown,unknown,current-only,unknown,current-only,unknown,partial,fundamental-coverage-limited-to-2026-06-and-2026Q1;market-status-current-only;no-dated-corporate-action-observation;no-durable-daily-price-observation;no-official-session-record-for-market-date;security-lifecycle-current-only
TWSE,2025-10-24,unknown,unknown,unknown,current-only,unknown,current-only,unknown,partial,fundamental-coverage-limited-to-2026-06-and-2026Q1;market-status-current-only;no-dated-corporate-action-observation;no-durable-daily-price-observation;no-official-session-record-for-market-date;security-lifecycle-current-only
TPEX,2025-10-24,unknown,unknown,unknown,current-only,unknown,current-only,unknown,partial,fundamental-coverage-limited-to-2026-06-and-2026Q1;market-status-current-only;no-dated-corporate-action-observation;no-durable-daily-price-observation;no-official-session-record-for-market-date;security-lifecycle-current-only
TWSE,2025-10-25,unknown,unknown,unknown,current-only,unknown,current-only,unknown,partial,fundamental-coverage-limited-to-2026-06-and-2026Q1;market-status-current-only;no-dated-corporate-action-observation;no-durable-daily-price-observation;no-official-session-record-for-market-date;security-lifecycle-current-only
TPEX,2025-10-25,unknown,unknown,unknown,current-only,unknown,current-only,unknown,partial,fundamental-coverage-limited-to-2026-06-and-2026Q1;market-status-current-only;no-dated-corporate-action-observation;no-durable-daily-price-observation;no-official-session-record-for-market-date;security-lifecycle-current-only
TWSE,2025-10-26,unknown,unknown,unknown,current-only,unknown,current-only,unknown,partial,fundamental-coverage-limited-to-2026-06-and-2026Q1;market-status-current-only;no-dated-corporate-action-observation;no-durable-daily-price-observation;no-official-session-record-for-market-date;security-lifecycle-current-only
TPEX,2025-10-26,unknown,unknown,unknown,current-only,unknown,current-only,unknown,partial,fundamental-coverage-limited-to-2026-06-and-2026Q1;market-status-current-only;no-dated-corporate-action-observation;no-durable-daily-price-observation;no-official-session-record-for-market-date;security-lifecycle-current-only
TWSE,2025-10-27,unknown,unknown,unknown,current-only,unknown,current-only,unknown,partial,fundamental-coverage-limited-to-2026-06-and-2026Q1;market-status-current-only;no-dated-corporate-action-observation;no-durable-daily-price-observation;no-official-session-record-for-market-date;security-lifecycle-current-only
TPEX,2025-10-27,unknown,unknown,unknown,current-only,unknown,current-only,unknown,partial,fundamental-coverage-limited-to-2026-06-and-2026Q1;market-status-current-only;no-dated-corporate-action-observation;no-durable-daily-price-observation;no-official-session-record-for-market-date;security-lifecycle-current-only
TWSE,2025-10-28,unknown,unknown,unknown,current-only,unknown,current-only,unknown,partial,fundamental-coverage-limited-to-2026-06-and-2026Q1;market-status-current-only;no-dated-corporate-action-observation;no-durable-daily-price-observation;no-official-session-record-for-market-date;security-lifecycle-current-only
TPEX,2025-10-28,unknown,unknown,unknown,current-only,unknown,current-only,unknown,partial,fundamental-coverage-limited-to-2026-06-and-2026Q1;market-status-current-only;no-dated-corporate-action-observation;no-durable-daily-price-observation;no-official-session-record-for-market-date;security-lifecycle-current-only
TWSE,2025-10-29,unknown,unknown,unknown,current-only,unknown,current-only,unknown,partial,fundamental-coverage-limited-to-2026-06-and-2026Q1;market-status-current-only;no-dated-corporate-action-observation;no-durable-daily-price-observation;no-official-session-record-for-market-date;security-lifecycle-current-only
TPEX,2025-10-29,unknown,unknown,unknown,current-only,unknown,current-only,unknown,partial,fundamental-coverage-limited-to-2026-06-and-2026Q1;market-status-current-only;no-dated-corporate-action-observation;no-durable-daily-price-observation;no-official-session-record-for-market-date;security-lifecycle-current-only
TWSE,2025-10-30,unknown,unknown,unknown,current-only,unknown,current-only,unknown,partial,fundamental-coverage-limited-to-2026-06-and-2026Q1;market-status-current-only;no-dated-corporate-action-observation;no-durable-daily-price-observation;no-official-session-record-for-market-date;security-lifecycle-current-only
TPEX,2025-10-30,unknown,unknown,unknown,current-only,unknown,current-only,unknown,partial,fundamental-coverage-limited-to-2026-06-and-2026Q1;market-status-current-only;no-dated-corporate-action-observation;no-durable-daily-price-observation;no-official-session-record-for-market-date;security-lifecycle-current-only
TWSE,2025-10-31,unknown,unknown,unknown,current-only,unknown,current-only,unknown,partial,fundamental-coverage-limited-to-2026-06-and-2026Q1;market-status-current-only;no-dated-corporate-action-observation;no-durable-daily-price-observation;no-official-session-record-for-market-date;security-lifecycle-current-only
TPEX,2025-10-31,unknown,unknown,unknown,current-only,unknown,current-only,unknown,partial,fundamental-coverage-limited-to-2026-06-and-2026Q1;market-status-current-only;no-dated-corporate-action-observation;no-durable-daily-price-observation;no-official-session-record-for-market-date;security-lifecycle-current-only
TWSE,2025-11-01,unknown,unknown,unknown,current-only,unknown,current-only,unknown,partial,fundamental-coverage-limited-to-2026-06-and-2026Q1;market-status-current-only;no-dated-corporate-action-observation;no-durable-daily-price-observation;no-official-session-record-for-market-date;security-lifecycle-current-only
TPEX,2025-11-01,unknown,unknown,unknown,current-only,unknown,current-only,unknown,partial,fundamental-coverage-limited-to-2026-06-and-2026Q1;market-status-current-only;no-dated-corporate-action-observation;no-durable-daily-price-observation;no-official-session-record-for-market-date;security-lifecycle-current-only
TWSE,2025-11-02,unknown,unknown,unknown,current-only,unknown,current-only,unknown,partial,fundamental-coverage-limited-to-2026-06-and-2026Q1;market-status-current-only;no-dated-corporate-action-observation;no-durable-daily-price-observation;no-official-session-record-for-market-date;security-lifecycle-current-only
TPEX,2025-11-02,unknown,unknown,unknown,current-only,unknown,current-only,unknown,partial,fundamental-coverage-limited-to-2026-06-and-2026Q1;market-status-current-only;no-dated-corporate-action-observation;no-durable-daily-price-observation;no-official-session-record-for-market-date;security-lifecycle-current-only
TWSE,2025-11-03,unknown,unknown,unknown,current-only,unknown,current-only,unknown,partial,fundamental-coverage-limited-to-2026-06-and-2026Q1;market-status-current-only;no-dated-corporate-action-observation;no-durable-daily-price-observation;no-official-session-record-for-market-date;security-lifecycle-current-only
TPEX,2025-11-03,unknown,unknown,unknown,current-only,unknown,current-only,unknown,partial,fundamental-coverage-limited-to-2026-06-and-2026Q1;market-status-current-only;no-dated-corporate-action-observation;no-durable-daily-price-observation;no-official-session-record-for-market-date;security-lifecycle-current-only
TWSE,2025-11-04,unknown,unknown,unknown,current-only,unknown,current-only,unknown,partial,fundamental-coverage-limited-to-2026-06-and-2026Q1;market-status-current-only;no-dated-corporate-action-observation;no-durable-daily-price-observation;no-official-session-record-for-market-date;security-lifecycle-current-only
TPEX,2025-11-04,unknown,unknown,unknown,current-only,unknown,current-only,unknown,partial,fundamental-coverage-limited-to-2026-06-and-2026Q1;market-status-current-only;no-dated-corporate-action-observation;no-durable-daily-price-observation;no-official-session-record-for-market-date;security-lifecycle-current-only
TWSE,2025-11-05,unknown,unknown,unknown,current-only,unknown,current-only,unknown,partial,fundamental-coverage-limited-to-2026-06-and-2026Q1;market-status-current-only;no-dated-corporate-action-observation;no-durable-daily-price-observation;no-official-session-record-for-market-date;security-lifecycle-current-only
TPEX,2025-11-05,unknown,unknown,unknown,current-only,unknown,current-only,unknown,partial,fundamental-coverage-limited-to-2026-06-and-2026Q1;market-status-current-only;no-dated-corporate-action-observation;no-durable-daily-price-observation;no-official-session-record-for-market-date;security-lifecycle-current-only
TWSE,2025-11-06,unknown,unknown,unknown,current-only,unknown,current-only,unknown,partial,fundamental-coverage-limited-to-2026-06-and-2026Q1;market-status-current-only;no-dated-corporate-action-observation;no-durable-daily-price-observation;no-official-session-record-for-market-date;security-lifecycle-current-only
TPEX,2025-11-06,unknown,unknown,unknown,current-only,unknown,current-only,unknown,partial,fundamental-coverage-limited-to-2026-06-and-2026Q1;market-status-current-only;no-dated-corporate-action-observation;no-durable-daily-price-observation;no-official-session-record-for-market-date;security-lifecycle-current-only
TWSE,2025-11-07,unknown,unknown,unknown,current-only,unknown,current-only,unknown,partial,fundamental-coverage-limited-to-2026-06-and-2026Q1;market-status-current-only;no-dated-corporate-action-observation;no-durable-daily-price-observation;no-official-session-record-for-market-date;security-lifecycle-current-only
TPEX,2025-11-07,unknown,unknown,unknown,current-only,unknown,current-only,unknown,partial,fundamental-coverage-limited-to-2026-06-and-2026Q1;market-status-current-only;no-dated-corporate-action-observation;no-durable-daily-price-observation;no-official-session-record-for-market-date;security-lifecycle-current-only
TWSE,2025-11-08,unknown,unknown,unknown,current-only,unknown,current-only,unknown,partial,fundamental-coverage-limited-to-2026-06-and-2026Q1;market-status-current-only;no-dated-corporate-action-observation;no-durable-daily-price-observation;no-official-session-record-for-market-date;security-lifecycle-current-only
TPEX,2025-11-08,unknown,unknown,unknown,current-only,unknown,current-only,unknown,partial,fundamental-coverage-limited-to-2026-06-and-2026Q1;market-status-current-only;no-dated-corporate-action-observation;no-durable-daily-price-observation;no-official-session-record-for-market-date;security-lifecycle-current-only
TWSE,2025-11-09,unknown,unknown,unknown,current-only,unknown,current-only,unknown,partial,fundamental-coverage-limited-to-2026-06-and-2026Q1;market-status-current-only;no-dated-corporate-action-observation;no-durable-daily-price-observation;no-official-session-record-for-market-date;security-lifecycle-current-only
TPEX,2025-11-09,unknown,unknown,unknown,current-only,unknown,current-only,unknown,partial,fundamental-coverage-limited-to-2026-06-and-2026Q1;market-status-current-only;no-dated-corporate-action-observation;no-durable-daily-price-observation;no-official-session-record-for-market-date;security-lifecycle-current-only
TWSE,2025-11-10,unknown,unknown,unknown,current-only,unknown,current-only,unknown,partial,fundamental-coverage-limited-to-2026-06-and-2026Q1;market-status-current-only;no-dated-corporate-action-observation;no-durable-daily-price-observation;no-official-session-record-for-market-date;security-lifecycle-current-only
TPEX,2025-11-10,unknown,unknown,unknown,current-only,unknown,current-only,unknown,partial,fundamental-coverage-limited-to-2026-06-and-2026Q1;market-status-current-only;no-dated-corporate-action-observation;no-durable-daily-price-observation;no-official-session-record-for-market-date;security-lifecycle-current-only
TWSE,2025-11-11,unknown,unknown,unknown,current-only,unknown,current-only,unknown,partial,fundamental-coverage-limited-to-2026-06-and-2026Q1;market-status-current-only;no-dated-corporate-action-observation;no-durable-daily-price-observation;no-official-session-record-for-market-date;security-lifecycle-current-only
TPEX,2025-11-11,unknown,unknown,unknown,current-only,unknown,current-only,unknown,partial,fundamental-coverage-limited-to-2026-06-and-2026Q1;market-status-current-only;no-dated-corporate-action-observation;no-durable-daily-price-observation;no-official-session-record-for-market-date;security-lifecycle-current-only
TWSE,2025-11-12,unknown,unknown,unknown,current-only,unknown,current-only,unknown,partial,fundamental-coverage-limited-to-2026-06-and-2026Q1;market-status-current-only;no-dated-corporate-action-observation;no-durable-daily-price-observation;no-official-session-record-for-market-date;security-lifecycle-current-only
TPEX,2025-11-12,unknown,unknown,unknown,current-only,unknown,current-only,unknown,partial,fundamental-coverage-limited-to-2026-06-and-2026Q1;market-status-current-only;no-dated-corporate-action-observation;no-durable-daily-price-observation;no-official-session-record-for-market-date;security-lifecycle-current-only
TWSE,2025-11-13,unknown,unknown,unknown,current-only,unknown,current-only,unknown,partial,fundamental-coverage-limited-to-2026-06-and-2026Q1;market-status-current-only;no-dated-corporate-action-observation;no-durable-daily-price-observation;no-official-session-record-for-market-date;security-lifecycle-current-only
TPEX,2025-11-13,unknown,unknown,unknown,current-only,unknown,current-only,unknown,partial,fundamental-coverage-limited-to-2026-06-and-2026Q1;market-status-current-only;no-dated-corporate-action-observation;no-durable-daily-price-observation;no-official-session-record-for-market-date;security-lifecycle-current-only
TWSE,2025-11-14,unknown,unknown,unknown,current-only,unknown,current-only,unknown,partial,fundamental-coverage-limited-to-2026-06-and-2026Q1;market-status-current-only;no-dated-corporate-action-observation;no-durable-daily-price-observation;no-official-session-record-for-market-date;security-lifecycle-current-only
TPEX,2025-11-14,unknown,unknown,unknown,current-only,unknown,current-only,unknown,partial,fundamental-coverage-limited-to-2026-06-and-2026Q1;market-status-current-only;no-dated-corporate-action-observation;no-durable-daily-price-observation;no-official-session-record-for-market-date;security-lifecycle-current-only
TWSE,2025-11-15,unknown,unknown,unknown,current-only,unknown,current-only,unknown,partial,fundamental-coverage-limited-to-2026-06-and-2026Q1;market-status-current-only;no-dated-corporate-action-observation;no-durable-daily-price-observation;no-official-session-record-for-market-date;security-lifecycle-current-only
TPEX,2025-11-15,unknown,unknown,unknown,current-only,unknown,current-only,unknown,partial,fundamental-coverage-limited-to-2026-06-and-2026Q1;market-status-current-only;no-dated-corporate-action-observation;no-durable-daily-price-observation;no-official-session-record-for-market-date;security-lifecycle-current-only
TWSE,2025-11-16,unknown,unknown,unknown,current-only,unknown,current-only,unknown,partial,fundamental-coverage-limited-to-2026-06-and-2026Q1;market-status-current-only;no-dated-corporate-action-observation;no-durable-daily-price-observation;no-official-session-record-for-market-date;security-lifecycle-current-only
TPEX,2025-11-16,unknown,unknown,unknown,current-only,unknown,current-only,unknown,partial,fundamental-coverage-limited-to-2026-06-and-2026Q1;market-status-current-only;no-dated-corporate-action-observation;no-durable-daily-price-observation;no-official-session-record-for-market-date;security-lifecycle-current-only
TWSE,2025-11-17,unknown,unknown,unknown,current-only,unknown,current-only,unknown,partial,fundamental-coverage-limited-to-2026-06-and-2026Q1;market-status-current-only;no-dated-corporate-action-observation;no-durable-daily-price-observation;no-official-session-record-for-market-date;security-lifecycle-current-only
TPEX,2025-11-17,unknown,unknown,unknown,current-only,unknown,current-only,unknown,partial,fundamental-coverage-limited-to-2026-06-and-2026Q1;market-status-current-only;no-dated-corporate-action-observation;no-durable-daily-price-observation;no-official-session-record-for-market-date;security-lifecycle-current-only
TWSE,2025-11-18,unknown,unknown,unknown,current-only,unknown,current-only,unknown,partial,fundamental-coverage-limited-to-2026-06-and-2026Q1;market-status-current-only;no-dated-corporate-action-observation;no-durable-daily-price-observation;no-official-session-record-for-market-date;security-lifecycle-current-only
TPEX,2025-11-18,unknown,unknown,unknown,current-only,unknown,current-only,unknown,partial,fundamental-coverage-limited-to-2026-06-and-2026Q1;market-status-current-only;no-dated-corporate-action-observation;no-durable-daily-price-observation;no-official-session-record-for-market-date;security-lifecycle-current-only
TWSE,2025-11-19,unknown,unknown,unknown,current-only,unknown,current-only,unknown,partial,fundamental-coverage-limited-to-2026-06-and-2026Q1;market-status-current-only;no-dated-corporate-action-observation;no-durable-daily-price-observation;no-official-session-record-for-market-date;security-lifecycle-current-only
TPEX,2025-11-19,unknown,unknown,unknown,current-only,unknown,current-only,unknown,partial,fundamental-coverage-limited-to-2026-06-and-2026Q1;market-status-current-only;no-dated-corporate-action-observation;no-durable-daily-price-observation;no-official-session-record-for-market-date;security-lifecycle-current-only
TWSE,2025-11-20,unknown,unknown,unknown,current-only,unknown,current-only,unknown,partial,fundamental-coverage-limited-to-2026-06-and-2026Q1;market-status-current-only;no-dated-corporate-action-observation;no-durable-daily-price-observation;no-official-session-record-for-market-date;security-lifecycle-current-only
TPEX,2025-11-20,unknown,unknown,unknown,current-only,unknown,current-only,unknown,partial,fundamental-coverage-limited-to-2026-06-and-2026Q1;market-status-current-only;no-dated-corporate-action-observation;no-durable-daily-price-observation;no-official-session-record-for-market-date;security-lifecycle-current-only
TWSE,2025-11-21,unknown,unknown,unknown,current-only,unknown,current-only,unknown,partial,fundamental-coverage-limited-to-2026-06-and-2026Q1;market-status-current-only;no-dated-corporate-action-observation;no-durable-daily-price-observation;no-official-session-record-for-market-date;security-lifecycle-current-only
TPEX,2025-11-21,unknown,unknown,unknown,current-only,unknown,current-only,unknown,partial,fundamental-coverage-limited-to-2026-06-and-2026Q1;market-status-current-only;no-dated-corporate-action-observation;no-durable-daily-price-observation;no-official-session-record-for-market-date;security-lifecycle-current-only
TWSE,2025-11-22,unknown,unknown,unknown,current-only,unknown,current-only,unknown,partial,fundamental-coverage-limited-to-2026-06-and-2026Q1;market-status-current-only;no-dated-corporate-action-observation;no-durable-daily-price-observation;no-official-session-record-for-market-date;security-lifecycle-current-only
TPEX,2025-11-22,unknown,unknown,unknown,current-only,unknown,current-only,unknown,partial,fundamental-coverage-limited-to-2026-06-and-2026Q1;market-status-current-only;no-dated-corporate-action-observation;no-durable-daily-price-observation;no-official-session-record-for-market-date;security-lifecycle-current-only
TWSE,2025-11-23,unknown,unknown,unknown,current-only,unknown,current-only,unknown,partial,fundamental-coverage-limited-to-2026-06-and-2026Q1;market-status-current-only;no-dated-corporate-action-observation;no-durable-daily-price-observation;no-official-session-record-for-market-date;security-lifecycle-current-only
TPEX,2025-11-23,unknown,unknown,unknown,current-only,unknown,current-only,unknown,partial,fundamental-coverage-limited-to-2026-06-and-2026Q1;market-status-current-only;no-dated-corporate-action-observation;no-durable-daily-price-observation;no-official-session-record-for-market-date;security-lifecycle-current-only
TWSE,2025-11-24,unknown,unknown,unknown,current-only,unknown,current-only,unknown,partial,fundamental-coverage-limited-to-2026-06-and-2026Q1;market-status-current-only;no-dated-corporate-action-observation;no-durable-daily-price-observation;no-official-session-record-for-market-date;security-lifecycle-current-only
TPEX,2025-11-24,unknown,unknown,unknown,current-only,unknown,current-only,unknown,partial,fundamental-coverage-limited-to-2026-06-and-2026Q1;market-status-current-only;no-dated-corporate-action-observation;no-durable-daily-price-observation;no-official-session-record-for-market-date;security-lifecycle-current-only
TWSE,2025-11-25,unknown,unknown,unknown,current-only,unknown,current-only,unknown,partial,fundamental-coverage-limited-to-2026-06-and-2026Q1;market-status-current-only;no-dated-corporate-action-observation;no-durable-daily-price-observation;no-official-session-record-for-market-date;security-lifecycle-current-only
TPEX,2025-11-25,unknown,unknown,unknown,current-only,unknown,current-only,unknown,partial,fundamental-coverage-limited-to-2026-06-and-2026Q1;market-status-current-only;no-dated-corporate-action-observation;no-durable-daily-price-observation;no-official-session-record-for-market-date;security-lifecycle-current-only
TWSE,2025-11-26,unknown,unknown,unknown,current-only,unknown,current-only,unknown,partial,fundamental-coverage-limited-to-2026-06-and-2026Q1;market-status-current-only;no-dated-corporate-action-observation;no-durable-daily-price-observation;no-official-session-record-for-market-date;security-lifecycle-current-only
TPEX,2025-11-26,unknown,unknown,unknown,current-only,unknown,current-only,unknown,partial,fundamental-coverage-limited-to-2026-06-and-2026Q1;market-status-current-only;no-dated-corporate-action-observation;no-durable-daily-price-observation;no-official-session-record-for-market-date;security-lifecycle-current-only
TWSE,2025-11-27,unknown,unknown,unknown,current-only,unknown,current-only,unknown,partial,fundamental-coverage-limited-to-2026-06-and-2026Q1;market-status-current-only;no-dated-corporate-action-observation;no-durable-daily-price-observation;no-official-session-record-for-market-date;security-lifecycle-current-only
TPEX,2025-11-27,unknown,unknown,unknown,current-only,unknown,current-only,unknown,partial,fundamental-coverage-limited-to-2026-06-and-2026Q1;market-status-current-only;no-dated-corporate-action-observation;no-durable-daily-price-observation;no-official-session-record-for-market-date;security-lifecycle-current-only
TWSE,2025-11-28,unknown,unknown,unknown,current-only,unknown,current-only,unknown,partial,fundamental-coverage-limited-to-2026-06-and-2026Q1;market-status-current-only;no-dated-corporate-action-observation;no-durable-daily-price-observation;no-official-session-record-for-market-date;security-lifecycle-current-only
TPEX,2025-11-28,unknown,unknown,unknown,current-only,unknown,current-only,unknown,partial,fundamental-coverage-limited-to-2026-06-and-2026Q1;market-status-current-only;no-dated-corporate-action-observation;no-durable-daily-price-observation;no-official-session-record-for-market-date;security-lifecycle-current-only
TWSE,2025-11-29,unknown,unknown,unknown,current-only,unknown,current-only,unknown,partial,fundamental-coverage-limited-to-2026-06-and-2026Q1;market-status-current-only;no-dated-corporate-action-observation;no-durable-daily-price-observation;no-official-session-record-for-market-date;security-lifecycle-current-only
TPEX,2025-11-29,unknown,unknown,unknown,current-only,unknown,current-only,unknown,partial,fundamental-coverage-limited-to-2026-06-and-2026Q1;market-status-current-only;no-dated-corporate-action-observation;no-durable-daily-price-observation;no-official-session-record-for-market-date;security-lifecycle-current-only
TWSE,2025-11-30,unknown,unknown,unknown,current-only,unknown,current-only,unknown,partial,fundamental-coverage-limited-to-2026-06-and-2026Q1;market-status-current-only;no-dated-corporate-action-observation;no-durable-daily-price-observation;no-official-session-record-for-market-date;security-lifecycle-current-only
TPEX,2025-11-30,unknown,unknown,unknown,current-only,unknown,current-only,unknown,partial,fundamental-coverage-limited-to-2026-06-and-2026Q1;market-status-current-only;no-dated-corporate-action-observation;no-durable-daily-price-observation;no-official-session-record-for-market-date;security-lifecycle-current-only
TWSE,2025-12-01,unknown,unknown,unknown,current-only,unknown,current-only,unknown,partial,fundamental-coverage-limited-to-2026-06-and-2026Q1;market-status-current-only;no-dated-corporate-action-observation;no-durable-daily-price-observation;no-official-session-record-for-market-date;security-lifecycle-current-only
TPEX,2025-12-01,unknown,unknown,unknown,current-only,unknown,current-only,unknown,partial,fundamental-coverage-limited-to-2026-06-and-2026Q1;market-status-current-only;no-dated-corporate-action-observation;no-durable-daily-price-observation;no-official-session-record-for-market-date;security-lifecycle-current-only
TWSE,2025-12-02,unknown,unknown,unknown,current-only,unknown,current-only,unknown,partial,fundamental-coverage-limited-to-2026-06-and-2026Q1;market-status-current-only;no-dated-corporate-action-observation;no-durable-daily-price-observation;no-official-session-record-for-market-date;security-lifecycle-current-only
TPEX,2025-12-02,unknown,unknown,unknown,current-only,unknown,current-only,unknown,partial,fundamental-coverage-limited-to-2026-06-and-2026Q1;market-status-current-only;no-dated-corporate-action-observation;no-durable-daily-price-observation;no-official-session-record-for-market-date;security-lifecycle-current-only
TWSE,2025-12-03,unknown,unknown,unknown,current-only,unknown,current-only,unknown,partial,fundamental-coverage-limited-to-2026-06-and-2026Q1;market-status-current-only;no-dated-corporate-action-observation;no-durable-daily-price-observation;no-official-session-record-for-market-date;security-lifecycle-current-only
TPEX,2025-12-03,unknown,unknown,unknown,current-only,unknown,current-only,unknown,partial,fundamental-coverage-limited-to-2026-06-and-2026Q1;market-status-current-only;no-dated-corporate-action-observation;no-durable-daily-price-observation;no-official-session-record-for-market-date;security-lifecycle-current-only
TWSE,2025-12-04,unknown,unknown,unknown,current-only,unknown,current-only,unknown,partial,fundamental-coverage-limited-to-2026-06-and-2026Q1;market-status-current-only;no-dated-corporate-action-observation;no-durable-daily-price-observation;no-official-session-record-for-market-date;security-lifecycle-current-only
TPEX,2025-12-04,unknown,unknown,unknown,current-only,unknown,current-only,unknown,partial,fundamental-coverage-limited-to-2026-06-and-2026Q1;market-status-current-only;no-dated-corporate-action-observation;no-durable-daily-price-observation;no-official-session-record-for-market-date;security-lifecycle-current-only
TWSE,2025-12-05,unknown,unknown,unknown,current-only,unknown,current-only,unknown,partial,fundamental-coverage-limited-to-2026-06-and-2026Q1;market-status-current-only;no-dated-corporate-action-observation;no-durable-daily-price-observation;no-official-session-record-for-market-date;security-lifecycle-current-only
TPEX,2025-12-05,unknown,unknown,unknown,current-only,unknown,current-only,unknown,partial,fundamental-coverage-limited-to-2026-06-and-2026Q1;market-status-current-only;no-dated-corporate-action-observation;no-durable-daily-price-observation;no-official-session-record-for-market-date;security-lifecycle-current-only
TWSE,2025-12-06,unknown,unknown,unknown,current-only,unknown,current-only,unknown,partial,fundamental-coverage-limited-to-2026-06-and-2026Q1;market-status-current-only;no-dated-corporate-action-observation;no-durable-daily-price-observation;no-official-session-record-for-market-date;security-lifecycle-current-only
TPEX,2025-12-06,unknown,unknown,unknown,current-only,unknown,current-only,unknown,partial,fundamental-coverage-limited-to-2026-06-and-2026Q1;market-status-current-only;no-dated-corporate-action-observation;no-durable-daily-price-observation;no-official-session-record-for-market-date;security-lifecycle-current-only
TWSE,2025-12-07,unknown,unknown,unknown,current-only,unknown,current-only,unknown,partial,fundamental-coverage-limited-to-2026-06-and-2026Q1;market-status-current-only;no-dated-corporate-action-observation;no-durable-daily-price-observation;no-official-session-record-for-market-date;security-lifecycle-current-only
TPEX,2025-12-07,unknown,unknown,unknown,current-only,unknown,current-only,unknown,partial,fundamental-coverage-limited-to-2026-06-and-2026Q1;market-status-current-only;no-dated-corporate-action-observation;no-durable-daily-price-observation;no-official-session-record-for-market-date;security-lifecycle-current-only
TWSE,2025-12-08,unknown,unknown,unknown,current-only,unknown,current-only,unknown,partial,fundamental-coverage-limited-to-2026-06-and-2026Q1;market-status-current-only;no-dated-corporate-action-observation;no-durable-daily-price-observation;no-official-session-record-for-market-date;security-lifecycle-current-only
TPEX,2025-12-08,unknown,unknown,unknown,current-only,unknown,current-only,unknown,partial,fundamental-coverage-limited-to-2026-06-and-2026Q1;market-status-current-only;no-dated-corporate-action-observation;no-durable-daily-price-observation;no-official-session-record-for-market-date;security-lifecycle-current-only
TWSE,2025-12-09,unknown,unknown,unknown,current-only,unknown,current-only,unknown,partial,fundamental-coverage-limited-to-2026-06-and-2026Q1;market-status-current-only;no-dated-corporate-action-observation;no-durable-daily-price-observation;no-official-session-record-for-market-date;security-lifecycle-current-only
TPEX,2025-12-09,unknown,unknown,unknown,current-only,unknown,current-only,unknown,partial,fundamental-coverage-limited-to-2026-06-and-2026Q1;market-status-current-only;no-dated-corporate-action-observation;no-durable-daily-price-observation;no-official-session-record-for-market-date;security-lifecycle-current-only
TWSE,2025-12-10,unknown,unknown,unknown,current-only,unknown,current-only,unknown,partial,fundamental-coverage-limited-to-2026-06-and-2026Q1;market-status-current-only;no-dated-corporate-action-observation;no-durable-daily-price-observation;no-official-session-record-for-market-date;security-lifecycle-current-only
TPEX,2025-12-10,unknown,unknown,unknown,current-only,unknown,current-only,unknown,partial,fundamental-coverage-limited-to-2026-06-and-2026Q1;market-status-current-only;no-dated-corporate-action-observation;no-durable-daily-price-observation;no-official-session-record-for-market-date;security-lifecycle-current-only
TWSE,2025-12-11,unknown,unknown,unknown,current-only,unknown,current-only,unknown,partial,fundamental-coverage-limited-to-2026-06-and-2026Q1;market-status-current-only;no-dated-corporate-action-observation;no-durable-daily-price-observation;no-official-session-record-for-market-date;security-lifecycle-current-only
TPEX,2025-12-11,unknown,unknown,unknown,current-only,unknown,current-only,unknown,partial,fundamental-coverage-limited-to-2026-06-and-2026Q1;market-status-current-only;no-dated-corporate-action-observation;no-durable-daily-price-observation;no-official-session-record-for-market-date;security-lifecycle-current-only
TWSE,2025-12-12,unknown,unknown,unknown,current-only,unknown,current-only,unknown,partial,fundamental-coverage-limited-to-2026-06-and-2026Q1;market-status-current-only;no-dated-corporate-action-observation;no-durable-daily-price-observation;no-official-session-record-for-market-date;security-lifecycle-current-only
TPEX,2025-12-12,unknown,unknown,unknown,current-only,unknown,current-only,unknown,partial,fundamental-coverage-limited-to-2026-06-and-2026Q1;market-status-current-only;no-dated-corporate-action-observation;no-durable-daily-price-observation;no-official-session-record-for-market-date;security-lifecycle-current-only
TWSE,2025-12-13,unknown,unknown,unknown,current-only,unknown,current-only,unknown,partial,fundamental-coverage-limited-to-2026-06-and-2026Q1;market-status-current-only;no-dated-corporate-action-observation;no-durable-daily-price-observation;no-official-session-record-for-market-date;security-lifecycle-current-only
TPEX,2025-12-13,unknown,unknown,unknown,current-only,unknown,current-only,unknown,partial,fundamental-coverage-limited-to-2026-06-and-2026Q1;market-status-current-only;no-dated-corporate-action-observation;no-durable-daily-price-observation;no-official-session-record-for-market-date;security-lifecycle-current-only
TWSE,2025-12-14,unknown,unknown,unknown,current-only,unknown,current-only,unknown,partial,fundamental-coverage-limited-to-2026-06-and-2026Q1;market-status-current-only;no-dated-corporate-action-observation;no-durable-daily-price-observation;no-official-session-record-for-market-date;security-lifecycle-current-only
TPEX,2025-12-14,unknown,unknown,unknown,current-only,unknown,current-only,unknown,partial,fundamental-coverage-limited-to-2026-06-and-2026Q1;market-status-current-only;no-dated-corporate-action-observation;no-durable-daily-price-observation;no-official-session-record-for-market-date;security-lifecycle-current-only
TWSE,2025-12-15,unknown,unknown,unknown,current-only,unknown,current-only,unknown,partial,fundamental-coverage-limited-to-2026-06-and-2026Q1;market-status-current-only;no-dated-corporate-action-observation;no-durable-daily-price-observation;no-official-session-record-for-market-date;security-lifecycle-current-only
TPEX,2025-12-15,unknown,unknown,unknown,current-only,unknown,current-only,unknown,partial,fundamental-coverage-limited-to-2026-06-and-2026Q1;market-status-current-only;no-dated-corporate-action-observation;no-durable-daily-price-observation;no-official-session-record-for-market-date;security-lifecycle-current-only
TWSE,2025-12-16,unknown,unknown,unknown,current-only,unknown,current-only,unknown,partial,fundamental-coverage-limited-to-2026-06-and-2026Q1;market-status-current-only;no-dated-corporate-action-observation;no-durable-daily-price-observation;no-official-session-record-for-market-date;security-lifecycle-current-only
TPEX,2025-12-16,unknown,unknown,unknown,current-only,unknown,current-only,unknown,partial,fundamental-coverage-limited-to-2026-06-and-2026Q1;market-status-current-only;no-dated-corporate-action-observation;no-durable-daily-price-observation;no-official-session-record-for-market-date;security-lifecycle-current-only
TWSE,2025-12-17,unknown,unknown,unknown,current-only,unknown,current-only,unknown,partial,fundamental-coverage-limited-to-2026-06-and-2026Q1;market-status-current-only;no-dated-corporate-action-observation;no-durable-daily-price-observation;no-official-session-record-for-market-date;security-lifecycle-current-only
TPEX,2025-12-17,unknown,unknown,unknown,current-only,unknown,current-only,unknown,partial,fundamental-coverage-limited-to-2026-06-and-2026Q1;market-status-current-only;no-dated-corporate-action-observation;no-durable-daily-price-observation;no-official-session-record-for-market-date;security-lifecycle-current-only
TWSE,2025-12-18,unknown,unknown,unknown,current-only,unknown,current-only,unknown,partial,fundamental-coverage-limited-to-2026-06-and-2026Q1;market-status-current-only;no-dated-corporate-action-observation;no-durable-daily-price-observation;no-official-session-record-for-market-date;security-lifecycle-current-only
TPEX,2025-12-18,unknown,unknown,unknown,current-only,unknown,current-only,unknown,partial,fundamental-coverage-limited-to-2026-06-and-2026Q1;market-status-current-only;no-dated-corporate-action-observation;no-durable-daily-price-observation;no-official-session-record-for-market-date;security-lifecycle-current-only
TWSE,2025-12-19,unknown,unknown,unknown,current-only,unknown,current-only,unknown,partial,fundamental-coverage-limited-to-2026-06-and-2026Q1;market-status-current-only;no-dated-corporate-action-observation;no-durable-daily-price-observation;no-official-session-record-for-market-date;security-lifecycle-current-only
TPEX,2025-12-19,unknown,unknown,unknown,current-only,unknown,current-only,unknown,partial,fundamental-coverage-limited-to-2026-06-and-2026Q1;market-status-current-only;no-dated-corporate-action-observation;no-durable-daily-price-observation;no-official-session-record-for-market-date;security-lifecycle-current-only
TWSE,2025-12-20,unknown,unknown,unknown,current-only,unknown,current-only,unknown,partial,fundamental-coverage-limited-to-2026-06-and-2026Q1;market-status-current-only;no-dated-corporate-action-observation;no-durable-daily-price-observation;no-official-session-record-for-market-date;security-lifecycle-current-only
TPEX,2025-12-20,unknown,unknown,unknown,current-only,unknown,current-only,unknown,partial,fundamental-coverage-limited-to-2026-06-and-2026Q1;market-status-current-only;no-dated-corporate-action-observation;no-durable-daily-price-observation;no-official-session-record-for-market-date;security-lifecycle-current-only
TWSE,2025-12-21,unknown,unknown,unknown,current-only,unknown,current-only,unknown,partial,fundamental-coverage-limited-to-2026-06-and-2026Q1;market-status-current-only;no-dated-corporate-action-observation;no-durable-daily-price-observation;no-official-session-record-for-market-date;security-lifecycle-current-only
TPEX,2025-12-21,unknown,unknown,unknown,current-only,unknown,current-only,unknown,partial,fundamental-coverage-limited-to-2026-06-and-2026Q1;market-status-current-only;no-dated-corporate-action-observation;no-durable-daily-price-observation;no-official-session-record-for-market-date;security-lifecycle-current-only
TWSE,2025-12-22,unknown,unknown,unknown,current-only,unknown,current-only,unknown,partial,fundamental-coverage-limited-to-2026-06-and-2026Q1;market-status-current-only;no-dated-corporate-action-observation;no-durable-daily-price-observation;no-official-session-record-for-market-date;security-lifecycle-current-only
TPEX,2025-12-22,unknown,unknown,unknown,current-only,unknown,current-only,unknown,partial,fundamental-coverage-limited-to-2026-06-and-2026Q1;market-status-current-only;no-dated-corporate-action-observation;no-durable-daily-price-observation;no-official-session-record-for-market-date;security-lifecycle-current-only
TWSE,2025-12-23,unknown,unknown,unknown,current-only,unknown,current-only,unknown,partial,fundamental-coverage-limited-to-2026-06-and-2026Q1;market-status-current-only;no-dated-corporate-action-observation;no-durable-daily-price-observation;no-official-session-record-for-market-date;security-lifecycle-current-only
TPEX,2025-12-23,unknown,unknown,unknown,current-only,unknown,current-only,unknown,partial,fundamental-coverage-limited-to-2026-06-and-2026Q1;market-status-current-only;no-dated-corporate-action-observation;no-durable-daily-price-observation;no-official-session-record-for-market-date;security-lifecycle-current-only
TWSE,2025-12-24,unknown,unknown,unknown,current-only,unknown,current-only,unknown,partial,fundamental-coverage-limited-to-2026-06-and-2026Q1;market-status-current-only;no-dated-corporate-action-observation;no-durable-daily-price-observation;no-official-session-record-for-market-date;security-lifecycle-current-only
TPEX,2025-12-24,unknown,unknown,unknown,current-only,unknown,current-only,unknown,partial,fundamental-coverage-limited-to-2026-06-and-2026Q1;market-status-current-only;no-dated-corporate-action-observation;no-durable-daily-price-observation;no-official-session-record-for-market-date;security-lifecycle-current-only
TWSE,2025-12-25,unknown,unknown,unknown,current-only,unknown,current-only,unknown,partial,fundamental-coverage-limited-to-2026-06-and-2026Q1;market-status-current-only;no-dated-corporate-action-observation;no-durable-daily-price-observation;no-official-session-record-for-market-date;security-lifecycle-current-only
TPEX,2025-12-25,unknown,unknown,unknown,current-only,unknown,current-only,unknown,partial,fundamental-coverage-limited-to-2026-06-and-2026Q1;market-status-current-only;no-dated-corporate-action-observation;no-durable-daily-price-observation;no-official-session-record-for-market-date;security-lifecycle-current-only
TWSE,2025-12-26,unknown,unknown,unknown,current-only,unknown,current-only,unknown,partial,fundamental-coverage-limited-to-2026-06-and-2026Q1;market-status-current-only;no-dated-corporate-action-observation;no-durable-daily-price-observation;no-official-session-record-for-market-date;security-lifecycle-current-only
TPEX,2025-12-26,unknown,unknown,unknown,current-only,unknown,current-only,unknown,partial,fundamental-coverage-limited-to-2026-06-and-2026Q1;market-status-current-only;no-dated-corporate-action-observation;no-durable-daily-price-observation;no-official-session-record-for-market-date;security-lifecycle-current-only
TWSE,2025-12-27,unknown,unknown,unknown,current-only,unknown,current-only,unknown,partial,fundamental-coverage-limited-to-2026-06-and-2026Q1;market-status-current-only;no-dated-corporate-action-observation;no-durable-daily-price-observation;no-official-session-record-for-market-date;security-lifecycle-current-only
TPEX,2025-12-27,unknown,unknown,unknown,current-only,unknown,current-only,unknown,partial,fundamental-coverage-limited-to-2026-06-and-2026Q1;market-status-current-only;no-dated-corporate-action-observation;no-durable-daily-price-observation;no-official-session-record-for-market-date;security-lifecycle-current-only
TWSE,2025-12-28,unknown,unknown,unknown,current-only,unknown,current-only,unknown,partial,fundamental-coverage-limited-to-2026-06-and-2026Q1;market-status-current-only;no-dated-corporate-action-observation;no-durable-daily-price-observation;no-official-session-record-for-market-date;security-lifecycle-current-only
TPEX,2025-12-28,unknown,unknown,unknown,current-only,unknown,current-only,unknown,partial,fundamental-coverage-limited-to-2026-06-and-2026Q1;market-status-current-only;no-dated-corporate-action-observation;no-durable-daily-price-observation;no-official-session-record-for-market-date;security-lifecycle-current-only
TWSE,2025-12-29,unknown,unknown,unknown,current-only,unknown,current-only,unknown,partial,fundamental-coverage-limited-to-2026-06-and-2026Q1;market-status-current-only;no-dated-corporate-action-observation;no-durable-daily-price-observation;no-official-session-record-for-market-date;security-lifecycle-current-only
TPEX,2025-12-29,unknown,unknown,unknown,current-only,unknown,current-only,unknown,partial,fundamental-coverage-limited-to-2026-06-and-2026Q1;market-status-current-only;no-dated-corporate-action-observation;no-durable-daily-price-observation;no-official-session-record-for-market-date;security-lifecycle-current-only
TWSE,2025-12-30,unknown,unknown,unknown,current-only,unknown,current-only,unknown,partial,fundamental-coverage-limited-to-2026-06-and-2026Q1;market-status-current-only;no-dated-corporate-action-observation;no-durable-daily-price-observation;no-official-session-record-for-market-date;security-lifecycle-current-only
TPEX,2025-12-30,unknown,unknown,unknown,current-only,unknown,current-only,unknown,partial,fundamental-coverage-limited-to-2026-06-and-2026Q1;market-status-current-only;no-dated-corporate-action-observation;no-durable-daily-price-observation;no-official-session-record-for-market-date;security-lifecycle-current-only
TWSE,2025-12-31,unknown,unknown,unknown,current-only,unknown,current-only,unknown,partial,fundamental-coverage-limited-to-2026-06-and-2026Q1;market-status-current-only;no-dated-corporate-action-observation;no-durable-daily-price-observation;no-official-session-record-for-market-date;security-lifecycle-current-only
TPEX,2025-12-31,unknown,unknown,unknown,current-only,unknown,current-only,unknown,partial,fundamental-coverage-limited-to-2026-06-and-2026Q1;market-status-current-only;no-dated-corporate-action-observation;no-durable-daily-price-observation;no-official-session-record-for-market-date;security-lifecycle-current-only
TWSE,2026-01-01,official-closed,not-session,covered,current-only,unknown,current-only,unknown,partial,fundamental-coverage-limited-to-2026-06-and-2026Q1;market-status-current-only;no-dated-corporate-action-observation;no-durable-daily-price-observation;security-lifecycle-current-only
TPEX,2026-01-01,unknown,unknown,unknown,current-only,unknown,current-only,unknown,partial,fundamental-coverage-limited-to-2026-06-and-2026Q1;market-status-current-only;no-dated-corporate-action-observation;no-durable-daily-price-observation;no-official-session-record-for-market-date;security-lifecycle-current-only
TWSE,2026-01-02,unknown,unknown,unknown,current-only,unknown,current-only,unknown,partial,fundamental-coverage-limited-to-2026-06-and-2026Q1;market-status-current-only;no-dated-corporate-action-observation;no-durable-daily-price-observation;no-official-session-record-for-market-date;security-lifecycle-current-only
TPEX,2026-01-02,unknown,unknown,unknown,current-only,unknown,current-only,unknown,partial,fundamental-coverage-limited-to-2026-06-and-2026Q1;market-status-current-only;no-dated-corporate-action-observation;no-durable-daily-price-observation;no-official-session-record-for-market-date;security-lifecycle-current-only
TWSE,2026-01-03,unknown,unknown,unknown,current-only,unknown,current-only,unknown,partial,fundamental-coverage-limited-to-2026-06-and-2026Q1;market-status-current-only;no-dated-corporate-action-observation;no-durable-daily-price-observation;no-official-session-record-for-market-date;security-lifecycle-current-only
TPEX,2026-01-03,unknown,unknown,unknown,current-only,unknown,current-only,unknown,partial,fundamental-coverage-limited-to-2026-06-and-2026Q1;market-status-current-only;no-dated-corporate-action-observation;no-durable-daily-price-observation;no-official-session-record-for-market-date;security-lifecycle-current-only
TWSE,2026-01-04,unknown,unknown,unknown,current-only,unknown,current-only,unknown,partial,fundamental-coverage-limited-to-2026-06-and-2026Q1;market-status-current-only;no-dated-corporate-action-observation;no-durable-daily-price-observation;no-official-session-record-for-market-date;security-lifecycle-current-only
TPEX,2026-01-04,unknown,unknown,unknown,current-only,unknown,current-only,unknown,partial,fundamental-coverage-limited-to-2026-06-and-2026Q1;market-status-current-only;no-dated-corporate-action-observation;no-durable-daily-price-observation;no-official-session-record-for-market-date;security-lifecycle-current-only
TWSE,2026-01-05,unknown,unknown,unknown,current-only,unknown,current-only,unknown,partial,fundamental-coverage-limited-to-2026-06-and-2026Q1;market-status-current-only;no-dated-corporate-action-observation;no-durable-daily-price-observation;no-official-session-record-for-market-date;security-lifecycle-current-only
TPEX,2026-01-05,unknown,unknown,unknown,current-only,unknown,current-only,unknown,partial,fundamental-coverage-limited-to-2026-06-and-2026Q1;market-status-current-only;no-dated-corporate-action-observation;no-durable-daily-price-observation;no-official-session-record-for-market-date;security-lifecycle-current-only
TWSE,2026-01-06,unknown,unknown,unknown,current-only,unknown,current-only,unknown,partial,fundamental-coverage-limited-to-2026-06-and-2026Q1;market-status-current-only;no-dated-corporate-action-observation;no-durable-daily-price-observation;no-official-session-record-for-market-date;security-lifecycle-current-only
TPEX,2026-01-06,unknown,unknown,unknown,current-only,unknown,current-only,unknown,partial,fundamental-coverage-limited-to-2026-06-and-2026Q1;market-status-current-only;no-dated-corporate-action-observation;no-durable-daily-price-observation;no-official-session-record-for-market-date;security-lifecycle-current-only
TWSE,2026-01-07,unknown,unknown,unknown,current-only,unknown,current-only,unknown,partial,fundamental-coverage-limited-to-2026-06-and-2026Q1;market-status-current-only;no-dated-corporate-action-observation;no-durable-daily-price-observation;no-official-session-record-for-market-date;security-lifecycle-current-only
TPEX,2026-01-07,unknown,unknown,unknown,current-only,unknown,current-only,unknown,partial,fundamental-coverage-limited-to-2026-06-and-2026Q1;market-status-current-only;no-dated-corporate-action-observation;no-durable-daily-price-observation;no-official-session-record-for-market-date;security-lifecycle-current-only
TWSE,2026-01-08,unknown,unknown,unknown,current-only,unknown,current-only,unknown,partial,fundamental-coverage-limited-to-2026-06-and-2026Q1;market-status-current-only;no-dated-corporate-action-observation;no-durable-daily-price-observation;no-official-session-record-for-market-date;security-lifecycle-current-only
TPEX,2026-01-08,unknown,unknown,unknown,current-only,unknown,current-only,unknown,partial,fundamental-coverage-limited-to-2026-06-and-2026Q1;market-status-current-only;no-dated-corporate-action-observation;no-durable-daily-price-observation;no-official-session-record-for-market-date;security-lifecycle-current-only
TWSE,2026-01-09,unknown,unknown,unknown,current-only,unknown,current-only,unknown,partial,fundamental-coverage-limited-to-2026-06-and-2026Q1;market-status-current-only;no-dated-corporate-action-observation;no-durable-daily-price-observation;no-official-session-record-for-market-date;security-lifecycle-current-only
TPEX,2026-01-09,unknown,unknown,unknown,current-only,unknown,current-only,unknown,partial,fundamental-coverage-limited-to-2026-06-and-2026Q1;market-status-current-only;no-dated-corporate-action-observation;no-durable-daily-price-observation;no-official-session-record-for-market-date;security-lifecycle-current-only
TWSE,2026-01-10,unknown,unknown,unknown,current-only,unknown,current-only,unknown,partial,fundamental-coverage-limited-to-2026-06-and-2026Q1;market-status-current-only;no-dated-corporate-action-observation;no-durable-daily-price-observation;no-official-session-record-for-market-date;security-lifecycle-current-only
TPEX,2026-01-10,unknown,unknown,unknown,current-only,unknown,current-only,unknown,partial,fundamental-coverage-limited-to-2026-06-and-2026Q1;market-status-current-only;no-dated-corporate-action-observation;no-durable-daily-price-observation;no-official-session-record-for-market-date;security-lifecycle-current-only
TWSE,2026-01-11,unknown,unknown,unknown,current-only,unknown,current-only,unknown,partial,fundamental-coverage-limited-to-2026-06-and-2026Q1;market-status-current-only;no-dated-corporate-action-observation;no-durable-daily-price-observation;no-official-session-record-for-market-date;security-lifecycle-current-only
TPEX,2026-01-11,unknown,unknown,unknown,current-only,unknown,current-only,unknown,partial,fundamental-coverage-limited-to-2026-06-and-2026Q1;market-status-current-only;no-dated-corporate-action-observation;no-durable-daily-price-observation;no-official-session-record-for-market-date;security-lifecycle-current-only
TWSE,2026-01-12,unknown,unknown,unknown,current-only,unknown,current-only,unknown,partial,fundamental-coverage-limited-to-2026-06-and-2026Q1;market-status-current-only;no-dated-corporate-action-observation;no-durable-daily-price-observation;no-official-session-record-for-market-date;security-lifecycle-current-only
TPEX,2026-01-12,unknown,unknown,unknown,current-only,unknown,current-only,unknown,partial,fundamental-coverage-limited-to-2026-06-and-2026Q1;market-status-current-only;no-dated-corporate-action-observation;no-durable-daily-price-observation;no-official-session-record-for-market-date;security-lifecycle-current-only
TWSE,2026-01-13,unknown,unknown,unknown,current-only,unknown,current-only,unknown,partial,fundamental-coverage-limited-to-2026-06-and-2026Q1;market-status-current-only;no-dated-corporate-action-observation;no-durable-daily-price-observation;no-official-session-record-for-market-date;security-lifecycle-current-only
TPEX,2026-01-13,unknown,unknown,unknown,current-only,unknown,current-only,unknown,partial,fundamental-coverage-limited-to-2026-06-and-2026Q1;market-status-current-only;no-dated-corporate-action-observation;no-durable-daily-price-observation;no-official-session-record-for-market-date;security-lifecycle-current-only
TWSE,2026-01-14,unknown,unknown,unknown,current-only,unknown,current-only,unknown,partial,fundamental-coverage-limited-to-2026-06-and-2026Q1;market-status-current-only;no-dated-corporate-action-observation;no-durable-daily-price-observation;no-official-session-record-for-market-date;security-lifecycle-current-only
TPEX,2026-01-14,unknown,unknown,unknown,current-only,unknown,current-only,unknown,partial,fundamental-coverage-limited-to-2026-06-and-2026Q1;market-status-current-only;no-dated-corporate-action-observation;no-durable-daily-price-observation;no-official-session-record-for-market-date;security-lifecycle-current-only
TWSE,2026-01-15,unknown,unknown,unknown,current-only,unknown,current-only,unknown,partial,fundamental-coverage-limited-to-2026-06-and-2026Q1;market-status-current-only;no-dated-corporate-action-observation;no-durable-daily-price-observation;no-official-session-record-for-market-date;security-lifecycle-current-only
TPEX,2026-01-15,unknown,unknown,unknown,current-only,unknown,current-only,unknown,partial,fundamental-coverage-limited-to-2026-06-and-2026Q1;market-status-current-only;no-dated-corporate-action-observation;no-durable-daily-price-observation;no-official-session-record-for-market-date;security-lifecycle-current-only
TWSE,2026-01-16,unknown,unknown,unknown,current-only,unknown,current-only,unknown,partial,fundamental-coverage-limited-to-2026-06-and-2026Q1;market-status-current-only;no-dated-corporate-action-observation;no-durable-daily-price-observation;no-official-session-record-for-market-date;security-lifecycle-current-only
TPEX,2026-01-16,unknown,unknown,unknown,current-only,unknown,current-only,unknown,partial,fundamental-coverage-limited-to-2026-06-and-2026Q1;market-status-current-only;no-dated-corporate-action-observation;no-durable-daily-price-observation;no-official-session-record-for-market-date;security-lifecycle-current-only
TWSE,2026-01-17,unknown,unknown,unknown,current-only,unknown,current-only,unknown,partial,fundamental-coverage-limited-to-2026-06-and-2026Q1;market-status-current-only;no-dated-corporate-action-observation;no-durable-daily-price-observation;no-official-session-record-for-market-date;security-lifecycle-current-only
TPEX,2026-01-17,unknown,unknown,unknown,current-only,unknown,current-only,unknown,partial,fundamental-coverage-limited-to-2026-06-and-2026Q1;market-status-current-only;no-dated-corporate-action-observation;no-durable-daily-price-observation;no-official-session-record-for-market-date;security-lifecycle-current-only
TWSE,2026-01-18,unknown,unknown,unknown,current-only,unknown,current-only,unknown,partial,fundamental-coverage-limited-to-2026-06-and-2026Q1;market-status-current-only;no-dated-corporate-action-observation;no-durable-daily-price-observation;no-official-session-record-for-market-date;security-lifecycle-current-only
TPEX,2026-01-18,unknown,unknown,unknown,current-only,unknown,current-only,unknown,partial,fundamental-coverage-limited-to-2026-06-and-2026Q1;market-status-current-only;no-dated-corporate-action-observation;no-durable-daily-price-observation;no-official-session-record-for-market-date;security-lifecycle-current-only
TWSE,2026-01-19,unknown,unknown,unknown,current-only,unknown,current-only,unknown,partial,fundamental-coverage-limited-to-2026-06-and-2026Q1;market-status-current-only;no-dated-corporate-action-observation;no-durable-daily-price-observation;no-official-session-record-for-market-date;security-lifecycle-current-only
TPEX,2026-01-19,unknown,unknown,unknown,current-only,unknown,current-only,unknown,partial,fundamental-coverage-limited-to-2026-06-and-2026Q1;market-status-current-only;no-dated-corporate-action-observation;no-durable-daily-price-observation;no-official-session-record-for-market-date;security-lifecycle-current-only
TWSE,2026-01-20,unknown,unknown,unknown,current-only,unknown,current-only,unknown,partial,fundamental-coverage-limited-to-2026-06-and-2026Q1;market-status-current-only;no-dated-corporate-action-observation;no-durable-daily-price-observation;no-official-session-record-for-market-date;security-lifecycle-current-only
TPEX,2026-01-20,unknown,unknown,unknown,current-only,unknown,current-only,unknown,partial,fundamental-coverage-limited-to-2026-06-and-2026Q1;market-status-current-only;no-dated-corporate-action-observation;no-durable-daily-price-observation;no-official-session-record-for-market-date;security-lifecycle-current-only
TWSE,2026-01-21,unknown,unknown,unknown,current-only,unknown,current-only,unknown,partial,fundamental-coverage-limited-to-2026-06-and-2026Q1;market-status-current-only;no-dated-corporate-action-observation;no-durable-daily-price-observation;no-official-session-record-for-market-date;security-lifecycle-current-only
TPEX,2026-01-21,unknown,unknown,unknown,current-only,unknown,current-only,unknown,partial,fundamental-coverage-limited-to-2026-06-and-2026Q1;market-status-current-only;no-dated-corporate-action-observation;no-durable-daily-price-observation;no-official-session-record-for-market-date;security-lifecycle-current-only
TWSE,2026-01-22,unknown,unknown,unknown,current-only,unknown,current-only,unknown,partial,fundamental-coverage-limited-to-2026-06-and-2026Q1;market-status-current-only;no-dated-corporate-action-observation;no-durable-daily-price-observation;no-official-session-record-for-market-date;security-lifecycle-current-only
TPEX,2026-01-22,unknown,unknown,unknown,current-only,unknown,current-only,unknown,partial,fundamental-coverage-limited-to-2026-06-and-2026Q1;market-status-current-only;no-dated-corporate-action-observation;no-durable-daily-price-observation;no-official-session-record-for-market-date;security-lifecycle-current-only
TWSE,2026-01-23,unknown,unknown,unknown,current-only,unknown,current-only,unknown,partial,fundamental-coverage-limited-to-2026-06-and-2026Q1;market-status-current-only;no-dated-corporate-action-observation;no-durable-daily-price-observation;no-official-session-record-for-market-date;security-lifecycle-current-only
TPEX,2026-01-23,unknown,unknown,unknown,current-only,unknown,current-only,unknown,partial,fundamental-coverage-limited-to-2026-06-and-2026Q1;market-status-current-only;no-dated-corporate-action-observation;no-durable-daily-price-observation;no-official-session-record-for-market-date;security-lifecycle-current-only
TWSE,2026-01-24,unknown,unknown,unknown,current-only,unknown,current-only,unknown,partial,fundamental-coverage-limited-to-2026-06-and-2026Q1;market-status-current-only;no-dated-corporate-action-observation;no-durable-daily-price-observation;no-official-session-record-for-market-date;security-lifecycle-current-only
TPEX,2026-01-24,unknown,unknown,unknown,current-only,unknown,current-only,unknown,partial,fundamental-coverage-limited-to-2026-06-and-2026Q1;market-status-current-only;no-dated-corporate-action-observation;no-durable-daily-price-observation;no-official-session-record-for-market-date;security-lifecycle-current-only
TWSE,2026-01-25,unknown,unknown,unknown,current-only,unknown,current-only,unknown,partial,fundamental-coverage-limited-to-2026-06-and-2026Q1;market-status-current-only;no-dated-corporate-action-observation;no-durable-daily-price-observation;no-official-session-record-for-market-date;security-lifecycle-current-only
TPEX,2026-01-25,unknown,unknown,unknown,current-only,unknown,current-only,unknown,partial,fundamental-coverage-limited-to-2026-06-and-2026Q1;market-status-current-only;no-dated-corporate-action-observation;no-durable-daily-price-observation;no-official-session-record-for-market-date;security-lifecycle-current-only
TWSE,2026-01-26,unknown,unknown,unknown,current-only,unknown,current-only,unknown,partial,fundamental-coverage-limited-to-2026-06-and-2026Q1;market-status-current-only;no-dated-corporate-action-observation;no-durable-daily-price-observation;no-official-session-record-for-market-date;security-lifecycle-current-only
TPEX,2026-01-26,unknown,unknown,unknown,current-only,unknown,current-only,unknown,partial,fundamental-coverage-limited-to-2026-06-and-2026Q1;market-status-current-only;no-dated-corporate-action-observation;no-durable-daily-price-observation;no-official-session-record-for-market-date;security-lifecycle-current-only
TWSE,2026-01-27,unknown,unknown,unknown,current-only,unknown,current-only,unknown,partial,fundamental-coverage-limited-to-2026-06-and-2026Q1;market-status-current-only;no-dated-corporate-action-observation;no-durable-daily-price-observation;no-official-session-record-for-market-date;security-lifecycle-current-only
TPEX,2026-01-27,unknown,unknown,unknown,current-only,unknown,current-only,unknown,partial,fundamental-coverage-limited-to-2026-06-and-2026Q1;market-status-current-only;no-dated-corporate-action-observation;no-durable-daily-price-observation;no-official-session-record-for-market-date;security-lifecycle-current-only
TWSE,2026-01-28,unknown,unknown,unknown,current-only,unknown,current-only,unknown,partial,fundamental-coverage-limited-to-2026-06-and-2026Q1;market-status-current-only;no-dated-corporate-action-observation;no-durable-daily-price-observation;no-official-session-record-for-market-date;security-lifecycle-current-only
TPEX,2026-01-28,unknown,unknown,unknown,current-only,unknown,current-only,unknown,partial,fundamental-coverage-limited-to-2026-06-and-2026Q1;market-status-current-only;no-dated-corporate-action-observation;no-durable-daily-price-observation;no-official-session-record-for-market-date;security-lifecycle-current-only
TWSE,2026-01-29,unknown,unknown,unknown,current-only,unknown,current-only,unknown,partial,fundamental-coverage-limited-to-2026-06-and-2026Q1;market-status-current-only;no-dated-corporate-action-observation;no-durable-daily-price-observation;no-official-session-record-for-market-date;security-lifecycle-current-only
TPEX,2026-01-29,unknown,unknown,unknown,current-only,unknown,current-only,unknown,partial,fundamental-coverage-limited-to-2026-06-and-2026Q1;market-status-current-only;no-dated-corporate-action-observation;no-durable-daily-price-observation;no-official-session-record-for-market-date;security-lifecycle-current-only
TWSE,2026-01-30,unknown,unknown,unknown,current-only,unknown,current-only,unknown,partial,fundamental-coverage-limited-to-2026-06-and-2026Q1;market-status-current-only;no-dated-corporate-action-observation;no-durable-daily-price-observation;no-official-session-record-for-market-date;security-lifecycle-current-only
TPEX,2026-01-30,unknown,unknown,unknown,current-only,unknown,current-only,unknown,partial,fundamental-coverage-limited-to-2026-06-and-2026Q1;market-status-current-only;no-dated-corporate-action-observation;no-durable-daily-price-observation;no-official-session-record-for-market-date;security-lifecycle-current-only
TWSE,2026-01-31,unknown,unknown,unknown,current-only,unknown,current-only,unknown,partial,fundamental-coverage-limited-to-2026-06-and-2026Q1;market-status-current-only;no-dated-corporate-action-observation;no-durable-daily-price-observation;no-official-session-record-for-market-date;security-lifecycle-current-only
TPEX,2026-01-31,unknown,unknown,unknown,current-only,unknown,current-only,unknown,partial,fundamental-coverage-limited-to-2026-06-and-2026Q1;market-status-current-only;no-dated-corporate-action-observation;no-durable-daily-price-observation;no-official-session-record-for-market-date;security-lifecycle-current-only
TWSE,2026-02-01,unknown,unknown,unknown,current-only,unknown,current-only,unknown,partial,fundamental-coverage-limited-to-2026-06-and-2026Q1;market-status-current-only;no-dated-corporate-action-observation;no-durable-daily-price-observation;no-official-session-record-for-market-date;security-lifecycle-current-only
TPEX,2026-02-01,unknown,unknown,unknown,current-only,unknown,current-only,unknown,partial,fundamental-coverage-limited-to-2026-06-and-2026Q1;market-status-current-only;no-dated-corporate-action-observation;no-durable-daily-price-observation;no-official-session-record-for-market-date;security-lifecycle-current-only
TWSE,2026-02-02,unknown,unknown,unknown,current-only,unknown,current-only,unknown,partial,fundamental-coverage-limited-to-2026-06-and-2026Q1;market-status-current-only;no-dated-corporate-action-observation;no-durable-daily-price-observation;no-official-session-record-for-market-date;security-lifecycle-current-only
TPEX,2026-02-02,unknown,unknown,unknown,current-only,unknown,current-only,unknown,partial,fundamental-coverage-limited-to-2026-06-and-2026Q1;market-status-current-only;no-dated-corporate-action-observation;no-durable-daily-price-observation;no-official-session-record-for-market-date;security-lifecycle-current-only
TWSE,2026-02-03,unknown,unknown,unknown,current-only,unknown,current-only,unknown,partial,fundamental-coverage-limited-to-2026-06-and-2026Q1;market-status-current-only;no-dated-corporate-action-observation;no-durable-daily-price-observation;no-official-session-record-for-market-date;security-lifecycle-current-only
TPEX,2026-02-03,unknown,unknown,unknown,current-only,unknown,current-only,unknown,partial,fundamental-coverage-limited-to-2026-06-and-2026Q1;market-status-current-only;no-dated-corporate-action-observation;no-durable-daily-price-observation;no-official-session-record-for-market-date;security-lifecycle-current-only
TWSE,2026-02-04,unknown,unknown,unknown,current-only,unknown,current-only,unknown,partial,fundamental-coverage-limited-to-2026-06-and-2026Q1;market-status-current-only;no-dated-corporate-action-observation;no-durable-daily-price-observation;no-official-session-record-for-market-date;security-lifecycle-current-only
TPEX,2026-02-04,unknown,unknown,unknown,current-only,unknown,current-only,unknown,partial,fundamental-coverage-limited-to-2026-06-and-2026Q1;market-status-current-only;no-dated-corporate-action-observation;no-durable-daily-price-observation;no-official-session-record-for-market-date;security-lifecycle-current-only
TWSE,2026-02-05,unknown,unknown,unknown,current-only,unknown,current-only,unknown,partial,fundamental-coverage-limited-to-2026-06-and-2026Q1;market-status-current-only;no-dated-corporate-action-observation;no-durable-daily-price-observation;no-official-session-record-for-market-date;security-lifecycle-current-only
TPEX,2026-02-05,unknown,unknown,unknown,current-only,unknown,current-only,unknown,partial,fundamental-coverage-limited-to-2026-06-and-2026Q1;market-status-current-only;no-dated-corporate-action-observation;no-durable-daily-price-observation;no-official-session-record-for-market-date;security-lifecycle-current-only
TWSE,2026-02-06,unknown,unknown,unknown,current-only,unknown,current-only,unknown,partial,fundamental-coverage-limited-to-2026-06-and-2026Q1;market-status-current-only;no-dated-corporate-action-observation;no-durable-daily-price-observation;no-official-session-record-for-market-date;security-lifecycle-current-only
TPEX,2026-02-06,unknown,unknown,unknown,current-only,unknown,current-only,unknown,partial,fundamental-coverage-limited-to-2026-06-and-2026Q1;market-status-current-only;no-dated-corporate-action-observation;no-durable-daily-price-observation;no-official-session-record-for-market-date;security-lifecycle-current-only
TWSE,2026-02-07,unknown,unknown,unknown,current-only,unknown,current-only,unknown,partial,fundamental-coverage-limited-to-2026-06-and-2026Q1;market-status-current-only;no-dated-corporate-action-observation;no-durable-daily-price-observation;no-official-session-record-for-market-date;security-lifecycle-current-only
TPEX,2026-02-07,unknown,unknown,unknown,current-only,unknown,current-only,unknown,partial,fundamental-coverage-limited-to-2026-06-and-2026Q1;market-status-current-only;no-dated-corporate-action-observation;no-durable-daily-price-observation;no-official-session-record-for-market-date;security-lifecycle-current-only
TWSE,2026-02-08,unknown,unknown,unknown,current-only,unknown,current-only,unknown,partial,fundamental-coverage-limited-to-2026-06-and-2026Q1;market-status-current-only;no-dated-corporate-action-observation;no-durable-daily-price-observation;no-official-session-record-for-market-date;security-lifecycle-current-only
TPEX,2026-02-08,unknown,unknown,unknown,current-only,unknown,current-only,unknown,partial,fundamental-coverage-limited-to-2026-06-and-2026Q1;market-status-current-only;no-dated-corporate-action-observation;no-durable-daily-price-observation;no-official-session-record-for-market-date;security-lifecycle-current-only
TWSE,2026-02-09,unknown,unknown,unknown,current-only,unknown,current-only,unknown,partial,fundamental-coverage-limited-to-2026-06-and-2026Q1;market-status-current-only;no-dated-corporate-action-observation;no-durable-daily-price-observation;no-official-session-record-for-market-date;security-lifecycle-current-only
TPEX,2026-02-09,unknown,unknown,unknown,current-only,unknown,current-only,unknown,partial,fundamental-coverage-limited-to-2026-06-and-2026Q1;market-status-current-only;no-dated-corporate-action-observation;no-durable-daily-price-observation;no-official-session-record-for-market-date;security-lifecycle-current-only
TWSE,2026-02-10,unknown,unknown,unknown,current-only,unknown,current-only,unknown,partial,fundamental-coverage-limited-to-2026-06-and-2026Q1;market-status-current-only;no-dated-corporate-action-observation;no-durable-daily-price-observation;no-official-session-record-for-market-date;security-lifecycle-current-only
TPEX,2026-02-10,unknown,unknown,unknown,current-only,unknown,current-only,unknown,partial,fundamental-coverage-limited-to-2026-06-and-2026Q1;market-status-current-only;no-dated-corporate-action-observation;no-durable-daily-price-observation;no-official-session-record-for-market-date;security-lifecycle-current-only
TWSE,2026-02-11,unknown,unknown,unknown,current-only,unknown,current-only,unknown,partial,fundamental-coverage-limited-to-2026-06-and-2026Q1;market-status-current-only;no-dated-corporate-action-observation;no-durable-daily-price-observation;no-official-session-record-for-market-date;security-lifecycle-current-only
TPEX,2026-02-11,unknown,unknown,unknown,current-only,unknown,current-only,unknown,partial,fundamental-coverage-limited-to-2026-06-and-2026Q1;market-status-current-only;no-dated-corporate-action-observation;no-durable-daily-price-observation;no-official-session-record-for-market-date;security-lifecycle-current-only
TWSE,2026-02-12,official-closed,not-session,covered,current-only,unknown,current-only,unknown,partial,fundamental-coverage-limited-to-2026-06-and-2026Q1;market-status-current-only;no-dated-corporate-action-observation;no-durable-daily-price-observation;security-lifecycle-current-only
TPEX,2026-02-12,unknown,unknown,unknown,current-only,unknown,current-only,unknown,partial,fundamental-coverage-limited-to-2026-06-and-2026Q1;market-status-current-only;no-dated-corporate-action-observation;no-durable-daily-price-observation;no-official-session-record-for-market-date;security-lifecycle-current-only
TWSE,2026-02-13,official-closed,not-session,covered,current-only,unknown,current-only,unknown,partial,fundamental-coverage-limited-to-2026-06-and-2026Q1;market-status-current-only;no-dated-corporate-action-observation;no-durable-daily-price-observation;security-lifecycle-current-only
TPEX,2026-02-13,unknown,unknown,unknown,current-only,unknown,current-only,unknown,partial,fundamental-coverage-limited-to-2026-06-and-2026Q1;market-status-current-only;no-dated-corporate-action-observation;no-durable-daily-price-observation;no-official-session-record-for-market-date;security-lifecycle-current-only
TWSE,2026-02-14,unknown,unknown,unknown,current-only,unknown,current-only,unknown,partial,fundamental-coverage-limited-to-2026-06-and-2026Q1;market-status-current-only;no-dated-corporate-action-observation;no-durable-daily-price-observation;no-official-session-record-for-market-date;security-lifecycle-current-only
TPEX,2026-02-14,unknown,unknown,unknown,current-only,unknown,current-only,unknown,partial,fundamental-coverage-limited-to-2026-06-and-2026Q1;market-status-current-only;no-dated-corporate-action-observation;no-durable-daily-price-observation;no-official-session-record-for-market-date;security-lifecycle-current-only
TWSE,2026-02-15,official-closed,not-session,covered,current-only,unknown,current-only,unknown,partial,fundamental-coverage-limited-to-2026-06-and-2026Q1;market-status-current-only;no-dated-corporate-action-observation;no-durable-daily-price-observation;security-lifecycle-current-only
TPEX,2026-02-15,unknown,unknown,unknown,current-only,unknown,current-only,unknown,partial,fundamental-coverage-limited-to-2026-06-and-2026Q1;market-status-current-only;no-dated-corporate-action-observation;no-durable-daily-price-observation;no-official-session-record-for-market-date;security-lifecycle-current-only
TWSE,2026-02-16,official-closed,not-session,covered,current-only,unknown,current-only,unknown,partial,fundamental-coverage-limited-to-2026-06-and-2026Q1;market-status-current-only;no-dated-corporate-action-observation;no-durable-daily-price-observation;security-lifecycle-current-only
TPEX,2026-02-16,unknown,unknown,unknown,current-only,unknown,current-only,unknown,partial,fundamental-coverage-limited-to-2026-06-and-2026Q1;market-status-current-only;no-dated-corporate-action-observation;no-durable-daily-price-observation;no-official-session-record-for-market-date;security-lifecycle-current-only
TWSE,2026-02-17,official-closed,not-session,covered,current-only,unknown,current-only,unknown,partial,fundamental-coverage-limited-to-2026-06-and-2026Q1;market-status-current-only;no-dated-corporate-action-observation;no-durable-daily-price-observation;security-lifecycle-current-only
TPEX,2026-02-17,unknown,unknown,unknown,current-only,unknown,current-only,unknown,partial,fundamental-coverage-limited-to-2026-06-and-2026Q1;market-status-current-only;no-dated-corporate-action-observation;no-durable-daily-price-observation;no-official-session-record-for-market-date;security-lifecycle-current-only
TWSE,2026-02-18,official-closed,not-session,covered,current-only,unknown,current-only,unknown,partial,fundamental-coverage-limited-to-2026-06-and-2026Q1;market-status-current-only;no-dated-corporate-action-observation;no-durable-daily-price-observation;security-lifecycle-current-only
TPEX,2026-02-18,unknown,unknown,unknown,current-only,unknown,current-only,unknown,partial,fundamental-coverage-limited-to-2026-06-and-2026Q1;market-status-current-only;no-dated-corporate-action-observation;no-durable-daily-price-observation;no-official-session-record-for-market-date;security-lifecycle-current-only
TWSE,2026-02-19,official-closed,not-session,covered,current-only,unknown,current-only,unknown,partial,fundamental-coverage-limited-to-2026-06-and-2026Q1;market-status-current-only;no-dated-corporate-action-observation;no-durable-daily-price-observation;security-lifecycle-current-only
TPEX,2026-02-19,unknown,unknown,unknown,current-only,unknown,current-only,unknown,partial,fundamental-coverage-limited-to-2026-06-and-2026Q1;market-status-current-only;no-dated-corporate-action-observation;no-durable-daily-price-observation;no-official-session-record-for-market-date;security-lifecycle-current-only
TWSE,2026-02-20,official-closed,not-session,covered,current-only,unknown,current-only,unknown,partial,fundamental-coverage-limited-to-2026-06-and-2026Q1;market-status-current-only;no-dated-corporate-action-observation;no-durable-daily-price-observation;security-lifecycle-current-only
TPEX,2026-02-20,unknown,unknown,unknown,current-only,unknown,current-only,unknown,partial,fundamental-coverage-limited-to-2026-06-and-2026Q1;market-status-current-only;no-dated-corporate-action-observation;no-durable-daily-price-observation;no-official-session-record-for-market-date;security-lifecycle-current-only
TWSE,2026-02-21,unknown,unknown,unknown,current-only,unknown,current-only,unknown,partial,fundamental-coverage-limited-to-2026-06-and-2026Q1;market-status-current-only;no-dated-corporate-action-observation;no-durable-daily-price-observation;no-official-session-record-for-market-date;security-lifecycle-current-only
TPEX,2026-02-21,unknown,unknown,unknown,current-only,unknown,current-only,unknown,partial,fundamental-coverage-limited-to-2026-06-and-2026Q1;market-status-current-only;no-dated-corporate-action-observation;no-durable-daily-price-observation;no-official-session-record-for-market-date;security-lifecycle-current-only
TWSE,2026-02-22,unknown,unknown,unknown,current-only,unknown,current-only,unknown,partial,fundamental-coverage-limited-to-2026-06-and-2026Q1;market-status-current-only;no-dated-corporate-action-observation;no-durable-daily-price-observation;no-official-session-record-for-market-date;security-lifecycle-current-only
TPEX,2026-02-22,unknown,unknown,unknown,current-only,unknown,current-only,unknown,partial,fundamental-coverage-limited-to-2026-06-and-2026Q1;market-status-current-only;no-dated-corporate-action-observation;no-durable-daily-price-observation;no-official-session-record-for-market-date;security-lifecycle-current-only
TWSE,2026-02-23,unknown,unknown,unknown,current-only,unknown,current-only,unknown,partial,fundamental-coverage-limited-to-2026-06-and-2026Q1;market-status-current-only;no-dated-corporate-action-observation;no-durable-daily-price-observation;no-official-session-record-for-market-date;security-lifecycle-current-only
TPEX,2026-02-23,unknown,unknown,unknown,current-only,unknown,current-only,unknown,partial,fundamental-coverage-limited-to-2026-06-and-2026Q1;market-status-current-only;no-dated-corporate-action-observation;no-durable-daily-price-observation;no-official-session-record-for-market-date;security-lifecycle-current-only
TWSE,2026-02-24,unknown,unknown,unknown,current-only,unknown,current-only,unknown,partial,fundamental-coverage-limited-to-2026-06-and-2026Q1;market-status-current-only;no-dated-corporate-action-observation;no-durable-daily-price-observation;no-official-session-record-for-market-date;security-lifecycle-current-only
TPEX,2026-02-24,unknown,unknown,unknown,current-only,unknown,current-only,unknown,partial,fundamental-coverage-limited-to-2026-06-and-2026Q1;market-status-current-only;no-dated-corporate-action-observation;no-durable-daily-price-observation;no-official-session-record-for-market-date;security-lifecycle-current-only
TWSE,2026-02-25,unknown,unknown,unknown,current-only,unknown,current-only,unknown,partial,fundamental-coverage-limited-to-2026-06-and-2026Q1;market-status-current-only;no-dated-corporate-action-observation;no-durable-daily-price-observation;no-official-session-record-for-market-date;security-lifecycle-current-only
TPEX,2026-02-25,unknown,unknown,unknown,current-only,unknown,current-only,unknown,partial,fundamental-coverage-limited-to-2026-06-and-2026Q1;market-status-current-only;no-dated-corporate-action-observation;no-durable-daily-price-observation;no-official-session-record-for-market-date;security-lifecycle-current-only
TWSE,2026-02-26,unknown,unknown,unknown,current-only,unknown,current-only,unknown,partial,fundamental-coverage-limited-to-2026-06-and-2026Q1;market-status-current-only;no-dated-corporate-action-observation;no-durable-daily-price-observation;no-official-session-record-for-market-date;security-lifecycle-current-only
TPEX,2026-02-26,unknown,unknown,unknown,current-only,unknown,current-only,unknown,partial,fundamental-coverage-limited-to-2026-06-and-2026Q1;market-status-current-only;no-dated-corporate-action-observation;no-durable-daily-price-observation;no-official-session-record-for-market-date;security-lifecycle-current-only
TWSE,2026-02-27,official-closed,not-session,covered,current-only,unknown,current-only,unknown,partial,fundamental-coverage-limited-to-2026-06-and-2026Q1;market-status-current-only;no-dated-corporate-action-observation;no-durable-daily-price-observation;security-lifecycle-current-only
TPEX,2026-02-27,unknown,unknown,unknown,current-only,unknown,current-only,unknown,partial,fundamental-coverage-limited-to-2026-06-and-2026Q1;market-status-current-only;no-dated-corporate-action-observation;no-durable-daily-price-observation;no-official-session-record-for-market-date;security-lifecycle-current-only
TWSE,2026-02-28,official-closed,not-session,covered,current-only,unknown,current-only,unknown,partial,fundamental-coverage-limited-to-2026-06-and-2026Q1;market-status-current-only;no-dated-corporate-action-observation;no-durable-daily-price-observation;security-lifecycle-current-only
TPEX,2026-02-28,unknown,unknown,unknown,current-only,unknown,current-only,unknown,partial,fundamental-coverage-limited-to-2026-06-and-2026Q1;market-status-current-only;no-dated-corporate-action-observation;no-durable-daily-price-observation;no-official-session-record-for-market-date;security-lifecycle-current-only
TWSE,2026-03-01,unknown,unknown,unknown,current-only,unknown,current-only,unknown,partial,fundamental-coverage-limited-to-2026-06-and-2026Q1;market-status-current-only;no-dated-corporate-action-observation;no-durable-daily-price-observation;no-official-session-record-for-market-date;security-lifecycle-current-only
TPEX,2026-03-01,unknown,unknown,unknown,current-only,unknown,current-only,unknown,partial,fundamental-coverage-limited-to-2026-06-and-2026Q1;market-status-current-only;no-dated-corporate-action-observation;no-durable-daily-price-observation;no-official-session-record-for-market-date;security-lifecycle-current-only
TWSE,2026-03-02,unknown,unknown,unknown,current-only,unknown,current-only,unknown,partial,fundamental-coverage-limited-to-2026-06-and-2026Q1;market-status-current-only;no-dated-corporate-action-observation;no-durable-daily-price-observation;no-official-session-record-for-market-date;security-lifecycle-current-only
TPEX,2026-03-02,unknown,unknown,unknown,current-only,unknown,current-only,unknown,partial,fundamental-coverage-limited-to-2026-06-and-2026Q1;market-status-current-only;no-dated-corporate-action-observation;no-durable-daily-price-observation;no-official-session-record-for-market-date;security-lifecycle-current-only
TWSE,2026-03-03,unknown,unknown,unknown,current-only,unknown,current-only,unknown,partial,fundamental-coverage-limited-to-2026-06-and-2026Q1;market-status-current-only;no-dated-corporate-action-observation;no-durable-daily-price-observation;no-official-session-record-for-market-date;security-lifecycle-current-only
TPEX,2026-03-03,unknown,unknown,unknown,current-only,unknown,current-only,unknown,partial,fundamental-coverage-limited-to-2026-06-and-2026Q1;market-status-current-only;no-dated-corporate-action-observation;no-durable-daily-price-observation;no-official-session-record-for-market-date;security-lifecycle-current-only
TWSE,2026-03-04,unknown,unknown,unknown,current-only,unknown,current-only,unknown,partial,fundamental-coverage-limited-to-2026-06-and-2026Q1;market-status-current-only;no-dated-corporate-action-observation;no-durable-daily-price-observation;no-official-session-record-for-market-date;security-lifecycle-current-only
TPEX,2026-03-04,unknown,unknown,unknown,current-only,unknown,current-only,unknown,partial,fundamental-coverage-limited-to-2026-06-and-2026Q1;market-status-current-only;no-dated-corporate-action-observation;no-durable-daily-price-observation;no-official-session-record-for-market-date;security-lifecycle-current-only
TWSE,2026-03-05,unknown,unknown,unknown,current-only,unknown,current-only,unknown,partial,fundamental-coverage-limited-to-2026-06-and-2026Q1;market-status-current-only;no-dated-corporate-action-observation;no-durable-daily-price-observation;no-official-session-record-for-market-date;security-lifecycle-current-only
TPEX,2026-03-05,unknown,unknown,unknown,current-only,unknown,current-only,unknown,partial,fundamental-coverage-limited-to-2026-06-and-2026Q1;market-status-current-only;no-dated-corporate-action-observation;no-durable-daily-price-observation;no-official-session-record-for-market-date;security-lifecycle-current-only
TWSE,2026-03-06,unknown,unknown,unknown,current-only,unknown,current-only,unknown,partial,fundamental-coverage-limited-to-2026-06-and-2026Q1;market-status-current-only;no-dated-corporate-action-observation;no-durable-daily-price-observation;no-official-session-record-for-market-date;security-lifecycle-current-only
TPEX,2026-03-06,unknown,unknown,unknown,current-only,unknown,current-only,unknown,partial,fundamental-coverage-limited-to-2026-06-and-2026Q1;market-status-current-only;no-dated-corporate-action-observation;no-durable-daily-price-observation;no-official-session-record-for-market-date;security-lifecycle-current-only
TWSE,2026-03-07,unknown,unknown,unknown,current-only,unknown,current-only,unknown,partial,fundamental-coverage-limited-to-2026-06-and-2026Q1;market-status-current-only;no-dated-corporate-action-observation;no-durable-daily-price-observation;no-official-session-record-for-market-date;security-lifecycle-current-only
TPEX,2026-03-07,unknown,unknown,unknown,current-only,unknown,current-only,unknown,partial,fundamental-coverage-limited-to-2026-06-and-2026Q1;market-status-current-only;no-dated-corporate-action-observation;no-durable-daily-price-observation;no-official-session-record-for-market-date;security-lifecycle-current-only
TWSE,2026-03-08,unknown,unknown,unknown,current-only,unknown,current-only,unknown,partial,fundamental-coverage-limited-to-2026-06-and-2026Q1;market-status-current-only;no-dated-corporate-action-observation;no-durable-daily-price-observation;no-official-session-record-for-market-date;security-lifecycle-current-only
TPEX,2026-03-08,unknown,unknown,unknown,current-only,unknown,current-only,unknown,partial,fundamental-coverage-limited-to-2026-06-and-2026Q1;market-status-current-only;no-dated-corporate-action-observation;no-durable-daily-price-observation;no-official-session-record-for-market-date;security-lifecycle-current-only
TWSE,2026-03-09,unknown,unknown,unknown,current-only,unknown,current-only,unknown,partial,fundamental-coverage-limited-to-2026-06-and-2026Q1;market-status-current-only;no-dated-corporate-action-observation;no-durable-daily-price-observation;no-official-session-record-for-market-date;security-lifecycle-current-only
TPEX,2026-03-09,unknown,unknown,unknown,current-only,unknown,current-only,unknown,partial,fundamental-coverage-limited-to-2026-06-and-2026Q1;market-status-current-only;no-dated-corporate-action-observation;no-durable-daily-price-observation;no-official-session-record-for-market-date;security-lifecycle-current-only
TWSE,2026-03-10,unknown,unknown,unknown,current-only,unknown,current-only,unknown,partial,fundamental-coverage-limited-to-2026-06-and-2026Q1;market-status-current-only;no-dated-corporate-action-observation;no-durable-daily-price-observation;no-official-session-record-for-market-date;security-lifecycle-current-only
TPEX,2026-03-10,unknown,unknown,unknown,current-only,unknown,current-only,unknown,partial,fundamental-coverage-limited-to-2026-06-and-2026Q1;market-status-current-only;no-dated-corporate-action-observation;no-durable-daily-price-observation;no-official-session-record-for-market-date;security-lifecycle-current-only
TWSE,2026-03-11,unknown,unknown,unknown,current-only,unknown,current-only,unknown,partial,fundamental-coverage-limited-to-2026-06-and-2026Q1;market-status-current-only;no-dated-corporate-action-observation;no-durable-daily-price-observation;no-official-session-record-for-market-date;security-lifecycle-current-only
TPEX,2026-03-11,unknown,unknown,unknown,current-only,unknown,current-only,unknown,partial,fundamental-coverage-limited-to-2026-06-and-2026Q1;market-status-current-only;no-dated-corporate-action-observation;no-durable-daily-price-observation;no-official-session-record-for-market-date;security-lifecycle-current-only
TWSE,2026-03-12,unknown,unknown,unknown,current-only,unknown,current-only,unknown,partial,fundamental-coverage-limited-to-2026-06-and-2026Q1;market-status-current-only;no-dated-corporate-action-observation;no-durable-daily-price-observation;no-official-session-record-for-market-date;security-lifecycle-current-only
TPEX,2026-03-12,unknown,unknown,unknown,current-only,unknown,current-only,unknown,partial,fundamental-coverage-limited-to-2026-06-and-2026Q1;market-status-current-only;no-dated-corporate-action-observation;no-durable-daily-price-observation;no-official-session-record-for-market-date;security-lifecycle-current-only
TWSE,2026-03-13,unknown,unknown,unknown,current-only,unknown,current-only,unknown,partial,fundamental-coverage-limited-to-2026-06-and-2026Q1;market-status-current-only;no-dated-corporate-action-observation;no-durable-daily-price-observation;no-official-session-record-for-market-date;security-lifecycle-current-only
TPEX,2026-03-13,unknown,unknown,unknown,current-only,unknown,current-only,unknown,partial,fundamental-coverage-limited-to-2026-06-and-2026Q1;market-status-current-only;no-dated-corporate-action-observation;no-durable-daily-price-observation;no-official-session-record-for-market-date;security-lifecycle-current-only
TWSE,2026-03-14,unknown,unknown,unknown,current-only,unknown,current-only,unknown,partial,fundamental-coverage-limited-to-2026-06-and-2026Q1;market-status-current-only;no-dated-corporate-action-observation;no-durable-daily-price-observation;no-official-session-record-for-market-date;security-lifecycle-current-only
TPEX,2026-03-14,unknown,unknown,unknown,current-only,unknown,current-only,unknown,partial,fundamental-coverage-limited-to-2026-06-and-2026Q1;market-status-current-only;no-dated-corporate-action-observation;no-durable-daily-price-observation;no-official-session-record-for-market-date;security-lifecycle-current-only
TWSE,2026-03-15,unknown,unknown,unknown,current-only,unknown,current-only,unknown,partial,fundamental-coverage-limited-to-2026-06-and-2026Q1;market-status-current-only;no-dated-corporate-action-observation;no-durable-daily-price-observation;no-official-session-record-for-market-date;security-lifecycle-current-only
TPEX,2026-03-15,unknown,unknown,unknown,current-only,unknown,current-only,unknown,partial,fundamental-coverage-limited-to-2026-06-and-2026Q1;market-status-current-only;no-dated-corporate-action-observation;no-durable-daily-price-observation;no-official-session-record-for-market-date;security-lifecycle-current-only
TWSE,2026-03-16,unknown,unknown,unknown,current-only,unknown,current-only,unknown,partial,fundamental-coverage-limited-to-2026-06-and-2026Q1;market-status-current-only;no-dated-corporate-action-observation;no-durable-daily-price-observation;no-official-session-record-for-market-date;security-lifecycle-current-only
TPEX,2026-03-16,unknown,unknown,unknown,current-only,unknown,current-only,unknown,partial,fundamental-coverage-limited-to-2026-06-and-2026Q1;market-status-current-only;no-dated-corporate-action-observation;no-durable-daily-price-observation;no-official-session-record-for-market-date;security-lifecycle-current-only
TWSE,2026-03-17,unknown,unknown,unknown,current-only,unknown,current-only,unknown,partial,fundamental-coverage-limited-to-2026-06-and-2026Q1;market-status-current-only;no-dated-corporate-action-observation;no-durable-daily-price-observation;no-official-session-record-for-market-date;security-lifecycle-current-only
TPEX,2026-03-17,unknown,unknown,unknown,current-only,unknown,current-only,unknown,partial,fundamental-coverage-limited-to-2026-06-and-2026Q1;market-status-current-only;no-dated-corporate-action-observation;no-durable-daily-price-observation;no-official-session-record-for-market-date;security-lifecycle-current-only
TWSE,2026-03-18,unknown,unknown,unknown,current-only,unknown,current-only,unknown,partial,fundamental-coverage-limited-to-2026-06-and-2026Q1;market-status-current-only;no-dated-corporate-action-observation;no-durable-daily-price-observation;no-official-session-record-for-market-date;security-lifecycle-current-only
TPEX,2026-03-18,unknown,unknown,unknown,current-only,unknown,current-only,unknown,partial,fundamental-coverage-limited-to-2026-06-and-2026Q1;market-status-current-only;no-dated-corporate-action-observation;no-durable-daily-price-observation;no-official-session-record-for-market-date;security-lifecycle-current-only
TWSE,2026-03-19,unknown,unknown,unknown,current-only,unknown,current-only,unknown,partial,fundamental-coverage-limited-to-2026-06-and-2026Q1;market-status-current-only;no-dated-corporate-action-observation;no-durable-daily-price-observation;no-official-session-record-for-market-date;security-lifecycle-current-only
TPEX,2026-03-19,unknown,unknown,unknown,current-only,unknown,current-only,unknown,partial,fundamental-coverage-limited-to-2026-06-and-2026Q1;market-status-current-only;no-dated-corporate-action-observation;no-durable-daily-price-observation;no-official-session-record-for-market-date;security-lifecycle-current-only
TWSE,2026-03-20,unknown,unknown,unknown,current-only,unknown,current-only,unknown,partial,fundamental-coverage-limited-to-2026-06-and-2026Q1;market-status-current-only;no-dated-corporate-action-observation;no-durable-daily-price-observation;no-official-session-record-for-market-date;security-lifecycle-current-only
TPEX,2026-03-20,unknown,unknown,unknown,current-only,unknown,current-only,unknown,partial,fundamental-coverage-limited-to-2026-06-and-2026Q1;market-status-current-only;no-dated-corporate-action-observation;no-durable-daily-price-observation;no-official-session-record-for-market-date;security-lifecycle-current-only
TWSE,2026-03-21,unknown,unknown,unknown,current-only,unknown,current-only,unknown,partial,fundamental-coverage-limited-to-2026-06-and-2026Q1;market-status-current-only;no-dated-corporate-action-observation;no-durable-daily-price-observation;no-official-session-record-for-market-date;security-lifecycle-current-only
TPEX,2026-03-21,unknown,unknown,unknown,current-only,unknown,current-only,unknown,partial,fundamental-coverage-limited-to-2026-06-and-2026Q1;market-status-current-only;no-dated-corporate-action-observation;no-durable-daily-price-observation;no-official-session-record-for-market-date;security-lifecycle-current-only
TWSE,2026-03-22,unknown,unknown,unknown,current-only,unknown,current-only,unknown,partial,fundamental-coverage-limited-to-2026-06-and-2026Q1;market-status-current-only;no-dated-corporate-action-observation;no-durable-daily-price-observation;no-official-session-record-for-market-date;security-lifecycle-current-only
TPEX,2026-03-22,unknown,unknown,unknown,current-only,unknown,current-only,unknown,partial,fundamental-coverage-limited-to-2026-06-and-2026Q1;market-status-current-only;no-dated-corporate-action-observation;no-durable-daily-price-observation;no-official-session-record-for-market-date;security-lifecycle-current-only
TWSE,2026-03-23,unknown,unknown,unknown,current-only,unknown,current-only,unknown,partial,fundamental-coverage-limited-to-2026-06-and-2026Q1;market-status-current-only;no-dated-corporate-action-observation;no-durable-daily-price-observation;no-official-session-record-for-market-date;security-lifecycle-current-only
TPEX,2026-03-23,unknown,unknown,unknown,current-only,unknown,current-only,unknown,partial,fundamental-coverage-limited-to-2026-06-and-2026Q1;market-status-current-only;no-dated-corporate-action-observation;no-durable-daily-price-observation;no-official-session-record-for-market-date;security-lifecycle-current-only
TWSE,2026-03-24,unknown,unknown,unknown,current-only,unknown,current-only,unknown,partial,fundamental-coverage-limited-to-2026-06-and-2026Q1;market-status-current-only;no-dated-corporate-action-observation;no-durable-daily-price-observation;no-official-session-record-for-market-date;security-lifecycle-current-only
TPEX,2026-03-24,unknown,unknown,unknown,current-only,unknown,current-only,unknown,partial,fundamental-coverage-limited-to-2026-06-and-2026Q1;market-status-current-only;no-dated-corporate-action-observation;no-durable-daily-price-observation;no-official-session-record-for-market-date;security-lifecycle-current-only
TWSE,2026-03-25,unknown,unknown,unknown,current-only,unknown,current-only,unknown,partial,fundamental-coverage-limited-to-2026-06-and-2026Q1;market-status-current-only;no-dated-corporate-action-observation;no-durable-daily-price-observation;no-official-session-record-for-market-date;security-lifecycle-current-only
TPEX,2026-03-25,unknown,unknown,unknown,current-only,unknown,current-only,unknown,partial,fundamental-coverage-limited-to-2026-06-and-2026Q1;market-status-current-only;no-dated-corporate-action-observation;no-durable-daily-price-observation;no-official-session-record-for-market-date;security-lifecycle-current-only
TWSE,2026-03-26,unknown,unknown,unknown,current-only,unknown,current-only,unknown,partial,fundamental-coverage-limited-to-2026-06-and-2026Q1;market-status-current-only;no-dated-corporate-action-observation;no-durable-daily-price-observation;no-official-session-record-for-market-date;security-lifecycle-current-only
TPEX,2026-03-26,unknown,unknown,unknown,current-only,unknown,current-only,unknown,partial,fundamental-coverage-limited-to-2026-06-and-2026Q1;market-status-current-only;no-dated-corporate-action-observation;no-durable-daily-price-observation;no-official-session-record-for-market-date;security-lifecycle-current-only
TWSE,2026-03-27,unknown,unknown,unknown,current-only,unknown,current-only,unknown,partial,fundamental-coverage-limited-to-2026-06-and-2026Q1;market-status-current-only;no-dated-corporate-action-observation;no-durable-daily-price-observation;no-official-session-record-for-market-date;security-lifecycle-current-only
TPEX,2026-03-27,unknown,unknown,unknown,current-only,unknown,current-only,unknown,partial,fundamental-coverage-limited-to-2026-06-and-2026Q1;market-status-current-only;no-dated-corporate-action-observation;no-durable-daily-price-observation;no-official-session-record-for-market-date;security-lifecycle-current-only
TWSE,2026-03-28,unknown,unknown,unknown,current-only,unknown,current-only,unknown,partial,fundamental-coverage-limited-to-2026-06-and-2026Q1;market-status-current-only;no-dated-corporate-action-observation;no-durable-daily-price-observation;no-official-session-record-for-market-date;security-lifecycle-current-only
TPEX,2026-03-28,unknown,unknown,unknown,current-only,unknown,current-only,unknown,partial,fundamental-coverage-limited-to-2026-06-and-2026Q1;market-status-current-only;no-dated-corporate-action-observation;no-durable-daily-price-observation;no-official-session-record-for-market-date;security-lifecycle-current-only
TWSE,2026-03-29,unknown,unknown,unknown,current-only,unknown,current-only,unknown,partial,fundamental-coverage-limited-to-2026-06-and-2026Q1;market-status-current-only;no-dated-corporate-action-observation;no-durable-daily-price-observation;no-official-session-record-for-market-date;security-lifecycle-current-only
TPEX,2026-03-29,unknown,unknown,unknown,current-only,unknown,current-only,unknown,partial,fundamental-coverage-limited-to-2026-06-and-2026Q1;market-status-current-only;no-dated-corporate-action-observation;no-durable-daily-price-observation;no-official-session-record-for-market-date;security-lifecycle-current-only
TWSE,2026-03-30,unknown,unknown,unknown,current-only,unknown,current-only,unknown,partial,fundamental-coverage-limited-to-2026-06-and-2026Q1;market-status-current-only;no-dated-corporate-action-observation;no-durable-daily-price-observation;no-official-session-record-for-market-date;security-lifecycle-current-only
TPEX,2026-03-30,unknown,unknown,unknown,current-only,unknown,current-only,unknown,partial,fundamental-coverage-limited-to-2026-06-and-2026Q1;market-status-current-only;no-dated-corporate-action-observation;no-durable-daily-price-observation;no-official-session-record-for-market-date;security-lifecycle-current-only
TWSE,2026-03-31,unknown,unknown,unknown,current-only,unknown,current-only,unknown,partial,fundamental-coverage-limited-to-2026-06-and-2026Q1;market-status-current-only;no-dated-corporate-action-observation;no-durable-daily-price-observation;no-official-session-record-for-market-date;security-lifecycle-current-only
TPEX,2026-03-31,unknown,unknown,unknown,current-only,unknown,current-only,unknown,partial,fundamental-coverage-limited-to-2026-06-and-2026Q1;market-status-current-only;no-dated-corporate-action-observation;no-durable-daily-price-observation;no-official-session-record-for-market-date;security-lifecycle-current-only
TWSE,2026-04-01,unknown,unknown,unknown,current-only,unknown,current-only,unknown,partial,fundamental-coverage-limited-to-2026-06-and-2026Q1;market-status-current-only;no-dated-corporate-action-observation;no-durable-daily-price-observation;no-official-session-record-for-market-date;security-lifecycle-current-only
TPEX,2026-04-01,unknown,unknown,unknown,current-only,unknown,current-only,unknown,partial,fundamental-coverage-limited-to-2026-06-and-2026Q1;market-status-current-only;no-dated-corporate-action-observation;no-durable-daily-price-observation;no-official-session-record-for-market-date;security-lifecycle-current-only
TWSE,2026-04-02,unknown,unknown,unknown,current-only,unknown,current-only,unknown,partial,fundamental-coverage-limited-to-2026-06-and-2026Q1;market-status-current-only;no-dated-corporate-action-observation;no-durable-daily-price-observation;no-official-session-record-for-market-date;security-lifecycle-current-only
TPEX,2026-04-02,unknown,unknown,unknown,current-only,unknown,current-only,unknown,partial,fundamental-coverage-limited-to-2026-06-and-2026Q1;market-status-current-only;no-dated-corporate-action-observation;no-durable-daily-price-observation;no-official-session-record-for-market-date;security-lifecycle-current-only
TWSE,2026-04-03,official-closed,not-session,covered,current-only,unknown,current-only,unknown,partial,fundamental-coverage-limited-to-2026-06-and-2026Q1;market-status-current-only;no-dated-corporate-action-observation;no-durable-daily-price-observation;security-lifecycle-current-only
TPEX,2026-04-03,unknown,unknown,unknown,current-only,unknown,current-only,unknown,partial,fundamental-coverage-limited-to-2026-06-and-2026Q1;market-status-current-only;no-dated-corporate-action-observation;no-durable-daily-price-observation;no-official-session-record-for-market-date;security-lifecycle-current-only
TWSE,2026-04-04,official-closed,not-session,covered,current-only,unknown,current-only,unknown,partial,fundamental-coverage-limited-to-2026-06-and-2026Q1;market-status-current-only;no-dated-corporate-action-observation;no-durable-daily-price-observation;security-lifecycle-current-only
TPEX,2026-04-04,unknown,unknown,unknown,current-only,unknown,current-only,unknown,partial,fundamental-coverage-limited-to-2026-06-and-2026Q1;market-status-current-only;no-dated-corporate-action-observation;no-durable-daily-price-observation;no-official-session-record-for-market-date;security-lifecycle-current-only
TWSE,2026-04-05,official-closed,not-session,covered,current-only,unknown,current-only,unknown,partial,fundamental-coverage-limited-to-2026-06-and-2026Q1;market-status-current-only;no-dated-corporate-action-observation;no-durable-daily-price-observation;security-lifecycle-current-only
TPEX,2026-04-05,unknown,unknown,unknown,current-only,unknown,current-only,unknown,partial,fundamental-coverage-limited-to-2026-06-and-2026Q1;market-status-current-only;no-dated-corporate-action-observation;no-durable-daily-price-observation;no-official-session-record-for-market-date;security-lifecycle-current-only
TWSE,2026-04-06,official-closed,not-session,covered,current-only,unknown,current-only,unknown,partial,fundamental-coverage-limited-to-2026-06-and-2026Q1;market-status-current-only;no-dated-corporate-action-observation;no-durable-daily-price-observation;security-lifecycle-current-only
TPEX,2026-04-06,unknown,unknown,unknown,current-only,unknown,current-only,unknown,partial,fundamental-coverage-limited-to-2026-06-and-2026Q1;market-status-current-only;no-dated-corporate-action-observation;no-durable-daily-price-observation;no-official-session-record-for-market-date;security-lifecycle-current-only
TWSE,2026-04-07,unknown,unknown,unknown,current-only,unknown,current-only,unknown,partial,fundamental-coverage-limited-to-2026-06-and-2026Q1;market-status-current-only;no-dated-corporate-action-observation;no-durable-daily-price-observation;no-official-session-record-for-market-date;security-lifecycle-current-only
TPEX,2026-04-07,unknown,unknown,unknown,current-only,unknown,current-only,unknown,partial,fundamental-coverage-limited-to-2026-06-and-2026Q1;market-status-current-only;no-dated-corporate-action-observation;no-durable-daily-price-observation;no-official-session-record-for-market-date;security-lifecycle-current-only
TWSE,2026-04-08,unknown,unknown,unknown,current-only,unknown,current-only,unknown,partial,fundamental-coverage-limited-to-2026-06-and-2026Q1;market-status-current-only;no-dated-corporate-action-observation;no-durable-daily-price-observation;no-official-session-record-for-market-date;security-lifecycle-current-only
TPEX,2026-04-08,unknown,unknown,unknown,current-only,unknown,current-only,unknown,partial,fundamental-coverage-limited-to-2026-06-and-2026Q1;market-status-current-only;no-dated-corporate-action-observation;no-durable-daily-price-observation;no-official-session-record-for-market-date;security-lifecycle-current-only
TWSE,2026-04-09,unknown,unknown,unknown,current-only,unknown,current-only,unknown,partial,fundamental-coverage-limited-to-2026-06-and-2026Q1;market-status-current-only;no-dated-corporate-action-observation;no-durable-daily-price-observation;no-official-session-record-for-market-date;security-lifecycle-current-only
TPEX,2026-04-09,unknown,unknown,unknown,current-only,unknown,current-only,unknown,partial,fundamental-coverage-limited-to-2026-06-and-2026Q1;market-status-current-only;no-dated-corporate-action-observation;no-durable-daily-price-observation;no-official-session-record-for-market-date;security-lifecycle-current-only
TWSE,2026-04-10,unknown,unknown,unknown,current-only,unknown,current-only,unknown,partial,fundamental-coverage-limited-to-2026-06-and-2026Q1;market-status-current-only;no-dated-corporate-action-observation;no-durable-daily-price-observation;no-official-session-record-for-market-date;security-lifecycle-current-only
TPEX,2026-04-10,unknown,unknown,unknown,current-only,unknown,current-only,unknown,partial,fundamental-coverage-limited-to-2026-06-and-2026Q1;market-status-current-only;no-dated-corporate-action-observation;no-durable-daily-price-observation;no-official-session-record-for-market-date;security-lifecycle-current-only
TWSE,2026-04-11,unknown,unknown,unknown,current-only,unknown,current-only,unknown,partial,fundamental-coverage-limited-to-2026-06-and-2026Q1;market-status-current-only;no-dated-corporate-action-observation;no-durable-daily-price-observation;no-official-session-record-for-market-date;security-lifecycle-current-only
TPEX,2026-04-11,unknown,unknown,unknown,current-only,unknown,current-only,unknown,partial,fundamental-coverage-limited-to-2026-06-and-2026Q1;market-status-current-only;no-dated-corporate-action-observation;no-durable-daily-price-observation;no-official-session-record-for-market-date;security-lifecycle-current-only
TWSE,2026-04-12,unknown,unknown,unknown,current-only,unknown,current-only,unknown,partial,fundamental-coverage-limited-to-2026-06-and-2026Q1;market-status-current-only;no-dated-corporate-action-observation;no-durable-daily-price-observation;no-official-session-record-for-market-date;security-lifecycle-current-only
TPEX,2026-04-12,unknown,unknown,unknown,current-only,unknown,current-only,unknown,partial,fundamental-coverage-limited-to-2026-06-and-2026Q1;market-status-current-only;no-dated-corporate-action-observation;no-durable-daily-price-observation;no-official-session-record-for-market-date;security-lifecycle-current-only
TWSE,2026-04-13,unknown,unknown,unknown,current-only,unknown,current-only,unknown,partial,fundamental-coverage-limited-to-2026-06-and-2026Q1;market-status-current-only;no-dated-corporate-action-observation;no-durable-daily-price-observation;no-official-session-record-for-market-date;security-lifecycle-current-only
TPEX,2026-04-13,unknown,unknown,unknown,current-only,unknown,current-only,unknown,partial,fundamental-coverage-limited-to-2026-06-and-2026Q1;market-status-current-only;no-dated-corporate-action-observation;no-durable-daily-price-observation;no-official-session-record-for-market-date;security-lifecycle-current-only
TWSE,2026-04-14,unknown,unknown,unknown,current-only,unknown,current-only,unknown,partial,fundamental-coverage-limited-to-2026-06-and-2026Q1;market-status-current-only;no-dated-corporate-action-observation;no-durable-daily-price-observation;no-official-session-record-for-market-date;security-lifecycle-current-only
TPEX,2026-04-14,unknown,unknown,unknown,current-only,unknown,current-only,unknown,partial,fundamental-coverage-limited-to-2026-06-and-2026Q1;market-status-current-only;no-dated-corporate-action-observation;no-durable-daily-price-observation;no-official-session-record-for-market-date;security-lifecycle-current-only
TWSE,2026-04-15,unknown,unknown,unknown,current-only,unknown,current-only,unknown,partial,fundamental-coverage-limited-to-2026-06-and-2026Q1;market-status-current-only;no-dated-corporate-action-observation;no-durable-daily-price-observation;no-official-session-record-for-market-date;security-lifecycle-current-only
TPEX,2026-04-15,unknown,unknown,unknown,current-only,unknown,current-only,unknown,partial,fundamental-coverage-limited-to-2026-06-and-2026Q1;market-status-current-only;no-dated-corporate-action-observation;no-durable-daily-price-observation;no-official-session-record-for-market-date;security-lifecycle-current-only
TWSE,2026-04-16,unknown,unknown,unknown,current-only,unknown,current-only,unknown,partial,fundamental-coverage-limited-to-2026-06-and-2026Q1;market-status-current-only;no-dated-corporate-action-observation;no-durable-daily-price-observation;no-official-session-record-for-market-date;security-lifecycle-current-only
TPEX,2026-04-16,unknown,unknown,unknown,current-only,unknown,current-only,unknown,partial,fundamental-coverage-limited-to-2026-06-and-2026Q1;market-status-current-only;no-dated-corporate-action-observation;no-durable-daily-price-observation;no-official-session-record-for-market-date;security-lifecycle-current-only
TWSE,2026-04-17,unknown,unknown,unknown,current-only,unknown,current-only,unknown,partial,fundamental-coverage-limited-to-2026-06-and-2026Q1;market-status-current-only;no-dated-corporate-action-observation;no-durable-daily-price-observation;no-official-session-record-for-market-date;security-lifecycle-current-only
TPEX,2026-04-17,unknown,unknown,unknown,current-only,unknown,current-only,unknown,partial,fundamental-coverage-limited-to-2026-06-and-2026Q1;market-status-current-only;no-dated-corporate-action-observation;no-durable-daily-price-observation;no-official-session-record-for-market-date;security-lifecycle-current-only
TWSE,2026-04-18,unknown,unknown,unknown,current-only,unknown,current-only,unknown,partial,fundamental-coverage-limited-to-2026-06-and-2026Q1;market-status-current-only;no-dated-corporate-action-observation;no-durable-daily-price-observation;no-official-session-record-for-market-date;security-lifecycle-current-only
TPEX,2026-04-18,unknown,unknown,unknown,current-only,unknown,current-only,unknown,partial,fundamental-coverage-limited-to-2026-06-and-2026Q1;market-status-current-only;no-dated-corporate-action-observation;no-durable-daily-price-observation;no-official-session-record-for-market-date;security-lifecycle-current-only
TWSE,2026-04-19,unknown,unknown,unknown,current-only,unknown,current-only,unknown,partial,fundamental-coverage-limited-to-2026-06-and-2026Q1;market-status-current-only;no-dated-corporate-action-observation;no-durable-daily-price-observation;no-official-session-record-for-market-date;security-lifecycle-current-only
TPEX,2026-04-19,unknown,unknown,unknown,current-only,unknown,current-only,unknown,partial,fundamental-coverage-limited-to-2026-06-and-2026Q1;market-status-current-only;no-dated-corporate-action-observation;no-durable-daily-price-observation;no-official-session-record-for-market-date;security-lifecycle-current-only
TWSE,2026-04-20,unknown,unknown,unknown,current-only,unknown,current-only,unknown,partial,fundamental-coverage-limited-to-2026-06-and-2026Q1;market-status-current-only;no-dated-corporate-action-observation;no-durable-daily-price-observation;no-official-session-record-for-market-date;security-lifecycle-current-only
TPEX,2026-04-20,unknown,unknown,unknown,current-only,unknown,current-only,unknown,partial,fundamental-coverage-limited-to-2026-06-and-2026Q1;market-status-current-only;no-dated-corporate-action-observation;no-durable-daily-price-observation;no-official-session-record-for-market-date;security-lifecycle-current-only
TWSE,2026-04-21,unknown,unknown,unknown,current-only,unknown,current-only,unknown,partial,fundamental-coverage-limited-to-2026-06-and-2026Q1;market-status-current-only;no-dated-corporate-action-observation;no-durable-daily-price-observation;no-official-session-record-for-market-date;security-lifecycle-current-only
TPEX,2026-04-21,unknown,unknown,unknown,current-only,unknown,current-only,unknown,partial,fundamental-coverage-limited-to-2026-06-and-2026Q1;market-status-current-only;no-dated-corporate-action-observation;no-durable-daily-price-observation;no-official-session-record-for-market-date;security-lifecycle-current-only
TWSE,2026-04-22,unknown,unknown,unknown,current-only,unknown,current-only,unknown,partial,fundamental-coverage-limited-to-2026-06-and-2026Q1;market-status-current-only;no-dated-corporate-action-observation;no-durable-daily-price-observation;no-official-session-record-for-market-date;security-lifecycle-current-only
TPEX,2026-04-22,unknown,unknown,unknown,current-only,unknown,current-only,unknown,partial,fundamental-coverage-limited-to-2026-06-and-2026Q1;market-status-current-only;no-dated-corporate-action-observation;no-durable-daily-price-observation;no-official-session-record-for-market-date;security-lifecycle-current-only
TWSE,2026-04-23,unknown,unknown,unknown,current-only,unknown,current-only,unknown,partial,fundamental-coverage-limited-to-2026-06-and-2026Q1;market-status-current-only;no-dated-corporate-action-observation;no-durable-daily-price-observation;no-official-session-record-for-market-date;security-lifecycle-current-only
TPEX,2026-04-23,unknown,unknown,unknown,current-only,unknown,current-only,unknown,partial,fundamental-coverage-limited-to-2026-06-and-2026Q1;market-status-current-only;no-dated-corporate-action-observation;no-durable-daily-price-observation;no-official-session-record-for-market-date;security-lifecycle-current-only
TWSE,2026-04-24,unknown,unknown,unknown,current-only,unknown,current-only,unknown,partial,fundamental-coverage-limited-to-2026-06-and-2026Q1;market-status-current-only;no-dated-corporate-action-observation;no-durable-daily-price-observation;no-official-session-record-for-market-date;security-lifecycle-current-only
TPEX,2026-04-24,unknown,unknown,unknown,current-only,unknown,current-only,unknown,partial,fundamental-coverage-limited-to-2026-06-and-2026Q1;market-status-current-only;no-dated-corporate-action-observation;no-durable-daily-price-observation;no-official-session-record-for-market-date;security-lifecycle-current-only
TWSE,2026-04-25,unknown,unknown,unknown,current-only,unknown,current-only,unknown,partial,fundamental-coverage-limited-to-2026-06-and-2026Q1;market-status-current-only;no-dated-corporate-action-observation;no-durable-daily-price-observation;no-official-session-record-for-market-date;security-lifecycle-current-only
TPEX,2026-04-25,unknown,unknown,unknown,current-only,unknown,current-only,unknown,partial,fundamental-coverage-limited-to-2026-06-and-2026Q1;market-status-current-only;no-dated-corporate-action-observation;no-durable-daily-price-observation;no-official-session-record-for-market-date;security-lifecycle-current-only
TWSE,2026-04-26,unknown,unknown,unknown,current-only,unknown,current-only,unknown,partial,fundamental-coverage-limited-to-2026-06-and-2026Q1;market-status-current-only;no-dated-corporate-action-observation;no-durable-daily-price-observation;no-official-session-record-for-market-date;security-lifecycle-current-only
TPEX,2026-04-26,unknown,unknown,unknown,current-only,unknown,current-only,unknown,partial,fundamental-coverage-limited-to-2026-06-and-2026Q1;market-status-current-only;no-dated-corporate-action-observation;no-durable-daily-price-observation;no-official-session-record-for-market-date;security-lifecycle-current-only
TWSE,2026-04-27,unknown,unknown,unknown,current-only,unknown,current-only,unknown,partial,fundamental-coverage-limited-to-2026-06-and-2026Q1;market-status-current-only;no-dated-corporate-action-observation;no-durable-daily-price-observation;no-official-session-record-for-market-date;security-lifecycle-current-only
TPEX,2026-04-27,unknown,unknown,unknown,current-only,unknown,current-only,unknown,partial,fundamental-coverage-limited-to-2026-06-and-2026Q1;market-status-current-only;no-dated-corporate-action-observation;no-durable-daily-price-observation;no-official-session-record-for-market-date;security-lifecycle-current-only
TWSE,2026-04-28,unknown,unknown,unknown,current-only,unknown,current-only,unknown,partial,fundamental-coverage-limited-to-2026-06-and-2026Q1;market-status-current-only;no-dated-corporate-action-observation;no-durable-daily-price-observation;no-official-session-record-for-market-date;security-lifecycle-current-only
TPEX,2026-04-28,unknown,unknown,unknown,current-only,unknown,current-only,unknown,partial,fundamental-coverage-limited-to-2026-06-and-2026Q1;market-status-current-only;no-dated-corporate-action-observation;no-durable-daily-price-observation;no-official-session-record-for-market-date;security-lifecycle-current-only
TWSE,2026-04-29,unknown,unknown,unknown,current-only,unknown,current-only,unknown,partial,fundamental-coverage-limited-to-2026-06-and-2026Q1;market-status-current-only;no-dated-corporate-action-observation;no-durable-daily-price-observation;no-official-session-record-for-market-date;security-lifecycle-current-only
TPEX,2026-04-29,unknown,unknown,unknown,current-only,unknown,current-only,unknown,partial,fundamental-coverage-limited-to-2026-06-and-2026Q1;market-status-current-only;no-dated-corporate-action-observation;no-durable-daily-price-observation;no-official-session-record-for-market-date;security-lifecycle-current-only
TWSE,2026-04-30,unknown,unknown,unknown,current-only,unknown,current-only,unknown,partial,fundamental-coverage-limited-to-2026-06-and-2026Q1;market-status-current-only;no-dated-corporate-action-observation;no-durable-daily-price-observation;no-official-session-record-for-market-date;security-lifecycle-current-only
TPEX,2026-04-30,unknown,unknown,unknown,current-only,unknown,current-only,unknown,partial,fundamental-coverage-limited-to-2026-06-and-2026Q1;market-status-current-only;no-dated-corporate-action-observation;no-durable-daily-price-observation;no-official-session-record-for-market-date;security-lifecycle-current-only
TWSE,2026-05-01,official-closed,not-session,covered,current-only,unknown,current-only,unknown,partial,fundamental-coverage-limited-to-2026-06-and-2026Q1;market-status-current-only;no-dated-corporate-action-observation;no-durable-daily-price-observation;security-lifecycle-current-only
TPEX,2026-05-01,unknown,unknown,unknown,current-only,unknown,current-only,unknown,partial,fundamental-coverage-limited-to-2026-06-and-2026Q1;market-status-current-only;no-dated-corporate-action-observation;no-durable-daily-price-observation;no-official-session-record-for-market-date;security-lifecycle-current-only
TWSE,2026-05-02,unknown,unknown,unknown,current-only,unknown,current-only,unknown,partial,fundamental-coverage-limited-to-2026-06-and-2026Q1;market-status-current-only;no-dated-corporate-action-observation;no-durable-daily-price-observation;no-official-session-record-for-market-date;security-lifecycle-current-only
TPEX,2026-05-02,unknown,unknown,unknown,current-only,unknown,current-only,unknown,partial,fundamental-coverage-limited-to-2026-06-and-2026Q1;market-status-current-only;no-dated-corporate-action-observation;no-durable-daily-price-observation;no-official-session-record-for-market-date;security-lifecycle-current-only
TWSE,2026-05-03,unknown,unknown,unknown,current-only,unknown,current-only,unknown,partial,fundamental-coverage-limited-to-2026-06-and-2026Q1;market-status-current-only;no-dated-corporate-action-observation;no-durable-daily-price-observation;no-official-session-record-for-market-date;security-lifecycle-current-only
TPEX,2026-05-03,unknown,unknown,unknown,current-only,unknown,current-only,unknown,partial,fundamental-coverage-limited-to-2026-06-and-2026Q1;market-status-current-only;no-dated-corporate-action-observation;no-durable-daily-price-observation;no-official-session-record-for-market-date;security-lifecycle-current-only
TWSE,2026-05-04,unknown,unknown,unknown,current-only,unknown,current-only,unknown,partial,fundamental-coverage-limited-to-2026-06-and-2026Q1;market-status-current-only;no-dated-corporate-action-observation;no-durable-daily-price-observation;no-official-session-record-for-market-date;security-lifecycle-current-only
TPEX,2026-05-04,unknown,unknown,unknown,current-only,unknown,current-only,unknown,partial,fundamental-coverage-limited-to-2026-06-and-2026Q1;market-status-current-only;no-dated-corporate-action-observation;no-durable-daily-price-observation;no-official-session-record-for-market-date;security-lifecycle-current-only
TWSE,2026-05-05,unknown,unknown,unknown,current-only,unknown,current-only,unknown,partial,fundamental-coverage-limited-to-2026-06-and-2026Q1;market-status-current-only;no-dated-corporate-action-observation;no-durable-daily-price-observation;no-official-session-record-for-market-date;security-lifecycle-current-only
TPEX,2026-05-05,unknown,unknown,unknown,current-only,unknown,current-only,unknown,partial,fundamental-coverage-limited-to-2026-06-and-2026Q1;market-status-current-only;no-dated-corporate-action-observation;no-durable-daily-price-observation;no-official-session-record-for-market-date;security-lifecycle-current-only
TWSE,2026-05-06,unknown,unknown,unknown,current-only,unknown,current-only,unknown,partial,fundamental-coverage-limited-to-2026-06-and-2026Q1;market-status-current-only;no-dated-corporate-action-observation;no-durable-daily-price-observation;no-official-session-record-for-market-date;security-lifecycle-current-only
TPEX,2026-05-06,unknown,unknown,unknown,current-only,unknown,current-only,unknown,partial,fundamental-coverage-limited-to-2026-06-and-2026Q1;market-status-current-only;no-dated-corporate-action-observation;no-durable-daily-price-observation;no-official-session-record-for-market-date;security-lifecycle-current-only
TWSE,2026-05-07,unknown,unknown,unknown,current-only,unknown,current-only,unknown,partial,fundamental-coverage-limited-to-2026-06-and-2026Q1;market-status-current-only;no-dated-corporate-action-observation;no-durable-daily-price-observation;no-official-session-record-for-market-date;security-lifecycle-current-only
TPEX,2026-05-07,unknown,unknown,unknown,current-only,unknown,current-only,unknown,partial,fundamental-coverage-limited-to-2026-06-and-2026Q1;market-status-current-only;no-dated-corporate-action-observation;no-durable-daily-price-observation;no-official-session-record-for-market-date;security-lifecycle-current-only
TWSE,2026-05-08,unknown,unknown,unknown,current-only,unknown,current-only,unknown,partial,fundamental-coverage-limited-to-2026-06-and-2026Q1;market-status-current-only;no-dated-corporate-action-observation;no-durable-daily-price-observation;no-official-session-record-for-market-date;security-lifecycle-current-only
TPEX,2026-05-08,unknown,unknown,unknown,current-only,unknown,current-only,unknown,partial,fundamental-coverage-limited-to-2026-06-and-2026Q1;market-status-current-only;no-dated-corporate-action-observation;no-durable-daily-price-observation;no-official-session-record-for-market-date;security-lifecycle-current-only
TWSE,2026-05-09,unknown,unknown,unknown,current-only,unknown,current-only,unknown,partial,fundamental-coverage-limited-to-2026-06-and-2026Q1;market-status-current-only;no-dated-corporate-action-observation;no-durable-daily-price-observation;no-official-session-record-for-market-date;security-lifecycle-current-only
TPEX,2026-05-09,unknown,unknown,unknown,current-only,unknown,current-only,unknown,partial,fundamental-coverage-limited-to-2026-06-and-2026Q1;market-status-current-only;no-dated-corporate-action-observation;no-durable-daily-price-observation;no-official-session-record-for-market-date;security-lifecycle-current-only
TWSE,2026-05-10,unknown,unknown,unknown,current-only,unknown,current-only,unknown,partial,fundamental-coverage-limited-to-2026-06-and-2026Q1;market-status-current-only;no-dated-corporate-action-observation;no-durable-daily-price-observation;no-official-session-record-for-market-date;security-lifecycle-current-only
TPEX,2026-05-10,unknown,unknown,unknown,current-only,unknown,current-only,unknown,partial,fundamental-coverage-limited-to-2026-06-and-2026Q1;market-status-current-only;no-dated-corporate-action-observation;no-durable-daily-price-observation;no-official-session-record-for-market-date;security-lifecycle-current-only
TWSE,2026-05-11,unknown,unknown,unknown,current-only,unknown,current-only,unknown,partial,fundamental-coverage-limited-to-2026-06-and-2026Q1;market-status-current-only;no-dated-corporate-action-observation;no-durable-daily-price-observation;no-official-session-record-for-market-date;security-lifecycle-current-only
TPEX,2026-05-11,unknown,unknown,unknown,current-only,unknown,current-only,unknown,partial,fundamental-coverage-limited-to-2026-06-and-2026Q1;market-status-current-only;no-dated-corporate-action-observation;no-durable-daily-price-observation;no-official-session-record-for-market-date;security-lifecycle-current-only
TWSE,2026-05-12,unknown,unknown,unknown,current-only,unknown,current-only,unknown,partial,fundamental-coverage-limited-to-2026-06-and-2026Q1;market-status-current-only;no-dated-corporate-action-observation;no-durable-daily-price-observation;no-official-session-record-for-market-date;security-lifecycle-current-only
TPEX,2026-05-12,unknown,unknown,unknown,current-only,unknown,current-only,unknown,partial,fundamental-coverage-limited-to-2026-06-and-2026Q1;market-status-current-only;no-dated-corporate-action-observation;no-durable-daily-price-observation;no-official-session-record-for-market-date;security-lifecycle-current-only
TWSE,2026-05-13,unknown,unknown,unknown,current-only,unknown,current-only,unknown,partial,fundamental-coverage-limited-to-2026-06-and-2026Q1;market-status-current-only;no-dated-corporate-action-observation;no-durable-daily-price-observation;no-official-session-record-for-market-date;security-lifecycle-current-only
TPEX,2026-05-13,unknown,unknown,unknown,current-only,unknown,current-only,unknown,partial,fundamental-coverage-limited-to-2026-06-and-2026Q1;market-status-current-only;no-dated-corporate-action-observation;no-durable-daily-price-observation;no-official-session-record-for-market-date;security-lifecycle-current-only
TWSE,2026-05-14,unknown,unknown,unknown,current-only,unknown,current-only,unknown,partial,fundamental-coverage-limited-to-2026-06-and-2026Q1;market-status-current-only;no-dated-corporate-action-observation;no-durable-daily-price-observation;no-official-session-record-for-market-date;security-lifecycle-current-only
TPEX,2026-05-14,unknown,unknown,unknown,current-only,unknown,current-only,unknown,partial,fundamental-coverage-limited-to-2026-06-and-2026Q1;market-status-current-only;no-dated-corporate-action-observation;no-durable-daily-price-observation;no-official-session-record-for-market-date;security-lifecycle-current-only
TWSE,2026-05-15,unknown,unknown,unknown,current-only,unknown,current-only,unknown,partial,fundamental-coverage-limited-to-2026-06-and-2026Q1;market-status-current-only;no-dated-corporate-action-observation;no-durable-daily-price-observation;no-official-session-record-for-market-date;security-lifecycle-current-only
TPEX,2026-05-15,unknown,unknown,unknown,current-only,unknown,current-only,unknown,partial,fundamental-coverage-limited-to-2026-06-and-2026Q1;market-status-current-only;no-dated-corporate-action-observation;no-durable-daily-price-observation;no-official-session-record-for-market-date;security-lifecycle-current-only
TWSE,2026-05-16,unknown,unknown,unknown,current-only,unknown,current-only,unknown,partial,fundamental-coverage-limited-to-2026-06-and-2026Q1;market-status-current-only;no-dated-corporate-action-observation;no-durable-daily-price-observation;no-official-session-record-for-market-date;security-lifecycle-current-only
TPEX,2026-05-16,unknown,unknown,unknown,current-only,unknown,current-only,unknown,partial,fundamental-coverage-limited-to-2026-06-and-2026Q1;market-status-current-only;no-dated-corporate-action-observation;no-durable-daily-price-observation;no-official-session-record-for-market-date;security-lifecycle-current-only
TWSE,2026-05-17,unknown,unknown,unknown,current-only,unknown,current-only,unknown,partial,fundamental-coverage-limited-to-2026-06-and-2026Q1;market-status-current-only;no-dated-corporate-action-observation;no-durable-daily-price-observation;no-official-session-record-for-market-date;security-lifecycle-current-only
TPEX,2026-05-17,unknown,unknown,unknown,current-only,unknown,current-only,unknown,partial,fundamental-coverage-limited-to-2026-06-and-2026Q1;market-status-current-only;no-dated-corporate-action-observation;no-durable-daily-price-observation;no-official-session-record-for-market-date;security-lifecycle-current-only
TWSE,2026-05-18,unknown,unknown,unknown,current-only,unknown,current-only,unknown,partial,fundamental-coverage-limited-to-2026-06-and-2026Q1;market-status-current-only;no-dated-corporate-action-observation;no-durable-daily-price-observation;no-official-session-record-for-market-date;security-lifecycle-current-only
TPEX,2026-05-18,unknown,unknown,unknown,current-only,unknown,current-only,unknown,partial,fundamental-coverage-limited-to-2026-06-and-2026Q1;market-status-current-only;no-dated-corporate-action-observation;no-durable-daily-price-observation;no-official-session-record-for-market-date;security-lifecycle-current-only
TWSE,2026-05-19,unknown,unknown,unknown,current-only,unknown,current-only,unknown,partial,fundamental-coverage-limited-to-2026-06-and-2026Q1;market-status-current-only;no-dated-corporate-action-observation;no-durable-daily-price-observation;no-official-session-record-for-market-date;security-lifecycle-current-only
TPEX,2026-05-19,unknown,unknown,unknown,current-only,unknown,current-only,unknown,partial,fundamental-coverage-limited-to-2026-06-and-2026Q1;market-status-current-only;no-dated-corporate-action-observation;no-durable-daily-price-observation;no-official-session-record-for-market-date;security-lifecycle-current-only
TWSE,2026-05-20,unknown,unknown,unknown,current-only,unknown,current-only,unknown,partial,fundamental-coverage-limited-to-2026-06-and-2026Q1;market-status-current-only;no-dated-corporate-action-observation;no-durable-daily-price-observation;no-official-session-record-for-market-date;security-lifecycle-current-only
TPEX,2026-05-20,unknown,unknown,unknown,current-only,unknown,current-only,unknown,partial,fundamental-coverage-limited-to-2026-06-and-2026Q1;market-status-current-only;no-dated-corporate-action-observation;no-durable-daily-price-observation;no-official-session-record-for-market-date;security-lifecycle-current-only
TWSE,2026-05-21,unknown,unknown,unknown,current-only,unknown,current-only,unknown,partial,fundamental-coverage-limited-to-2026-06-and-2026Q1;market-status-current-only;no-dated-corporate-action-observation;no-durable-daily-price-observation;no-official-session-record-for-market-date;security-lifecycle-current-only
TPEX,2026-05-21,unknown,unknown,unknown,current-only,unknown,current-only,unknown,partial,fundamental-coverage-limited-to-2026-06-and-2026Q1;market-status-current-only;no-dated-corporate-action-observation;no-durable-daily-price-observation;no-official-session-record-for-market-date;security-lifecycle-current-only
TWSE,2026-05-22,unknown,unknown,unknown,current-only,unknown,current-only,unknown,partial,fundamental-coverage-limited-to-2026-06-and-2026Q1;market-status-current-only;no-dated-corporate-action-observation;no-durable-daily-price-observation;no-official-session-record-for-market-date;security-lifecycle-current-only
TPEX,2026-05-22,unknown,unknown,unknown,current-only,unknown,current-only,unknown,partial,fundamental-coverage-limited-to-2026-06-and-2026Q1;market-status-current-only;no-dated-corporate-action-observation;no-durable-daily-price-observation;no-official-session-record-for-market-date;security-lifecycle-current-only
TWSE,2026-05-23,unknown,unknown,unknown,current-only,unknown,current-only,unknown,partial,fundamental-coverage-limited-to-2026-06-and-2026Q1;market-status-current-only;no-dated-corporate-action-observation;no-durable-daily-price-observation;no-official-session-record-for-market-date;security-lifecycle-current-only
TPEX,2026-05-23,unknown,unknown,unknown,current-only,unknown,current-only,unknown,partial,fundamental-coverage-limited-to-2026-06-and-2026Q1;market-status-current-only;no-dated-corporate-action-observation;no-durable-daily-price-observation;no-official-session-record-for-market-date;security-lifecycle-current-only
TWSE,2026-05-24,unknown,unknown,unknown,current-only,unknown,current-only,unknown,partial,fundamental-coverage-limited-to-2026-06-and-2026Q1;market-status-current-only;no-dated-corporate-action-observation;no-durable-daily-price-observation;no-official-session-record-for-market-date;security-lifecycle-current-only
TPEX,2026-05-24,unknown,unknown,unknown,current-only,unknown,current-only,unknown,partial,fundamental-coverage-limited-to-2026-06-and-2026Q1;market-status-current-only;no-dated-corporate-action-observation;no-durable-daily-price-observation;no-official-session-record-for-market-date;security-lifecycle-current-only
TWSE,2026-05-25,unknown,unknown,unknown,current-only,unknown,current-only,unknown,partial,fundamental-coverage-limited-to-2026-06-and-2026Q1;market-status-current-only;no-dated-corporate-action-observation;no-durable-daily-price-observation;no-official-session-record-for-market-date;security-lifecycle-current-only
TPEX,2026-05-25,unknown,unknown,unknown,current-only,unknown,current-only,unknown,partial,fundamental-coverage-limited-to-2026-06-and-2026Q1;market-status-current-only;no-dated-corporate-action-observation;no-durable-daily-price-observation;no-official-session-record-for-market-date;security-lifecycle-current-only
TWSE,2026-05-26,unknown,unknown,unknown,current-only,unknown,current-only,unknown,partial,fundamental-coverage-limited-to-2026-06-and-2026Q1;market-status-current-only;no-dated-corporate-action-observation;no-durable-daily-price-observation;no-official-session-record-for-market-date;security-lifecycle-current-only
TPEX,2026-05-26,unknown,unknown,unknown,current-only,unknown,current-only,unknown,partial,fundamental-coverage-limited-to-2026-06-and-2026Q1;market-status-current-only;no-dated-corporate-action-observation;no-durable-daily-price-observation;no-official-session-record-for-market-date;security-lifecycle-current-only
TWSE,2026-05-27,unknown,unknown,unknown,current-only,unknown,current-only,unknown,partial,fundamental-coverage-limited-to-2026-06-and-2026Q1;market-status-current-only;no-dated-corporate-action-observation;no-durable-daily-price-observation;no-official-session-record-for-market-date;security-lifecycle-current-only
TPEX,2026-05-27,unknown,unknown,unknown,current-only,unknown,current-only,unknown,partial,fundamental-coverage-limited-to-2026-06-and-2026Q1;market-status-current-only;no-dated-corporate-action-observation;no-durable-daily-price-observation;no-official-session-record-for-market-date;security-lifecycle-current-only
TWSE,2026-05-28,unknown,unknown,unknown,current-only,unknown,current-only,unknown,partial,fundamental-coverage-limited-to-2026-06-and-2026Q1;market-status-current-only;no-dated-corporate-action-observation;no-durable-daily-price-observation;no-official-session-record-for-market-date;security-lifecycle-current-only
TPEX,2026-05-28,unknown,unknown,unknown,current-only,unknown,current-only,unknown,partial,fundamental-coverage-limited-to-2026-06-and-2026Q1;market-status-current-only;no-dated-corporate-action-observation;no-durable-daily-price-observation;no-official-session-record-for-market-date;security-lifecycle-current-only
TWSE,2026-05-29,unknown,unknown,unknown,current-only,unknown,current-only,unknown,partial,fundamental-coverage-limited-to-2026-06-and-2026Q1;market-status-current-only;no-dated-corporate-action-observation;no-durable-daily-price-observation;no-official-session-record-for-market-date;security-lifecycle-current-only
TPEX,2026-05-29,unknown,unknown,unknown,current-only,unknown,current-only,unknown,partial,fundamental-coverage-limited-to-2026-06-and-2026Q1;market-status-current-only;no-dated-corporate-action-observation;no-durable-daily-price-observation;no-official-session-record-for-market-date;security-lifecycle-current-only
TWSE,2026-05-30,unknown,unknown,unknown,current-only,unknown,current-only,unknown,partial,fundamental-coverage-limited-to-2026-06-and-2026Q1;market-status-current-only;no-dated-corporate-action-observation;no-durable-daily-price-observation;no-official-session-record-for-market-date;security-lifecycle-current-only
TPEX,2026-05-30,unknown,unknown,unknown,current-only,unknown,current-only,unknown,partial,fundamental-coverage-limited-to-2026-06-and-2026Q1;market-status-current-only;no-dated-corporate-action-observation;no-durable-daily-price-observation;no-official-session-record-for-market-date;security-lifecycle-current-only
TWSE,2026-05-31,unknown,unknown,unknown,current-only,unknown,current-only,unknown,partial,fundamental-coverage-limited-to-2026-06-and-2026Q1;market-status-current-only;no-dated-corporate-action-observation;no-durable-daily-price-observation;no-official-session-record-for-market-date;security-lifecycle-current-only
TPEX,2026-05-31,unknown,unknown,unknown,current-only,unknown,current-only,unknown,partial,fundamental-coverage-limited-to-2026-06-and-2026Q1;market-status-current-only;no-dated-corporate-action-observation;no-durable-daily-price-observation;no-official-session-record-for-market-date;security-lifecycle-current-only
TWSE,2026-06-01,unknown,unknown,unknown,current-only,unknown,current-only,unknown,partial,fundamental-coverage-limited-to-2026-06-and-2026Q1;market-status-current-only;no-dated-corporate-action-observation;no-durable-daily-price-observation;no-official-session-record-for-market-date;security-lifecycle-current-only
TPEX,2026-06-01,unknown,unknown,unknown,current-only,unknown,current-only,unknown,partial,fundamental-coverage-limited-to-2026-06-and-2026Q1;market-status-current-only;no-dated-corporate-action-observation;no-durable-daily-price-observation;no-official-session-record-for-market-date;security-lifecycle-current-only
TWSE,2026-06-02,unknown,unknown,unknown,current-only,unknown,current-only,unknown,partial,fundamental-coverage-limited-to-2026-06-and-2026Q1;market-status-current-only;no-dated-corporate-action-observation;no-durable-daily-price-observation;no-official-session-record-for-market-date;security-lifecycle-current-only
TPEX,2026-06-02,unknown,unknown,unknown,current-only,unknown,current-only,unknown,partial,fundamental-coverage-limited-to-2026-06-and-2026Q1;market-status-current-only;no-dated-corporate-action-observation;no-durable-daily-price-observation;no-official-session-record-for-market-date;security-lifecycle-current-only
TWSE,2026-06-03,unknown,unknown,unknown,current-only,unknown,current-only,unknown,partial,fundamental-coverage-limited-to-2026-06-and-2026Q1;market-status-current-only;no-dated-corporate-action-observation;no-durable-daily-price-observation;no-official-session-record-for-market-date;security-lifecycle-current-only
TPEX,2026-06-03,unknown,unknown,unknown,current-only,unknown,current-only,unknown,partial,fundamental-coverage-limited-to-2026-06-and-2026Q1;market-status-current-only;no-dated-corporate-action-observation;no-durable-daily-price-observation;no-official-session-record-for-market-date;security-lifecycle-current-only
TWSE,2026-06-04,unknown,unknown,unknown,current-only,unknown,current-only,unknown,partial,fundamental-coverage-limited-to-2026-06-and-2026Q1;market-status-current-only;no-dated-corporate-action-observation;no-durable-daily-price-observation;no-official-session-record-for-market-date;security-lifecycle-current-only
TPEX,2026-06-04,unknown,unknown,unknown,current-only,unknown,current-only,unknown,partial,fundamental-coverage-limited-to-2026-06-and-2026Q1;market-status-current-only;no-dated-corporate-action-observation;no-durable-daily-price-observation;no-official-session-record-for-market-date;security-lifecycle-current-only
TWSE,2026-06-05,unknown,unknown,unknown,current-only,unknown,current-only,unknown,partial,fundamental-coverage-limited-to-2026-06-and-2026Q1;market-status-current-only;no-dated-corporate-action-observation;no-durable-daily-price-observation;no-official-session-record-for-market-date;security-lifecycle-current-only
TPEX,2026-06-05,unknown,unknown,unknown,current-only,unknown,current-only,unknown,partial,fundamental-coverage-limited-to-2026-06-and-2026Q1;market-status-current-only;no-dated-corporate-action-observation;no-durable-daily-price-observation;no-official-session-record-for-market-date;security-lifecycle-current-only
TWSE,2026-06-06,unknown,unknown,unknown,current-only,unknown,current-only,unknown,partial,fundamental-coverage-limited-to-2026-06-and-2026Q1;market-status-current-only;no-dated-corporate-action-observation;no-durable-daily-price-observation;no-official-session-record-for-market-date;security-lifecycle-current-only
TPEX,2026-06-06,unknown,unknown,unknown,current-only,unknown,current-only,unknown,partial,fundamental-coverage-limited-to-2026-06-and-2026Q1;market-status-current-only;no-dated-corporate-action-observation;no-durable-daily-price-observation;no-official-session-record-for-market-date;security-lifecycle-current-only
TWSE,2026-06-07,unknown,unknown,unknown,current-only,unknown,current-only,unknown,partial,fundamental-coverage-limited-to-2026-06-and-2026Q1;market-status-current-only;no-dated-corporate-action-observation;no-durable-daily-price-observation;no-official-session-record-for-market-date;security-lifecycle-current-only
TPEX,2026-06-07,unknown,unknown,unknown,current-only,unknown,current-only,unknown,partial,fundamental-coverage-limited-to-2026-06-and-2026Q1;market-status-current-only;no-dated-corporate-action-observation;no-durable-daily-price-observation;no-official-session-record-for-market-date;security-lifecycle-current-only
TWSE,2026-06-08,unknown,unknown,unknown,current-only,unknown,current-only,unknown,partial,fundamental-coverage-limited-to-2026-06-and-2026Q1;market-status-current-only;no-dated-corporate-action-observation;no-durable-daily-price-observation;no-official-session-record-for-market-date;security-lifecycle-current-only
TPEX,2026-06-08,unknown,unknown,unknown,current-only,unknown,current-only,unknown,partial,fundamental-coverage-limited-to-2026-06-and-2026Q1;market-status-current-only;no-dated-corporate-action-observation;no-durable-daily-price-observation;no-official-session-record-for-market-date;security-lifecycle-current-only
TWSE,2026-06-09,unknown,unknown,unknown,current-only,unknown,current-only,unknown,partial,fundamental-coverage-limited-to-2026-06-and-2026Q1;market-status-current-only;no-dated-corporate-action-observation;no-durable-daily-price-observation;no-official-session-record-for-market-date;security-lifecycle-current-only
TPEX,2026-06-09,unknown,unknown,unknown,current-only,unknown,current-only,unknown,partial,fundamental-coverage-limited-to-2026-06-and-2026Q1;market-status-current-only;no-dated-corporate-action-observation;no-durable-daily-price-observation;no-official-session-record-for-market-date;security-lifecycle-current-only
TWSE,2026-06-10,unknown,unknown,unknown,current-only,unknown,current-only,unknown,partial,fundamental-coverage-limited-to-2026-06-and-2026Q1;market-status-current-only;no-dated-corporate-action-observation;no-durable-daily-price-observation;no-official-session-record-for-market-date;security-lifecycle-current-only
TPEX,2026-06-10,unknown,unknown,unknown,current-only,unknown,current-only,unknown,partial,fundamental-coverage-limited-to-2026-06-and-2026Q1;market-status-current-only;no-dated-corporate-action-observation;no-durable-daily-price-observation;no-official-session-record-for-market-date;security-lifecycle-current-only
TWSE,2026-06-11,unknown,unknown,unknown,current-only,unknown,current-only,unknown,partial,fundamental-coverage-limited-to-2026-06-and-2026Q1;market-status-current-only;no-dated-corporate-action-observation;no-durable-daily-price-observation;no-official-session-record-for-market-date;security-lifecycle-current-only
TPEX,2026-06-11,unknown,unknown,unknown,current-only,unknown,current-only,unknown,partial,fundamental-coverage-limited-to-2026-06-and-2026Q1;market-status-current-only;no-dated-corporate-action-observation;no-durable-daily-price-observation;no-official-session-record-for-market-date;security-lifecycle-current-only
TWSE,2026-06-12,unknown,unknown,unknown,current-only,unknown,current-only,unknown,partial,fundamental-coverage-limited-to-2026-06-and-2026Q1;market-status-current-only;no-dated-corporate-action-observation;no-durable-daily-price-observation;no-official-session-record-for-market-date;security-lifecycle-current-only
TPEX,2026-06-12,unknown,unknown,unknown,current-only,unknown,current-only,unknown,partial,fundamental-coverage-limited-to-2026-06-and-2026Q1;market-status-current-only;no-dated-corporate-action-observation;no-durable-daily-price-observation;no-official-session-record-for-market-date;security-lifecycle-current-only
TWSE,2026-06-13,unknown,unknown,unknown,current-only,unknown,current-only,unknown,partial,fundamental-coverage-limited-to-2026-06-and-2026Q1;market-status-current-only;no-dated-corporate-action-observation;no-durable-daily-price-observation;no-official-session-record-for-market-date;security-lifecycle-current-only
TPEX,2026-06-13,unknown,unknown,unknown,current-only,unknown,current-only,unknown,partial,fundamental-coverage-limited-to-2026-06-and-2026Q1;market-status-current-only;no-dated-corporate-action-observation;no-durable-daily-price-observation;no-official-session-record-for-market-date;security-lifecycle-current-only
TWSE,2026-06-14,unknown,unknown,unknown,current-only,unknown,current-only,unknown,partial,fundamental-coverage-limited-to-2026-06-and-2026Q1;market-status-current-only;no-dated-corporate-action-observation;no-durable-daily-price-observation;no-official-session-record-for-market-date;security-lifecycle-current-only
TPEX,2026-06-14,unknown,unknown,unknown,current-only,unknown,current-only,unknown,partial,fundamental-coverage-limited-to-2026-06-and-2026Q1;market-status-current-only;no-dated-corporate-action-observation;no-durable-daily-price-observation;no-official-session-record-for-market-date;security-lifecycle-current-only
TWSE,2026-06-15,unknown,unknown,unknown,current-only,unknown,current-only,unknown,partial,fundamental-coverage-limited-to-2026-06-and-2026Q1;market-status-current-only;no-dated-corporate-action-observation;no-durable-daily-price-observation;no-official-session-record-for-market-date;security-lifecycle-current-only
TPEX,2026-06-15,unknown,unknown,unknown,current-only,unknown,current-only,unknown,partial,fundamental-coverage-limited-to-2026-06-and-2026Q1;market-status-current-only;no-dated-corporate-action-observation;no-durable-daily-price-observation;no-official-session-record-for-market-date;security-lifecycle-current-only
TWSE,2026-06-16,unknown,unknown,unknown,current-only,unknown,current-only,unknown,partial,fundamental-coverage-limited-to-2026-06-and-2026Q1;market-status-current-only;no-dated-corporate-action-observation;no-durable-daily-price-observation;no-official-session-record-for-market-date;security-lifecycle-current-only
TPEX,2026-06-16,unknown,unknown,unknown,current-only,unknown,current-only,unknown,partial,fundamental-coverage-limited-to-2026-06-and-2026Q1;market-status-current-only;no-dated-corporate-action-observation;no-durable-daily-price-observation;no-official-session-record-for-market-date;security-lifecycle-current-only
TWSE,2026-06-17,unknown,unknown,unknown,current-only,unknown,current-only,unknown,partial,fundamental-coverage-limited-to-2026-06-and-2026Q1;market-status-current-only;no-dated-corporate-action-observation;no-durable-daily-price-observation;no-official-session-record-for-market-date;security-lifecycle-current-only
TPEX,2026-06-17,unknown,unknown,unknown,current-only,unknown,current-only,unknown,partial,fundamental-coverage-limited-to-2026-06-and-2026Q1;market-status-current-only;no-dated-corporate-action-observation;no-durable-daily-price-observation;no-official-session-record-for-market-date;security-lifecycle-current-only
TWSE,2026-06-18,unknown,unknown,unknown,current-only,unknown,current-only,unknown,partial,fundamental-coverage-limited-to-2026-06-and-2026Q1;market-status-current-only;no-dated-corporate-action-observation;no-durable-daily-price-observation;no-official-session-record-for-market-date;security-lifecycle-current-only
TPEX,2026-06-18,unknown,unknown,unknown,current-only,unknown,current-only,unknown,partial,fundamental-coverage-limited-to-2026-06-and-2026Q1;market-status-current-only;no-dated-corporate-action-observation;no-durable-daily-price-observation;no-official-session-record-for-market-date;security-lifecycle-current-only
TWSE,2026-06-19,official-closed,not-session,covered,current-only,unknown,current-only,unknown,partial,fundamental-coverage-limited-to-2026-06-and-2026Q1;market-status-current-only;no-dated-corporate-action-observation;no-durable-daily-price-observation;security-lifecycle-current-only
TPEX,2026-06-19,unknown,unknown,unknown,current-only,unknown,current-only,unknown,partial,fundamental-coverage-limited-to-2026-06-and-2026Q1;market-status-current-only;no-dated-corporate-action-observation;no-durable-daily-price-observation;no-official-session-record-for-market-date;security-lifecycle-current-only
TWSE,2026-06-20,unknown,unknown,unknown,current-only,unknown,current-only,unknown,partial,fundamental-coverage-limited-to-2026-06-and-2026Q1;market-status-current-only;no-dated-corporate-action-observation;no-durable-daily-price-observation;no-official-session-record-for-market-date;security-lifecycle-current-only
TPEX,2026-06-20,unknown,unknown,unknown,current-only,unknown,current-only,unknown,partial,fundamental-coverage-limited-to-2026-06-and-2026Q1;market-status-current-only;no-dated-corporate-action-observation;no-durable-daily-price-observation;no-official-session-record-for-market-date;security-lifecycle-current-only
TWSE,2026-06-21,unknown,unknown,unknown,current-only,unknown,current-only,unknown,partial,fundamental-coverage-limited-to-2026-06-and-2026Q1;market-status-current-only;no-dated-corporate-action-observation;no-durable-daily-price-observation;no-official-session-record-for-market-date;security-lifecycle-current-only
TPEX,2026-06-21,unknown,unknown,unknown,current-only,unknown,current-only,unknown,partial,fundamental-coverage-limited-to-2026-06-and-2026Q1;market-status-current-only;no-dated-corporate-action-observation;no-durable-daily-price-observation;no-official-session-record-for-market-date;security-lifecycle-current-only
TWSE,2026-06-22,unknown,unknown,unknown,current-only,unknown,current-only,unknown,partial,fundamental-coverage-limited-to-2026-06-and-2026Q1;market-status-current-only;no-dated-corporate-action-observation;no-durable-daily-price-observation;no-official-session-record-for-market-date;security-lifecycle-current-only
TPEX,2026-06-22,unknown,unknown,unknown,current-only,unknown,current-only,unknown,partial,fundamental-coverage-limited-to-2026-06-and-2026Q1;market-status-current-only;no-dated-corporate-action-observation;no-durable-daily-price-observation;no-official-session-record-for-market-date;security-lifecycle-current-only
TWSE,2026-06-23,unknown,unknown,unknown,current-only,unknown,current-only,unknown,partial,fundamental-coverage-limited-to-2026-06-and-2026Q1;market-status-current-only;no-dated-corporate-action-observation;no-durable-daily-price-observation;no-official-session-record-for-market-date;security-lifecycle-current-only
TPEX,2026-06-23,unknown,unknown,unknown,current-only,unknown,current-only,unknown,partial,fundamental-coverage-limited-to-2026-06-and-2026Q1;market-status-current-only;no-dated-corporate-action-observation;no-durable-daily-price-observation;no-official-session-record-for-market-date;security-lifecycle-current-only
TWSE,2026-06-24,unknown,unknown,unknown,current-only,unknown,current-only,unknown,partial,fundamental-coverage-limited-to-2026-06-and-2026Q1;market-status-current-only;no-dated-corporate-action-observation;no-durable-daily-price-observation;no-official-session-record-for-market-date;security-lifecycle-current-only
TPEX,2026-06-24,unknown,unknown,unknown,current-only,unknown,current-only,unknown,partial,fundamental-coverage-limited-to-2026-06-and-2026Q1;market-status-current-only;no-dated-corporate-action-observation;no-durable-daily-price-observation;no-official-session-record-for-market-date;security-lifecycle-current-only
TWSE,2026-06-25,unknown,unknown,unknown,current-only,unknown,current-only,unknown,partial,fundamental-coverage-limited-to-2026-06-and-2026Q1;market-status-current-only;no-dated-corporate-action-observation;no-durable-daily-price-observation;no-official-session-record-for-market-date;security-lifecycle-current-only
TPEX,2026-06-25,unknown,unknown,unknown,current-only,unknown,current-only,unknown,partial,fundamental-coverage-limited-to-2026-06-and-2026Q1;market-status-current-only;no-dated-corporate-action-observation;no-durable-daily-price-observation;no-official-session-record-for-market-date;security-lifecycle-current-only
TWSE,2026-06-26,unknown,unknown,unknown,current-only,unknown,current-only,unknown,partial,fundamental-coverage-limited-to-2026-06-and-2026Q1;market-status-current-only;no-dated-corporate-action-observation;no-durable-daily-price-observation;no-official-session-record-for-market-date;security-lifecycle-current-only
TPEX,2026-06-26,unknown,unknown,unknown,current-only,unknown,current-only,unknown,partial,fundamental-coverage-limited-to-2026-06-and-2026Q1;market-status-current-only;no-dated-corporate-action-observation;no-durable-daily-price-observation;no-official-session-record-for-market-date;security-lifecycle-current-only
TWSE,2026-06-27,unknown,unknown,unknown,current-only,unknown,current-only,unknown,partial,fundamental-coverage-limited-to-2026-06-and-2026Q1;market-status-current-only;no-dated-corporate-action-observation;no-durable-daily-price-observation;no-official-session-record-for-market-date;security-lifecycle-current-only
TPEX,2026-06-27,unknown,unknown,unknown,current-only,unknown,current-only,unknown,partial,fundamental-coverage-limited-to-2026-06-and-2026Q1;market-status-current-only;no-dated-corporate-action-observation;no-durable-daily-price-observation;no-official-session-record-for-market-date;security-lifecycle-current-only
TWSE,2026-06-28,unknown,unknown,unknown,current-only,unknown,current-only,unknown,partial,fundamental-coverage-limited-to-2026-06-and-2026Q1;market-status-current-only;no-dated-corporate-action-observation;no-durable-daily-price-observation;no-official-session-record-for-market-date;security-lifecycle-current-only
TPEX,2026-06-28,unknown,unknown,unknown,current-only,unknown,current-only,unknown,partial,fundamental-coverage-limited-to-2026-06-and-2026Q1;market-status-current-only;no-dated-corporate-action-observation;no-durable-daily-price-observation;no-official-session-record-for-market-date;security-lifecycle-current-only
TWSE,2026-06-29,unknown,unknown,unknown,current-only,unknown,current-only,unknown,partial,fundamental-coverage-limited-to-2026-06-and-2026Q1;market-status-current-only;no-dated-corporate-action-observation;no-durable-daily-price-observation;no-official-session-record-for-market-date;security-lifecycle-current-only
TPEX,2026-06-29,unknown,unknown,unknown,current-only,unknown,current-only,unknown,partial,fundamental-coverage-limited-to-2026-06-and-2026Q1;market-status-current-only;no-dated-corporate-action-observation;no-durable-daily-price-observation;no-official-session-record-for-market-date;security-lifecycle-current-only
TWSE,2026-06-30,unknown,unknown,unknown,current-only,unknown,current-only,unknown,partial,fundamental-coverage-limited-to-2026-06-and-2026Q1;market-status-current-only;no-dated-corporate-action-observation;no-durable-daily-price-observation;no-official-session-record-for-market-date;security-lifecycle-current-only
TPEX,2026-06-30,unknown,unknown,unknown,current-only,unknown,current-only,unknown,partial,fundamental-coverage-limited-to-2026-06-and-2026Q1;market-status-current-only;no-dated-corporate-action-observation;no-durable-daily-price-observation;no-official-session-record-for-market-date;security-lifecycle-current-only
TWSE,2026-07-01,unknown,unknown,unknown,current-only,unknown,current-only,unknown,partial,fundamental-coverage-limited-to-2026-06-and-2026Q1;market-status-current-only;no-dated-corporate-action-observation;no-durable-daily-price-observation;no-official-session-record-for-market-date;security-lifecycle-current-only
TPEX,2026-07-01,unknown,unknown,unknown,current-only,unknown,current-only,unknown,partial,fundamental-coverage-limited-to-2026-06-and-2026Q1;market-status-current-only;no-dated-corporate-action-observation;no-durable-daily-price-observation;no-official-session-record-for-market-date;security-lifecycle-current-only
TWSE,2026-07-02,unknown,partial,unknown,current-only,covered,current-only,unknown,partial,fundamental-coverage-limited-to-2026-06-and-2026Q1;market-status-current-only;no-dated-corporate-action-observation;no-official-session-record-for-market-date;security-lifecycle-current-only
TPEX,2026-07-02,unknown,unknown,unknown,current-only,unknown,current-only,unknown,partial,fundamental-coverage-limited-to-2026-06-and-2026Q1;market-status-current-only;no-dated-corporate-action-observation;no-durable-daily-price-observation;no-official-session-record-for-market-date;security-lifecycle-current-only
TWSE,2026-07-03,unknown,unknown,unknown,current-only,unknown,current-only,unknown,partial,fundamental-coverage-limited-to-2026-06-and-2026Q1;market-status-current-only;no-dated-corporate-action-observation;no-durable-daily-price-observation;no-official-session-record-for-market-date;security-lifecycle-current-only
TPEX,2026-07-03,unknown,unknown,unknown,current-only,unknown,current-only,unknown,partial,fundamental-coverage-limited-to-2026-06-and-2026Q1;market-status-current-only;no-dated-corporate-action-observation;no-durable-daily-price-observation;no-official-session-record-for-market-date;security-lifecycle-current-only
TWSE,2026-07-04,unknown,unknown,unknown,current-only,unknown,current-only,unknown,partial,fundamental-coverage-limited-to-2026-06-and-2026Q1;market-status-current-only;no-dated-corporate-action-observation;no-durable-daily-price-observation;no-official-session-record-for-market-date;security-lifecycle-current-only
TPEX,2026-07-04,unknown,unknown,unknown,current-only,unknown,current-only,unknown,partial,fundamental-coverage-limited-to-2026-06-and-2026Q1;market-status-current-only;no-dated-corporate-action-observation;no-durable-daily-price-observation;no-official-session-record-for-market-date;security-lifecycle-current-only
TWSE,2026-07-05,unknown,unknown,unknown,current-only,unknown,current-only,unknown,partial,fundamental-coverage-limited-to-2026-06-and-2026Q1;market-status-current-only;no-dated-corporate-action-observation;no-durable-daily-price-observation;no-official-session-record-for-market-date;security-lifecycle-current-only
TPEX,2026-07-05,unknown,unknown,unknown,current-only,unknown,current-only,unknown,partial,fundamental-coverage-limited-to-2026-06-and-2026Q1;market-status-current-only;no-dated-corporate-action-observation;no-durable-daily-price-observation;no-official-session-record-for-market-date;security-lifecycle-current-only
TWSE,2026-07-06,unknown,unknown,unknown,current-only,unknown,current-only,unknown,partial,fundamental-coverage-limited-to-2026-06-and-2026Q1;market-status-current-only;no-dated-corporate-action-observation;no-durable-daily-price-observation;no-official-session-record-for-market-date;security-lifecycle-current-only
TPEX,2026-07-06,unknown,unknown,unknown,current-only,unknown,current-only,unknown,partial,fundamental-coverage-limited-to-2026-06-and-2026Q1;market-status-current-only;no-dated-corporate-action-observation;no-durable-daily-price-observation;no-official-session-record-for-market-date;security-lifecycle-current-only
TWSE,2026-07-07,unknown,unknown,unknown,current-only,unknown,current-only,unknown,partial,fundamental-coverage-limited-to-2026-06-and-2026Q1;market-status-current-only;no-dated-corporate-action-observation;no-durable-daily-price-observation;no-official-session-record-for-market-date;security-lifecycle-current-only
TPEX,2026-07-07,unknown,unknown,unknown,current-only,unknown,current-only,unknown,partial,fundamental-coverage-limited-to-2026-06-and-2026Q1;market-status-current-only;no-dated-corporate-action-observation;no-durable-daily-price-observation;no-official-session-record-for-market-date;security-lifecycle-current-only
TWSE,2026-07-08,unknown,unknown,unknown,current-only,unknown,current-only,unknown,partial,fundamental-coverage-limited-to-2026-06-and-2026Q1;market-status-current-only;no-dated-corporate-action-observation;no-durable-daily-price-observation;no-official-session-record-for-market-date;security-lifecycle-current-only
TPEX,2026-07-08,unknown,unknown,unknown,current-only,unknown,current-only,unknown,partial,fundamental-coverage-limited-to-2026-06-and-2026Q1;market-status-current-only;no-dated-corporate-action-observation;no-durable-daily-price-observation;no-official-session-record-for-market-date;security-lifecycle-current-only
TWSE,2026-07-09,unknown,unknown,unknown,current-only,unknown,current-only,unknown,partial,fundamental-coverage-limited-to-2026-06-and-2026Q1;market-status-current-only;no-dated-corporate-action-observation;no-durable-daily-price-observation;no-official-session-record-for-market-date;security-lifecycle-current-only
TPEX,2026-07-09,unknown,unknown,unknown,current-only,unknown,current-only,unknown,partial,fundamental-coverage-limited-to-2026-06-and-2026Q1;market-status-current-only;no-dated-corporate-action-observation;no-durable-daily-price-observation;no-official-session-record-for-market-date;security-lifecycle-current-only
TWSE,2026-07-10,unknown,unknown,unknown,current-only,unknown,current-only,unknown,partial,fundamental-coverage-limited-to-2026-06-and-2026Q1;market-status-current-only;no-dated-corporate-action-observation;no-durable-daily-price-observation;no-official-session-record-for-market-date;security-lifecycle-current-only
TPEX,2026-07-10,unknown,unknown,unknown,current-only,unknown,current-only,unknown,partial,fundamental-coverage-limited-to-2026-06-and-2026Q1;market-status-current-only;no-dated-corporate-action-observation;no-durable-daily-price-observation;no-official-session-record-for-market-date;security-lifecycle-current-only
TWSE,2026-07-11,unknown,unknown,unknown,current-only,unknown,current-only,unknown,partial,fundamental-coverage-limited-to-2026-06-and-2026Q1;market-status-current-only;no-dated-corporate-action-observation;no-durable-daily-price-observation;no-official-session-record-for-market-date;security-lifecycle-current-only
TPEX,2026-07-11,unknown,unknown,unknown,current-only,unknown,current-only,unknown,partial,fundamental-coverage-limited-to-2026-06-and-2026Q1;market-status-current-only;no-dated-corporate-action-observation;no-durable-daily-price-observation;no-official-session-record-for-market-date;security-lifecycle-current-only
TWSE,2026-07-12,unknown,unknown,unknown,current-only,unknown,current-only,unknown,partial,fundamental-coverage-limited-to-2026-06-and-2026Q1;market-status-current-only;no-dated-corporate-action-observation;no-durable-daily-price-observation;no-official-session-record-for-market-date;security-lifecycle-current-only
TPEX,2026-07-12,unknown,unknown,unknown,current-only,unknown,current-only,unknown,partial,fundamental-coverage-limited-to-2026-06-and-2026Q1;market-status-current-only;no-dated-corporate-action-observation;no-durable-daily-price-observation;no-official-session-record-for-market-date;security-lifecycle-current-only
TWSE,2026-07-13,unknown,unknown,unknown,current-only,unknown,current-only,unknown,partial,fundamental-coverage-limited-to-2026-06-and-2026Q1;market-status-current-only;no-dated-corporate-action-observation;no-durable-daily-price-observation;no-official-session-record-for-market-date;security-lifecycle-current-only
TPEX,2026-07-13,unknown,unknown,unknown,current-only,unknown,current-only,unknown,partial,fundamental-coverage-limited-to-2026-06-and-2026Q1;market-status-current-only;no-dated-corporate-action-observation;no-durable-daily-price-observation;no-official-session-record-for-market-date;security-lifecycle-current-only
TWSE,2026-07-14,unknown,unknown,unknown,current-only,unknown,current-only,unknown,partial,fundamental-coverage-limited-to-2026-06-and-2026Q1;market-status-current-only;no-dated-corporate-action-observation;no-durable-daily-price-observation;no-official-session-record-for-market-date;security-lifecycle-current-only
TPEX,2026-07-14,unknown,unknown,unknown,current-only,unknown,current-only,unknown,partial,fundamental-coverage-limited-to-2026-06-and-2026Q1;market-status-current-only;no-dated-corporate-action-observation;no-durable-daily-price-observation;no-official-session-record-for-market-date;security-lifecycle-current-only
TWSE,2026-07-15,unknown,unknown,unknown,current-only,unknown,current-only,unknown,partial,fundamental-coverage-limited-to-2026-06-and-2026Q1;market-status-current-only;no-dated-corporate-action-observation;no-durable-daily-price-observation;no-official-session-record-for-market-date;security-lifecycle-current-only
TPEX,2026-07-15,unknown,unknown,unknown,current-only,unknown,current-only,unknown,partial,fundamental-coverage-limited-to-2026-06-and-2026Q1;market-status-current-only;no-dated-corporate-action-observation;no-durable-daily-price-observation;no-official-session-record-for-market-date;security-lifecycle-current-only
TWSE,2026-07-16,unknown,unknown,unknown,current-only,unknown,current-only,unknown,partial,fundamental-coverage-limited-to-2026-06-and-2026Q1;market-status-current-only;no-dated-corporate-action-observation;no-durable-daily-price-observation;no-official-session-record-for-market-date;security-lifecycle-current-only
TPEX,2026-07-16,unknown,unknown,unknown,current-only,unknown,current-only,unknown,partial,fundamental-coverage-limited-to-2026-06-and-2026Q1;market-status-current-only;no-dated-corporate-action-observation;no-durable-daily-price-observation;no-official-session-record-for-market-date;security-lifecycle-current-only
TWSE,2026-07-17,unknown,unknown,unknown,current-only,unknown,current-only,unknown,partial,fundamental-coverage-limited-to-2026-06-and-2026Q1;market-status-current-only;no-dated-corporate-action-observation;no-durable-daily-price-observation;no-official-session-record-for-market-date;security-lifecycle-current-only
TPEX,2026-07-17,unknown,unknown,unknown,current-only,unknown,current-only,unknown,partial,fundamental-coverage-limited-to-2026-06-and-2026Q1;market-status-current-only;no-dated-corporate-action-observation;no-durable-daily-price-observation;no-official-session-record-for-market-date;security-lifecycle-current-only
TWSE,2026-07-18,unknown,unknown,unknown,current-only,unknown,current-only,unknown,partial,fundamental-coverage-limited-to-2026-06-and-2026Q1;market-status-current-only;no-dated-corporate-action-observation;no-durable-daily-price-observation;no-official-session-record-for-market-date;security-lifecycle-current-only
TPEX,2026-07-18,unknown,unknown,unknown,current-only,unknown,current-only,unknown,partial,fundamental-coverage-limited-to-2026-06-and-2026Q1;market-status-current-only;no-dated-corporate-action-observation;no-durable-daily-price-observation;no-official-session-record-for-market-date;security-lifecycle-current-only
TWSE,2026-07-19,unknown,unknown,unknown,current-only,unknown,current-only,unknown,partial,fundamental-coverage-limited-to-2026-06-and-2026Q1;market-status-current-only;no-dated-corporate-action-observation;no-durable-daily-price-observation;no-official-session-record-for-market-date;security-lifecycle-current-only
TPEX,2026-07-19,unknown,unknown,unknown,current-only,unknown,current-only,unknown,partial,fundamental-coverage-limited-to-2026-06-and-2026Q1;market-status-current-only;no-dated-corporate-action-observation;no-durable-daily-price-observation;no-official-session-record-for-market-date;security-lifecycle-current-only
TWSE,2026-07-20,unknown,unknown,unknown,current-only,unknown,current-only,unknown,partial,fundamental-coverage-limited-to-2026-06-and-2026Q1;market-status-current-only;no-dated-corporate-action-observation;no-durable-daily-price-observation;no-official-session-record-for-market-date;security-lifecycle-current-only
TPEX,2026-07-20,unknown,unknown,unknown,current-only,unknown,current-only,unknown,partial,fundamental-coverage-limited-to-2026-06-and-2026Q1;market-status-current-only;no-dated-corporate-action-observation;no-durable-daily-price-observation;no-official-session-record-for-market-date;security-lifecycle-current-only
TWSE,2026-07-21,unknown,unknown,unknown,current-only,unknown,current-only,unknown,partial,fundamental-coverage-limited-to-2026-06-and-2026Q1;market-status-current-only;no-dated-corporate-action-observation;no-durable-daily-price-observation;no-official-session-record-for-market-date;security-lifecycle-current-only
TPEX,2026-07-21,unknown,unknown,unknown,current-only,unknown,current-only,unknown,partial,fundamental-coverage-limited-to-2026-06-and-2026Q1;market-status-current-only;no-dated-corporate-action-observation;no-durable-daily-price-observation;no-official-session-record-for-market-date;security-lifecycle-current-only
TWSE,2026-07-22,unknown,unknown,unknown,current-only,unknown,current-only,unknown,partial,fundamental-coverage-limited-to-2026-06-and-2026Q1;market-status-current-only;no-dated-corporate-action-observation;no-durable-daily-price-observation;no-official-session-record-for-market-date;security-lifecycle-current-only
TPEX,2026-07-22,unknown,unknown,unknown,current-only,unknown,current-only,unknown,partial,fundamental-coverage-limited-to-2026-06-and-2026Q1;market-status-current-only;no-dated-corporate-action-observation;no-durable-daily-price-observation;no-official-session-record-for-market-date;security-lifecycle-current-only
TWSE,2026-07-23,unknown,unknown,unknown,current-only,unknown,current-only,unknown,partial,fundamental-coverage-limited-to-2026-06-and-2026Q1;market-status-current-only;no-dated-corporate-action-observation;no-durable-daily-price-observation;no-official-session-record-for-market-date;security-lifecycle-current-only
TPEX,2026-07-23,unknown,unknown,unknown,current-only,unknown,current-only,unknown,partial,fundamental-coverage-limited-to-2026-06-and-2026Q1;market-status-current-only;no-dated-corporate-action-observation;no-durable-daily-price-observation;no-official-session-record-for-market-date;security-lifecycle-current-only
TWSE,2026-07-24,unknown,unknown,unknown,current-only,unknown,current-only,unknown,partial,fundamental-coverage-limited-to-2026-06-and-2026Q1;market-status-current-only;no-dated-corporate-action-observation;no-durable-daily-price-observation;no-official-session-record-for-market-date;security-lifecycle-current-only
TPEX,2026-07-24,unknown,unknown,unknown,current-only,unknown,current-only,unknown,partial,fundamental-coverage-limited-to-2026-06-and-2026Q1;market-status-current-only;no-dated-corporate-action-observation;no-durable-daily-price-observation;no-official-session-record-for-market-date;security-lifecycle-current-only
TWSE,2026-07-25,unknown,unknown,unknown,current-only,unknown,current-only,unknown,partial,fundamental-coverage-limited-to-2026-06-and-2026Q1;market-status-current-only;no-dated-corporate-action-observation;no-durable-daily-price-observation;no-official-session-record-for-market-date;security-lifecycle-current-only
TPEX,2026-07-25,unknown,unknown,unknown,current-only,unknown,current-only,unknown,partial,fundamental-coverage-limited-to-2026-06-and-2026Q1;market-status-current-only;no-dated-corporate-action-observation;no-durable-daily-price-observation;no-official-session-record-for-market-date;security-lifecycle-current-only
TWSE,2026-07-26,unknown,unknown,unknown,current-only,unknown,current-only,unknown,partial,fundamental-coverage-limited-to-2026-06-and-2026Q1;market-status-current-only;no-dated-corporate-action-observation;no-durable-daily-price-observation;no-official-session-record-for-market-date;security-lifecycle-current-only
TPEX,2026-07-26,unknown,unknown,unknown,current-only,unknown,current-only,unknown,partial,fundamental-coverage-limited-to-2026-06-and-2026Q1;market-status-current-only;no-dated-corporate-action-observation;no-durable-daily-price-observation;no-official-session-record-for-market-date;security-lifecycle-current-only
TWSE,2026-07-27,unknown,unknown,unknown,current-only,unknown,current-only,unknown,partial,fundamental-coverage-limited-to-2026-06-and-2026Q1;market-status-current-only;no-dated-corporate-action-observation;no-durable-daily-price-observation;no-official-session-record-for-market-date;security-lifecycle-current-only
TPEX,2026-07-27,unknown,unknown,unknown,current-only,unknown,current-only,unknown,partial,fundamental-coverage-limited-to-2026-06-and-2026Q1;market-status-current-only;no-dated-corporate-action-observation;no-durable-daily-price-observation;no-official-session-record-for-market-date;security-lifecycle-current-only
TWSE,2026-07-28,unknown,unknown,unknown,current-only,unknown,current-only,unknown,partial,fundamental-coverage-limited-to-2026-06-and-2026Q1;market-status-current-only;no-dated-corporate-action-observation;no-durable-daily-price-observation;no-official-session-record-for-market-date;security-lifecycle-current-only
TPEX,2026-07-28,unknown,unknown,unknown,current-only,unknown,current-only,unknown,partial,fundamental-coverage-limited-to-2026-06-and-2026Q1;market-status-current-only;no-dated-corporate-action-observation;no-durable-daily-price-observation;no-official-session-record-for-market-date;security-lifecycle-current-only
TWSE,2026-07-29,unknown,unknown,unknown,current-only,unknown,current-only,unknown,partial,fundamental-coverage-limited-to-2026-06-and-2026Q1;market-status-current-only;no-dated-corporate-action-observation;no-durable-daily-price-observation;no-official-session-record-for-market-date;security-lifecycle-current-only
TPEX,2026-07-29,unknown,unknown,unknown,current-only,unknown,current-only,unknown,partial,fundamental-coverage-limited-to-2026-06-and-2026Q1;market-status-current-only;no-dated-corporate-action-observation;no-durable-daily-price-observation;no-official-session-record-for-market-date;security-lifecycle-current-only
TWSE,2026-07-30,unknown,unknown,unknown,current-only,unknown,current-only,unknown,partial,fundamental-coverage-limited-to-2026-06-and-2026Q1;market-status-current-only;no-dated-corporate-action-observation;no-durable-daily-price-observation;no-official-session-record-for-market-date;security-lifecycle-current-only
TPEX,2026-07-30,unknown,unknown,unknown,current-only,unknown,current-only,unknown,partial,fundamental-coverage-limited-to-2026-06-and-2026Q1;market-status-current-only;no-dated-corporate-action-observation;no-durable-daily-price-observation;no-official-session-record-for-market-date;security-lifecycle-current-only
TWSE,2026-07-31,unknown,partial,unknown,current-only,covered,current-only,covered,partial,fundamental-coverage-limited-to-2026-06-and-2026Q1;market-status-current-only;no-official-session-record-for-market-date;security-lifecycle-current-only
TPEX,2026-07-31,unknown,partial,unknown,current-only,covered,current-only,unknown,partial,fundamental-coverage-limited-to-2026-06-and-2026Q1;market-status-current-only;no-dated-corporate-action-observation;no-official-session-record-for-market-date;security-lifecycle-current-only
TWSE,2026-08-01,unknown,unknown,unknown,current-only,unknown,current-only,unknown,partial,fundamental-coverage-limited-to-2026-06-and-2026Q1;market-status-current-only;no-dated-corporate-action-observation;no-durable-daily-price-observation;no-official-session-record-for-market-date;security-lifecycle-current-only
TPEX,2026-08-01,unknown,unknown,unknown,current-only,unknown,current-only,unknown,partial,fundamental-coverage-limited-to-2026-06-and-2026Q1;market-status-current-only;no-dated-corporate-action-observation;no-durable-daily-price-observation;no-official-session-record-for-market-date;security-lifecycle-current-only
TWSE,2026-08-02,unknown,unknown,unknown,current-only,unknown,current-only,unknown,partial,fundamental-coverage-limited-to-2026-06-and-2026Q1;market-status-current-only;no-dated-corporate-action-observation;no-durable-daily-price-observation;no-official-session-record-for-market-date;security-lifecycle-current-only
TPEX,2026-08-02,unknown,unknown,unknown,current-only,unknown,current-only,unknown,partial,fundamental-coverage-limited-to-2026-06-and-2026Q1;market-status-current-only;no-dated-corporate-action-observation;no-durable-daily-price-observation;no-official-session-record-for-market-date;security-lifecycle-current-only
TWSE,2026-08-03,unknown,unknown,unknown,current-only,unknown,current-only,unknown,partial,fundamental-coverage-limited-to-2026-06-and-2026Q1;market-status-current-only;no-dated-corporate-action-observation;no-durable-daily-price-observation;no-official-session-record-for-market-date;security-lifecycle-current-only
TPEX,2026-08-03,unknown,unknown,unknown,current-only,unknown,current-only,unknown,partial,fundamental-coverage-limited-to-2026-06-and-2026Q1;market-status-current-only;no-dated-corporate-action-observation;no-durable-daily-price-observation;no-official-session-record-for-market-date;security-lifecycle-current-only
