market,calendar_date,session_state,reconstruction_state,price_rows,coverage_calendar,coverage_security_lifecycle,coverage_daily_price,coverage_market_status,coverage_corporate_action,coverage_fundamental,reason_codes
TWSE,2025-01-01,official-closed,not-session,0,covered,current-only,official-no-data,current-only,unknown,partial,closure-corroborated-by-both-markets-absence;fundamental-coverage-limited-to-2026-06-and-2026Q1;market-status-current-only;no-dated-corporate-action-observation;security-lifecycle-current-only
TPEX,2025-01-01,official-closed,not-session,0,covered,current-only,official-no-data,current-only,unknown,partial,closure-corroborated-by-both-markets-absence;fundamental-coverage-limited-to-2026-06-and-2026Q1;market-status-current-only;no-dated-corporate-action-observation;security-lifecycle-current-only
TWSE,2025-01-02,official-open,partial,1274,covered,current-only,covered,current-only,unknown,partial,fundamental-coverage-limited-to-2026-06-and-2026Q1;market-status-current-only;no-dated-corporate-action-observation;official-closing-table-present;security-lifecycle-current-only
TPEX,2025-01-02,official-open,partial,943,covered,current-only,covered,current-only,unknown,partial,fundamental-coverage-limited-to-2026-06-and-2026Q1;market-status-current-only;no-dated-corporate-action-observation;official-closing-table-present;security-lifecycle-current-only
TWSE,2025-01-03,official-open,partial,1274,covered,current-only,covered,current-only,unknown,partial,fundamental-coverage-limited-to-2026-06-and-2026Q1;market-status-current-only;no-dated-corporate-action-observation;official-closing-table-present;security-lifecycle-current-only
TPEX,2025-01-03,official-open,partial,943,covered,current-only,covered,current-only,unknown,partial,fundamental-coverage-limited-to-2026-06-and-2026Q1;market-status-current-only;no-dated-corporate-action-observation;official-closing-table-present;security-lifecycle-current-only
TWSE,2025-01-04,official-closed,not-session,0,covered,current-only,official-no-data,current-only,unknown,partial,closure-corroborated-by-both-markets-absence;fundamental-coverage-limited-to-2026-06-and-2026Q1;market-status-current-only;no-dated-corporate-action-observation;security-lifecycle-current-only
TPEX,2025-01-04,official-closed,not-session,0,covered,current-only,official-no-data,current-only,unknown,partial,closure-corroborated-by-both-markets-absence;fundamental-coverage-limited-to-2026-06-and-2026Q1;market-status-current-only;no-dated-corporate-action-observation;security-lifecycle-current-only
TWSE,2025-01-05,official-closed,not-session,0,covered,current-only,official-no-data,current-only,unknown,partial,closure-corroborated-by-both-markets-absence;fundamental-coverage-limited-to-2026-06-and-2026Q1;market-status-current-only;no-dated-corporate-action-observation;security-lifecycle-current-only
TPEX,2025-01-05,official-closed,not-session,0,covered,current-only,official-no-data,current-only,unknown,partial,closure-corroborated-by-both-markets-absence;fundamental-coverage-limited-to-2026-06-and-2026Q1;market-status-current-only;no-dated-corporate-action-observation;security-lifecycle-current-only
TWSE,2025-01-06,official-open,partial,1274,covered,current-only,covered,current-only,unknown,partial,fundamental-coverage-limited-to-2026-06-and-2026Q1;market-status-current-only;no-dated-corporate-action-observation;official-closing-table-present;security-lifecycle-current-only
TPEX,2025-01-06,official-open,partial,943,covered,current-only,covered,current-only,unknown,partial,fundamental-coverage-limited-to-2026-06-and-2026Q1;market-status-current-only;no-dated-corporate-action-observation;official-closing-table-present;security-lifecycle-current-only
TWSE,2025-01-07,official-open,partial,1274,covered,current-only,covered,current-only,unknown,partial,fundamental-coverage-limited-to-2026-06-and-2026Q1;market-status-current-only;no-dated-corporate-action-observation;official-closing-table-present;security-lifecycle-current-only
TPEX,2025-01-07,official-open,partial,943,covered,current-only,covered,current-only,unknown,partial,fundamental-coverage-limited-to-2026-06-and-2026Q1;market-status-current-only;no-dated-corporate-action-observation;official-closing-table-present;security-lifecycle-current-only
TWSE,2025-01-08,official-open,partial,1274,covered,current-only,covered,current-only,unknown,partial,fundamental-coverage-limited-to-2026-06-and-2026Q1;market-status-current-only;no-dated-corporate-action-observation;official-closing-table-present;security-lifecycle-current-only
TPEX,2025-01-08,official-open,partial,943,covered,current-only,covered,current-only,unknown,partial,fundamental-coverage-limited-to-2026-06-and-2026Q1;market-status-current-only;no-dated-corporate-action-observation;official-closing-table-present;security-lifecycle-current-only
TWSE,2025-01-09,official-open,partial,1276,covered,current-only,covered,current-only,unknown,partial,fundamental-coverage-limited-to-2026-06-and-2026Q1;market-status-current-only;no-dated-corporate-action-observation;official-closing-table-present;security-lifecycle-current-only
TPEX,2025-01-09,official-open,partial,942,covered,current-only,covered,current-only,unknown,partial,fundamental-coverage-limited-to-2026-06-and-2026Q1;market-status-current-only;no-dated-corporate-action-observation;official-closing-table-present;security-lifecycle-current-only
TWSE,2025-01-10,official-open,partial,1276,covered,current-only,covered,current-only,unknown,partial,fundamental-coverage-limited-to-2026-06-and-2026Q1;market-status-current-only;no-dated-corporate-action-observation;official-closing-table-present;security-lifecycle-current-only
TPEX,2025-01-10,official-open,partial,943,covered,current-only,covered,current-only,unknown,partial,fundamental-coverage-limited-to-2026-06-and-2026Q1;market-status-current-only;no-dated-corporate-action-observation;official-closing-table-present;security-lifecycle-current-only
TWSE,2025-01-11,official-closed,not-session,0,covered,current-only,official-no-data,current-only,unknown,partial,closure-corroborated-by-both-markets-absence;fundamental-coverage-limited-to-2026-06-and-2026Q1;market-status-current-only;no-dated-corporate-action-observation;security-lifecycle-current-only
TPEX,2025-01-11,official-closed,not-session,0,covered,current-only,official-no-data,current-only,unknown,partial,closure-corroborated-by-both-markets-absence;fundamental-coverage-limited-to-2026-06-and-2026Q1;market-status-current-only;no-dated-corporate-action-observation;security-lifecycle-current-only
TWSE,2025-01-12,official-closed,not-session,0,covered,current-only,official-no-data,current-only,unknown,partial,closure-corroborated-by-both-markets-absence;fundamental-coverage-limited-to-2026-06-and-2026Q1;market-status-current-only;no-dated-corporate-action-observation;security-lifecycle-current-only
TPEX,2025-01-12,official-closed,not-session,0,covered,current-only,official-no-data,current-only,unknown,partial,closure-corroborated-by-both-markets-absence;fundamental-coverage-limited-to-2026-06-and-2026Q1;market-status-current-only;no-dated-corporate-action-observation;security-lifecycle-current-only
TWSE,2025-01-13,official-open,partial,1276,covered,current-only,covered,current-only,unknown,partial,fundamental-coverage-limited-to-2026-06-and-2026Q1;market-status-current-only;no-dated-corporate-action-observation;official-closing-table-present;security-lifecycle-current-only
TPEX,2025-01-13,official-open,partial,944,covered,current-only,covered,current-only,unknown,partial,fundamental-coverage-limited-to-2026-06-and-2026Q1;market-status-current-only;no-dated-corporate-action-observation;official-closing-table-present;security-lifecycle-current-only
TWSE,2025-01-14,official-open,partial,1277,covered,current-only,covered,current-only,unknown,partial,fundamental-coverage-limited-to-2026-06-and-2026Q1;market-status-current-only;no-dated-corporate-action-observation;official-closing-table-present;security-lifecycle-current-only
TPEX,2025-01-14,official-open,partial,944,covered,current-only,covered,current-only,unknown,partial,fundamental-coverage-limited-to-2026-06-and-2026Q1;market-status-current-only;no-dated-corporate-action-observation;official-closing-table-present;security-lifecycle-current-only
TWSE,2025-01-15,official-open,partial,1279,covered,current-only,covered,current-only,unknown,partial,fundamental-coverage-limited-to-2026-06-and-2026Q1;market-status-current-only;no-dated-corporate-action-observation;official-closing-table-present;security-lifecycle-current-only
TPEX,2025-01-15,official-open,partial,946,covered,current-only,covered,current-only,unknown,partial,fundamental-coverage-limited-to-2026-06-and-2026Q1;market-status-current-only;no-dated-corporate-action-observation;official-closing-table-present;security-lifecycle-current-only
TWSE,2025-01-16,official-open,partial,1279,covered,current-only,covered,current-only,unknown,partial,fundamental-coverage-limited-to-2026-06-and-2026Q1;market-status-current-only;no-dated-corporate-action-observation;official-closing-table-present;security-lifecycle-current-only
TPEX,2025-01-16,official-open,partial,946,covered,current-only,covered,current-only,unknown,partial,fundamental-coverage-limited-to-2026-06-and-2026Q1;market-status-current-only;no-dated-corporate-action-observation;official-closing-table-present;security-lifecycle-current-only
TWSE,2025-01-17,official-open,partial,1279,covered,current-only,covered,current-only,unknown,partial,fundamental-coverage-limited-to-2026-06-and-2026Q1;market-status-current-only;no-dated-corporate-action-observation;official-closing-table-present;security-lifecycle-current-only
TPEX,2025-01-17,official-open,partial,947,covered,current-only,covered,current-only,unknown,partial,fundamental-coverage-limited-to-2026-06-and-2026Q1;market-status-current-only;no-dated-corporate-action-observation;official-closing-table-present;security-lifecycle-current-only
TWSE,2025-01-18,official-closed,not-session,0,covered,current-only,official-no-data,current-only,unknown,partial,closure-corroborated-by-both-markets-absence;fundamental-coverage-limited-to-2026-06-and-2026Q1;market-status-current-only;no-dated-corporate-action-observation;security-lifecycle-current-only
TPEX,2025-01-18,official-closed,not-session,0,covered,current-only,official-no-data,current-only,unknown,partial,closure-corroborated-by-both-markets-absence;fundamental-coverage-limited-to-2026-06-and-2026Q1;market-status-current-only;no-dated-corporate-action-observation;security-lifecycle-current-only
TWSE,2025-01-19,official-closed,not-session,0,covered,current-only,official-no-data,current-only,unknown,partial,closure-corroborated-by-both-markets-absence;fundamental-coverage-limited-to-2026-06-and-2026Q1;market-status-current-only;no-dated-corporate-action-observation;security-lifecycle-current-only
TPEX,2025-01-19,official-closed,not-session,0,covered,current-only,official-no-data,current-only,unknown,partial,closure-corroborated-by-both-markets-absence;fundamental-coverage-limited-to-2026-06-and-2026Q1;market-status-current-only;no-dated-corporate-action-observation;security-lifecycle-current-only
TWSE,2025-01-20,official-open,partial,1279,covered,current-only,covered,current-only,unknown,partial,fundamental-coverage-limited-to-2026-06-and-2026Q1;market-status-current-only;no-dated-corporate-action-observation;official-closing-table-present;security-lifecycle-current-only
TPEX,2025-01-20,official-open,partial,948,covered,current-only,covered,current-only,unknown,partial,fundamental-coverage-limited-to-2026-06-and-2026Q1;market-status-current-only;no-dated-corporate-action-observation;official-closing-table-present;security-lifecycle-current-only
TWSE,2025-01-21,official-open,partial,1279,covered,current-only,covered,current-only,unknown,partial,fundamental-coverage-limited-to-2026-06-and-2026Q1;market-status-current-only;no-dated-corporate-action-observation;official-closing-table-present;security-lifecycle-current-only
TPEX,2025-01-21,official-open,partial,948,covered,current-only,covered,current-only,unknown,partial,fundamental-coverage-limited-to-2026-06-and-2026Q1;market-status-current-only;no-dated-corporate-action-observation;official-closing-table-present;security-lifecycle-current-only
TWSE,2025-01-22,official-open,partial,1279,covered,current-only,covered,current-only,unknown,partial,fundamental-coverage-limited-to-2026-06-and-2026Q1;market-status-current-only;no-dated-corporate-action-observation;official-closing-table-present;security-lifecycle-current-only
TPEX,2025-01-22,official-open,partial,949,covered,current-only,covered,current-only,unknown,partial,fundamental-coverage-limited-to-2026-06-and-2026Q1;market-status-current-only;no-dated-corporate-action-observation;official-closing-table-present;security-lifecycle-current-only
TWSE,2025-01-23,official-closed,not-session,0,covered,current-only,official-no-data,current-only,unknown,partial,closure-corroborated-by-both-markets-absence;fundamental-coverage-limited-to-2026-06-and-2026Q1;market-status-current-only;no-dated-corporate-action-observation;security-lifecycle-current-only
TPEX,2025-01-23,official-closed,not-session,0,covered,current-only,official-no-data,current-only,unknown,partial,closure-corroborated-by-both-markets-absence;fundamental-coverage-limited-to-2026-06-and-2026Q1;market-status-current-only;no-dated-corporate-action-observation;security-lifecycle-current-only
TWSE,2025-01-24,official-closed,not-session,0,covered,current-only,official-no-data,current-only,unknown,partial,closure-corroborated-by-both-markets-absence;fundamental-coverage-limited-to-2026-06-and-2026Q1;market-status-current-only;no-dated-corporate-action-observation;security-lifecycle-current-only
TPEX,2025-01-24,official-closed,not-session,0,covered,current-only,official-no-data,current-only,unknown,partial,closure-corroborated-by-both-markets-absence;fundamental-coverage-limited-to-2026-06-and-2026Q1;market-status-current-only;no-dated-corporate-action-observation;security-lifecycle-current-only
TWSE,2025-01-25,official-closed,not-session,0,covered,current-only,official-no-data,current-only,unknown,partial,closure-corroborated-by-both-markets-absence;fundamental-coverage-limited-to-2026-06-and-2026Q1;market-status-current-only;no-dated-corporate-action-observation;security-lifecycle-current-only
TPEX,2025-01-25,official-closed,not-session,0,covered,current-only,official-no-data,current-only,unknown,partial,closure-corroborated-by-both-markets-absence;fundamental-coverage-limited-to-2026-06-and-2026Q1;market-status-current-only;no-dated-corporate-action-observation;security-lifecycle-current-only
TWSE,2025-01-26,official-closed,not-session,0,covered,current-only,official-no-data,current-only,unknown,partial,closure-corroborated-by-both-markets-absence;fundamental-coverage-limited-to-2026-06-and-2026Q1;market-status-current-only;no-dated-corporate-action-observation;security-lifecycle-current-only
TPEX,2025-01-26,official-closed,not-session,0,covered,current-only,official-no-data,current-only,unknown,partial,closure-corroborated-by-both-markets-absence;fundamental-coverage-limited-to-2026-06-and-2026Q1;market-status-current-only;no-dated-corporate-action-observation;security-lifecycle-current-only
TWSE,2025-01-27,official-closed,not-session,0,covered,current-only,official-no-data,current-only,unknown,partial,closure-corroborated-by-both-markets-absence;fundamental-coverage-limited-to-2026-06-and-2026Q1;market-status-current-only;no-dated-corporate-action-observation;security-lifecycle-current-only
TPEX,2025-01-27,official-closed,not-session,0,covered,current-only,official-no-data,current-only,unknown,partial,closure-corroborated-by-both-markets-absence;fundamental-coverage-limited-to-2026-06-and-2026Q1;market-status-current-only;no-dated-corporate-action-observation;security-lifecycle-current-only
TWSE,2025-01-28,official-closed,not-session,0,covered,current-only,official-no-data,current-only,unknown,partial,closure-corroborated-by-both-markets-absence;fundamental-coverage-limited-to-2026-06-and-2026Q1;market-status-current-only;no-dated-corporate-action-observation;security-lifecycle-current-only
TPEX,2025-01-28,official-closed,not-session,0,covered,current-only,official-no-data,current-only,unknown,partial,closure-corroborated-by-both-markets-absence;fundamental-coverage-limited-to-2026-06-and-2026Q1;market-status-current-only;no-dated-corporate-action-observation;security-lifecycle-current-only
TWSE,2025-01-29,official-closed,not-session,0,covered,current-only,official-no-data,current-only,unknown,partial,closure-corroborated-by-both-markets-absence;fundamental-coverage-limited-to-2026-06-and-2026Q1;market-status-current-only;no-dated-corporate-action-observation;security-lifecycle-current-only
TPEX,2025-01-29,official-closed,not-session,0,covered,current-only,official-no-data,current-only,unknown,partial,closure-corroborated-by-both-markets-absence;fundamental-coverage-limited-to-2026-06-and-2026Q1;market-status-current-only;no-dated-corporate-action-observation;security-lifecycle-current-only
TWSE,2025-01-30,official-closed,not-session,0,covered,current-only,official-no-data,current-only,unknown,partial,closure-corroborated-by-both-markets-absence;fundamental-coverage-limited-to-2026-06-and-2026Q1;market-status-current-only;no-dated-corporate-action-observation;security-lifecycle-current-only
TPEX,2025-01-30,official-closed,not-session,0,covered,current-only,official-no-data,current-only,unknown,partial,closure-corroborated-by-both-markets-absence;fundamental-coverage-limited-to-2026-06-and-2026Q1;market-status-current-only;no-dated-corporate-action-observation;security-lifecycle-current-only
TWSE,2025-01-31,official-closed,not-session,0,covered,current-only,official-no-data,current-only,unknown,partial,closure-corroborated-by-both-markets-absence;fundamental-coverage-limited-to-2026-06-and-2026Q1;market-status-current-only;no-dated-corporate-action-observation;security-lifecycle-current-only
TPEX,2025-01-31,official-closed,not-session,0,covered,current-only,official-no-data,current-only,unknown,partial,closure-corroborated-by-both-markets-absence;fundamental-coverage-limited-to-2026-06-and-2026Q1;market-status-current-only;no-dated-corporate-action-observation;security-lifecycle-current-only
TWSE,2025-02-01,official-closed,not-session,0,covered,current-only,official-no-data,current-only,unknown,partial,closure-corroborated-by-both-markets-absence;fundamental-coverage-limited-to-2026-06-and-2026Q1;market-status-current-only;no-dated-corporate-action-observation;security-lifecycle-current-only
TPEX,2025-02-01,official-closed,not-session,0,covered,current-only,official-no-data,current-only,unknown,partial,closure-corroborated-by-both-markets-absence;fundamental-coverage-limited-to-2026-06-and-2026Q1;market-status-current-only;no-dated-corporate-action-observation;security-lifecycle-current-only
TWSE,2025-02-02,official-closed,not-session,0,covered,current-only,official-no-data,current-only,unknown,partial,closure-corroborated-by-both-markets-absence;fundamental-coverage-limited-to-2026-06-and-2026Q1;market-status-current-only;no-dated-corporate-action-observation;security-lifecycle-current-only
TPEX,2025-02-02,official-closed,not-session,0,covered,current-only,official-no-data,current-only,unknown,partial,closure-corroborated-by-both-markets-absence;fundamental-coverage-limited-to-2026-06-and-2026Q1;market-status-current-only;no-dated-corporate-action-observation;security-lifecycle-current-only
TWSE,2025-02-03,official-open,partial,1279,covered,current-only,covered,current-only,unknown,partial,fundamental-coverage-limited-to-2026-06-and-2026Q1;market-status-current-only;no-dated-corporate-action-observation;official-closing-table-present;security-lifecycle-current-only
TPEX,2025-02-03,official-open,partial,949,covered,current-only,covered,current-only,unknown,partial,fundamental-coverage-limited-to-2026-06-and-2026Q1;market-status-current-only;no-dated-corporate-action-observation;official-closing-table-present;security-lifecycle-current-only
TWSE,2025-02-04,official-open,partial,1279,covered,current-only,covered,current-only,unknown,partial,fundamental-coverage-limited-to-2026-06-and-2026Q1;market-status-current-only;no-dated-corporate-action-observation;official-closing-table-present;security-lifecycle-current-only
TPEX,2025-02-04,official-open,partial,949,covered,current-only,covered,current-only,unknown,partial,fundamental-coverage-limited-to-2026-06-and-2026Q1;market-status-current-only;no-dated-corporate-action-observation;official-closing-table-present;security-lifecycle-current-only
TWSE,2025-02-05,official-open,partial,1278,covered,current-only,covered,current-only,unknown,partial,fundamental-coverage-limited-to-2026-06-and-2026Q1;market-status-current-only;no-dated-corporate-action-observation;official-closing-table-present;security-lifecycle-current-only
TPEX,2025-02-05,official-open,partial,949,covered,current-only,covered,current-only,unknown,partial,fundamental-coverage-limited-to-2026-06-and-2026Q1;market-status-current-only;no-dated-corporate-action-observation;official-closing-table-present;security-lifecycle-current-only
TWSE,2025-02-06,official-open,partial,1278,covered,current-only,covered,current-only,unknown,partial,fundamental-coverage-limited-to-2026-06-and-2026Q1;market-status-current-only;no-dated-corporate-action-observation;official-closing-table-present;security-lifecycle-current-only
TPEX,2025-02-06,official-open,partial,949,covered,current-only,covered,current-only,unknown,partial,fundamental-coverage-limited-to-2026-06-and-2026Q1;market-status-current-only;no-dated-corporate-action-observation;official-closing-table-present;security-lifecycle-current-only
TWSE,2025-02-07,official-open,partial,1278,covered,current-only,covered,current-only,unknown,partial,fundamental-coverage-limited-to-2026-06-and-2026Q1;market-status-current-only;no-dated-corporate-action-observation;official-closing-table-present;security-lifecycle-current-only
TPEX,2025-02-07,official-open,partial,949,covered,current-only,covered,current-only,unknown,partial,fundamental-coverage-limited-to-2026-06-and-2026Q1;market-status-current-only;no-dated-corporate-action-observation;official-closing-table-present;security-lifecycle-current-only
TWSE,2025-02-08,official-closed,not-session,0,covered,current-only,official-no-data,current-only,unknown,partial,closure-corroborated-by-both-markets-absence;fundamental-coverage-limited-to-2026-06-and-2026Q1;market-status-current-only;no-dated-corporate-action-observation;security-lifecycle-current-only
TPEX,2025-02-08,official-closed,not-session,0,covered,current-only,official-no-data,current-only,unknown,partial,closure-corroborated-by-both-markets-absence;fundamental-coverage-limited-to-2026-06-and-2026Q1;market-status-current-only;no-dated-corporate-action-observation;security-lifecycle-current-only
TWSE,2025-02-09,official-closed,not-session,0,covered,current-only,official-no-data,current-only,unknown,partial,closure-corroborated-by-both-markets-absence;fundamental-coverage-limited-to-2026-06-and-2026Q1;market-status-current-only;no-dated-corporate-action-observation;security-lifecycle-current-only
TPEX,2025-02-09,official-closed,not-session,0,covered,current-only,official-no-data,current-only,unknown,partial,closure-corroborated-by-both-markets-absence;fundamental-coverage-limited-to-2026-06-and-2026Q1;market-status-current-only;no-dated-corporate-action-observation;security-lifecycle-current-only
TWSE,2025-02-10,official-open,partial,1278,covered,current-only,covered,current-only,unknown,partial,fundamental-coverage-limited-to-2026-06-and-2026Q1;market-status-current-only;no-dated-corporate-action-observation;official-closing-table-present;security-lifecycle-current-only
TPEX,2025-02-10,official-open,partial,949,covered,current-only,covered,current-only,unknown,partial,fundamental-coverage-limited-to-2026-06-and-2026Q1;market-status-current-only;no-dated-corporate-action-observation;official-closing-table-present;security-lifecycle-current-only
TWSE,2025-02-11,official-open,partial,1280,covered,current-only,covered,current-only,unknown,partial,fundamental-coverage-limited-to-2026-06-and-2026Q1;market-status-current-only;no-dated-corporate-action-observation;official-closing-table-present;security-lifecycle-current-only
TPEX,2025-02-11,official-open,partial,949,covered,current-only,covered,current-only,unknown,partial,fundamental-coverage-limited-to-2026-06-and-2026Q1;market-status-current-only;no-dated-corporate-action-observation;official-closing-table-present;security-lifecycle-current-only
TWSE,2025-02-12,official-open,partial,1280,covered,current-only,covered,current-only,unknown,partial,fundamental-coverage-limited-to-2026-06-and-2026Q1;market-status-current-only;no-dated-corporate-action-observation;official-closing-table-present;security-lifecycle-current-only
TPEX,2025-02-12,official-open,partial,949,covered,current-only,covered,current-only,unknown,partial,fundamental-coverage-limited-to-2026-06-and-2026Q1;market-status-current-only;no-dated-corporate-action-observation;official-closing-table-present;security-lifecycle-current-only
TWSE,2025-02-13,official-open,partial,1280,covered,current-only,covered,current-only,unknown,partial,fundamental-coverage-limited-to-2026-06-and-2026Q1;market-status-current-only;no-dated-corporate-action-observation;official-closing-table-present;security-lifecycle-current-only
TPEX,2025-02-13,official-open,partial,949,covered,current-only,covered,current-only,unknown,partial,fundamental-coverage-limited-to-2026-06-and-2026Q1;market-status-current-only;no-dated-corporate-action-observation;official-closing-table-present;security-lifecycle-current-only
TWSE,2025-02-14,official-open,partial,1280,covered,current-only,covered,current-only,unknown,partial,fundamental-coverage-limited-to-2026-06-and-2026Q1;market-status-current-only;no-dated-corporate-action-observation;official-closing-table-present;security-lifecycle-current-only
TPEX,2025-02-14,official-open,partial,949,covered,current-only,covered,current-only,unknown,partial,fundamental-coverage-limited-to-2026-06-and-2026Q1;market-status-current-only;no-dated-corporate-action-observation;official-closing-table-present;security-lifecycle-current-only
TWSE,2025-02-15,official-closed,not-session,0,covered,current-only,official-no-data,current-only,unknown,partial,closure-corroborated-by-both-markets-absence;fundamental-coverage-limited-to-2026-06-and-2026Q1;market-status-current-only;no-dated-corporate-action-observation;security-lifecycle-current-only
TPEX,2025-02-15,official-closed,not-session,0,covered,current-only,official-no-data,current-only,unknown,partial,closure-corroborated-by-both-markets-absence;fundamental-coverage-limited-to-2026-06-and-2026Q1;market-status-current-only;no-dated-corporate-action-observation;security-lifecycle-current-only
TWSE,2025-02-16,official-closed,not-session,0,covered,current-only,official-no-data,current-only,unknown,partial,closure-corroborated-by-both-markets-absence;fundamental-coverage-limited-to-2026-06-and-2026Q1;market-status-current-only;no-dated-corporate-action-observation;security-lifecycle-current-only
TPEX,2025-02-16,official-closed,not-session,0,covered,current-only,official-no-data,current-only,unknown,partial,closure-corroborated-by-both-markets-absence;fundamental-coverage-limited-to-2026-06-and-2026Q1;market-status-current-only;no-dated-corporate-action-observation;security-lifecycle-current-only
TWSE,2025-02-17,official-open,partial,1280,covered,current-only,covered,current-only,unknown,partial,fundamental-coverage-limited-to-2026-06-and-2026Q1;market-status-current-only;no-dated-corporate-action-observation;official-closing-table-present;security-lifecycle-current-only
TPEX,2025-02-17,official-open,partial,949,covered,current-only,covered,current-only,unknown,partial,fundamental-coverage-limited-to-2026-06-and-2026Q1;market-status-current-only;no-dated-corporate-action-observation;official-closing-table-present;security-lifecycle-current-only
TWSE,2025-02-18,official-open,partial,1280,covered,current-only,covered,current-only,unknown,partial,fundamental-coverage-limited-to-2026-06-and-2026Q1;market-status-current-only;no-dated-corporate-action-observation;official-closing-table-present;security-lifecycle-current-only
TPEX,2025-02-18,official-open,partial,949,covered,current-only,covered,current-only,unknown,partial,fundamental-coverage-limited-to-2026-06-and-2026Q1;market-status-current-only;no-dated-corporate-action-observation;official-closing-table-present;security-lifecycle-current-only
TWSE,2025-02-19,official-open,partial,1281,covered,current-only,covered,current-only,unknown,partial,fundamental-coverage-limited-to-2026-06-and-2026Q1;market-status-current-only;no-dated-corporate-action-observation;official-closing-table-present;security-lifecycle-current-only
TPEX,2025-02-19,official-open,partial,949,covered,current-only,covered,current-only,unknown,partial,fundamental-coverage-limited-to-2026-06-and-2026Q1;market-status-current-only;no-dated-corporate-action-observation;official-closing-table-present;security-lifecycle-current-only
TWSE,2025-02-20,official-open,partial,1281,covered,current-only,covered,current-only,unknown,partial,fundamental-coverage-limited-to-2026-06-and-2026Q1;market-status-current-only;no-dated-corporate-action-observation;official-closing-table-present;security-lifecycle-current-only
TPEX,2025-02-20,official-open,partial,950,covered,current-only,covered,current-only,unknown,partial,fundamental-coverage-limited-to-2026-06-and-2026Q1;market-status-current-only;no-dated-corporate-action-observation;official-closing-table-present;security-lifecycle-current-only
TWSE,2025-02-21,official-open,partial,1281,covered,current-only,covered,current-only,unknown,partial,fundamental-coverage-limited-to-2026-06-and-2026Q1;market-status-current-only;no-dated-corporate-action-observation;official-closing-table-present;security-lifecycle-current-only
TPEX,2025-02-21,official-open,partial,950,covered,current-only,covered,current-only,unknown,partial,fundamental-coverage-limited-to-2026-06-and-2026Q1;market-status-current-only;no-dated-corporate-action-observation;official-closing-table-present;security-lifecycle-current-only
TWSE,2025-02-22,official-closed,not-session,0,covered,current-only,official-no-data,current-only,unknown,partial,closure-corroborated-by-both-markets-absence;fundamental-coverage-limited-to-2026-06-and-2026Q1;market-status-current-only;no-dated-corporate-action-observation;security-lifecycle-current-only
TPEX,2025-02-22,official-closed,not-session,0,covered,current-only,official-no-data,current-only,unknown,partial,closure-corroborated-by-both-markets-absence;fundamental-coverage-limited-to-2026-06-and-2026Q1;market-status-current-only;no-dated-corporate-action-observation;security-lifecycle-current-only
TWSE,2025-02-23,official-closed,not-session,0,covered,current-only,official-no-data,current-only,unknown,partial,closure-corroborated-by-both-markets-absence;fundamental-coverage-limited-to-2026-06-and-2026Q1;market-status-current-only;no-dated-corporate-action-observation;security-lifecycle-current-only
TPEX,2025-02-23,official-closed,not-session,0,covered,current-only,official-no-data,current-only,unknown,partial,closure-corroborated-by-both-markets-absence;fundamental-coverage-limited-to-2026-06-and-2026Q1;market-status-current-only;no-dated-corporate-action-observation;security-lifecycle-current-only
TWSE,2025-02-24,official-open,partial,1281,covered,current-only,covered,current-only,unknown,partial,fundamental-coverage-limited-to-2026-06-and-2026Q1;market-status-current-only;no-dated-corporate-action-observation;official-closing-table-present;security-lifecycle-current-only
TPEX,2025-02-24,official-open,partial,951,covered,current-only,covered,current-only,unknown,partial,fundamental-coverage-limited-to-2026-06-and-2026Q1;market-status-current-only;no-dated-corporate-action-observation;official-closing-table-present;security-lifecycle-current-only
TWSE,2025-02-25,official-open,partial,1281,covered,current-only,covered,current-only,unknown,partial,fundamental-coverage-limited-to-2026-06-and-2026Q1;market-status-current-only;no-dated-corporate-action-observation;official-closing-table-present;security-lifecycle-current-only
TPEX,2025-02-25,official-open,partial,952,covered,current-only,covered,current-only,unknown,partial,fundamental-coverage-limited-to-2026-06-and-2026Q1;market-status-current-only;no-dated-corporate-action-observation;official-closing-table-present;security-lifecycle-current-only
TWSE,2025-02-26,official-open,partial,1281,covered,current-only,covered,current-only,unknown,partial,fundamental-coverage-limited-to-2026-06-and-2026Q1;market-status-current-only;no-dated-corporate-action-observation;official-closing-table-present;security-lifecycle-current-only
TPEX,2025-02-26,official-open,partial,953,covered,current-only,covered,current-only,unknown,partial,fundamental-coverage-limited-to-2026-06-and-2026Q1;market-status-current-only;no-dated-corporate-action-observation;official-closing-table-present;security-lifecycle-current-only
TWSE,2025-02-27,official-open,partial,1281,covered,current-only,covered,current-only,unknown,partial,fundamental-coverage-limited-to-2026-06-and-2026Q1;market-status-current-only;no-dated-corporate-action-observation;official-closing-table-present;security-lifecycle-current-only
TPEX,2025-02-27,official-open,partial,953,covered,current-only,covered,current-only,unknown,partial,fundamental-coverage-limited-to-2026-06-and-2026Q1;market-status-current-only;no-dated-corporate-action-observation;official-closing-table-present;security-lifecycle-current-only
TWSE,2025-02-28,official-closed,not-session,0,covered,current-only,official-no-data,current-only,unknown,partial,closure-corroborated-by-both-markets-absence;fundamental-coverage-limited-to-2026-06-and-2026Q1;market-status-current-only;no-dated-corporate-action-observation;security-lifecycle-current-only
TPEX,2025-02-28,official-closed,not-session,0,covered,current-only,official-no-data,current-only,unknown,partial,closure-corroborated-by-both-markets-absence;fundamental-coverage-limited-to-2026-06-and-2026Q1;market-status-current-only;no-dated-corporate-action-observation;security-lifecycle-current-only
TWSE,2025-03-01,official-closed,not-session,0,covered,current-only,official-no-data,current-only,unknown,partial,closure-corroborated-by-both-markets-absence;fundamental-coverage-limited-to-2026-06-and-2026Q1;market-status-current-only;no-dated-corporate-action-observation;security-lifecycle-current-only
TPEX,2025-03-01,official-closed,not-session,0,covered,current-only,official-no-data,current-only,unknown,partial,closure-corroborated-by-both-markets-absence;fundamental-coverage-limited-to-2026-06-and-2026Q1;market-status-current-only;no-dated-corporate-action-observation;security-lifecycle-current-only
TWSE,2025-03-02,official-closed,not-session,0,covered,current-only,official-no-data,current-only,unknown,partial,closure-corroborated-by-both-markets-absence;fundamental-coverage-limited-to-2026-06-and-2026Q1;market-status-current-only;no-dated-corporate-action-observation;security-lifecycle-current-only
TPEX,2025-03-02,official-closed,not-session,0,covered,current-only,official-no-data,current-only,unknown,partial,closure-corroborated-by-both-markets-absence;fundamental-coverage-limited-to-2026-06-and-2026Q1;market-status-current-only;no-dated-corporate-action-observation;security-lifecycle-current-only
TWSE,2025-03-03,official-open,partial,1281,covered,current-only,covered,current-only,unknown,partial,fundamental-coverage-limited-to-2026-06-and-2026Q1;market-status-current-only;no-dated-corporate-action-observation;official-closing-table-present;security-lifecycle-current-only
TPEX,2025-03-03,official-open,partial,953,covered,current-only,covered,current-only,unknown,partial,fundamental-coverage-limited-to-2026-06-and-2026Q1;market-status-current-only;no-dated-corporate-action-observation;official-closing-table-present;security-lifecycle-current-only
TWSE,2025-03-04,official-open,partial,1281,covered,current-only,covered,current-only,unknown,partial,fundamental-coverage-limited-to-2026-06-and-2026Q1;market-status-current-only;no-dated-corporate-action-observation;official-closing-table-present;security-lifecycle-current-only
TPEX,2025-03-04,official-open,partial,953,covered,current-only,covered,current-only,unknown,partial,fundamental-coverage-limited-to-2026-06-and-2026Q1;market-status-current-only;no-dated-corporate-action-observation;official-closing-table-present;security-lifecycle-current-only
TWSE,2025-03-05,official-open,partial,1281,covered,current-only,covered,current-only,unknown,partial,fundamental-coverage-limited-to-2026-06-and-2026Q1;market-status-current-only;no-dated-corporate-action-observation;official-closing-table-present;security-lifecycle-current-only
TPEX,2025-03-05,official-open,partial,953,covered,current-only,covered,current-only,unknown,partial,fundamental-coverage-limited-to-2026-06-and-2026Q1;market-status-current-only;no-dated-corporate-action-observation;official-closing-table-present;security-lifecycle-current-only
TWSE,2025-03-06,official-open,partial,1281,covered,current-only,covered,current-only,unknown,partial,fundamental-coverage-limited-to-2026-06-and-2026Q1;market-status-current-only;no-dated-corporate-action-observation;official-closing-table-present;security-lifecycle-current-only
TPEX,2025-03-06,official-open,partial,954,covered,current-only,covered,current-only,unknown,partial,fundamental-coverage-limited-to-2026-06-and-2026Q1;market-status-current-only;no-dated-corporate-action-observation;official-closing-table-present;security-lifecycle-current-only
TWSE,2025-03-07,official-open,partial,1282,covered,current-only,covered,current-only,unknown,partial,fundamental-coverage-limited-to-2026-06-and-2026Q1;market-status-current-only;no-dated-corporate-action-observation;official-closing-table-present;security-lifecycle-current-only
TPEX,2025-03-07,official-open,partial,955,covered,current-only,covered,current-only,unknown,partial,fundamental-coverage-limited-to-2026-06-and-2026Q1;market-status-current-only;no-dated-corporate-action-observation;official-closing-table-present;security-lifecycle-current-only
TWSE,2025-03-08,official-closed,not-session,0,covered,current-only,official-no-data,current-only,unknown,partial,closure-corroborated-by-both-markets-absence;fundamental-coverage-limited-to-2026-06-and-2026Q1;market-status-current-only;no-dated-corporate-action-observation;security-lifecycle-current-only
TPEX,2025-03-08,official-closed,not-session,0,covered,current-only,official-no-data,current-only,unknown,partial,closure-corroborated-by-both-markets-absence;fundamental-coverage-limited-to-2026-06-and-2026Q1;market-status-current-only;no-dated-corporate-action-observation;security-lifecycle-current-only
TWSE,2025-03-09,official-closed,not-session,0,covered,current-only,official-no-data,current-only,unknown,partial,closure-corroborated-by-both-markets-absence;fundamental-coverage-limited-to-2026-06-and-2026Q1;market-status-current-only;no-dated-corporate-action-observation;security-lifecycle-current-only
TPEX,2025-03-09,official-closed,not-session,0,covered,current-only,official-no-data,current-only,unknown,partial,closure-corroborated-by-both-markets-absence;fundamental-coverage-limited-to-2026-06-and-2026Q1;market-status-current-only;no-dated-corporate-action-observation;security-lifecycle-current-only
TWSE,2025-03-10,official-open,partial,1283,covered,current-only,covered,current-only,unknown,partial,fundamental-coverage-limited-to-2026-06-and-2026Q1;market-status-current-only;no-dated-corporate-action-observation;official-closing-table-present;security-lifecycle-current-only
TPEX,2025-03-10,official-open,partial,956,covered,current-only,covered,current-only,unknown,partial,fundamental-coverage-limited-to-2026-06-and-2026Q1;market-status-current-only;no-dated-corporate-action-observation;official-closing-table-present;security-lifecycle-current-only
TWSE,2025-03-11,official-open,partial,1283,covered,current-only,covered,current-only,unknown,partial,fundamental-coverage-limited-to-2026-06-and-2026Q1;market-status-current-only;no-dated-corporate-action-observation;official-closing-table-present;security-lifecycle-current-only
TPEX,2025-03-11,official-open,partial,956,covered,current-only,covered,current-only,unknown,partial,fundamental-coverage-limited-to-2026-06-and-2026Q1;market-status-current-only;no-dated-corporate-action-observation;official-closing-table-present;security-lifecycle-current-only
TWSE,2025-03-12,official-open,partial,1283,covered,current-only,covered,current-only,unknown,partial,fundamental-coverage-limited-to-2026-06-and-2026Q1;market-status-current-only;no-dated-corporate-action-observation;official-closing-table-present;security-lifecycle-current-only
TPEX,2025-03-12,official-open,partial,956,covered,current-only,covered,current-only,unknown,partial,fundamental-coverage-limited-to-2026-06-and-2026Q1;market-status-current-only;no-dated-corporate-action-observation;official-closing-table-present;security-lifecycle-current-only
TWSE,2025-03-13,official-open,partial,1286,covered,current-only,covered,current-only,unknown,partial,fundamental-coverage-limited-to-2026-06-and-2026Q1;market-status-current-only;no-dated-corporate-action-observation;official-closing-table-present;security-lifecycle-current-only
TPEX,2025-03-13,official-open,partial,956,covered,current-only,covered,current-only,unknown,partial,fundamental-coverage-limited-to-2026-06-and-2026Q1;market-status-current-only;no-dated-corporate-action-observation;official-closing-table-present;security-lifecycle-current-only
TWSE,2025-03-14,official-open,partial,1286,covered,current-only,covered,current-only,unknown,partial,fundamental-coverage-limited-to-2026-06-and-2026Q1;market-status-current-only;no-dated-corporate-action-observation;official-closing-table-present;security-lifecycle-current-only
TPEX,2025-03-14,official-open,partial,956,covered,current-only,covered,current-only,unknown,partial,fundamental-coverage-limited-to-2026-06-and-2026Q1;market-status-current-only;no-dated-corporate-action-observation;official-closing-table-present;security-lifecycle-current-only
TWSE,2025-03-15,official-closed,not-session,0,covered,current-only,official-no-data,current-only,unknown,partial,closure-corroborated-by-both-markets-absence;fundamental-coverage-limited-to-2026-06-and-2026Q1;market-status-current-only;no-dated-corporate-action-observation;security-lifecycle-current-only
TPEX,2025-03-15,official-closed,not-session,0,covered,current-only,official-no-data,current-only,unknown,partial,closure-corroborated-by-both-markets-absence;fundamental-coverage-limited-to-2026-06-and-2026Q1;market-status-current-only;no-dated-corporate-action-observation;security-lifecycle-current-only
TWSE,2025-03-16,official-closed,not-session,0,covered,current-only,official-no-data,current-only,unknown,partial,closure-corroborated-by-both-markets-absence;fundamental-coverage-limited-to-2026-06-and-2026Q1;market-status-current-only;no-dated-corporate-action-observation;security-lifecycle-current-only
TPEX,2025-03-16,official-closed,not-session,0,covered,current-only,official-no-data,current-only,unknown,partial,closure-corroborated-by-both-markets-absence;fundamental-coverage-limited-to-2026-06-and-2026Q1;market-status-current-only;no-dated-corporate-action-observation;security-lifecycle-current-only
TWSE,2025-03-17,official-open,partial,1286,covered,current-only,covered,current-only,unknown,partial,fundamental-coverage-limited-to-2026-06-and-2026Q1;market-status-current-only;no-dated-corporate-action-observation;official-closing-table-present;security-lifecycle-current-only
TPEX,2025-03-17,official-open,partial,956,covered,current-only,covered,current-only,unknown,partial,fundamental-coverage-limited-to-2026-06-and-2026Q1;market-status-current-only;no-dated-corporate-action-observation;official-closing-table-present;security-lifecycle-current-only
TWSE,2025-03-18,official-open,partial,1287,covered,current-only,covered,current-only,unknown,partial,fundamental-coverage-limited-to-2026-06-and-2026Q1;market-status-current-only;no-dated-corporate-action-observation;official-closing-table-present;security-lifecycle-current-only
TPEX,2025-03-18,official-open,partial,957,covered,current-only,covered,current-only,unknown,partial,fundamental-coverage-limited-to-2026-06-and-2026Q1;market-status-current-only;no-dated-corporate-action-observation;official-closing-table-present;security-lifecycle-current-only
TWSE,2025-03-19,official-open,partial,1288,covered,current-only,covered,current-only,unknown,partial,fundamental-coverage-limited-to-2026-06-and-2026Q1;market-status-current-only;no-dated-corporate-action-observation;official-closing-table-present;security-lifecycle-current-only
TPEX,2025-03-19,official-open,partial,957,covered,current-only,covered,current-only,unknown,partial,fundamental-coverage-limited-to-2026-06-and-2026Q1;market-status-current-only;no-dated-corporate-action-observation;official-closing-table-present;security-lifecycle-current-only
TWSE,2025-03-20,official-open,partial,1288,covered,current-only,covered,current-only,unknown,partial,fundamental-coverage-limited-to-2026-06-and-2026Q1;market-status-current-only;no-dated-corporate-action-observation;official-closing-table-present;security-lifecycle-current-only
TPEX,2025-03-20,official-open,partial,956,covered,current-only,covered,current-only,unknown,partial,fundamental-coverage-limited-to-2026-06-and-2026Q1;market-status-current-only;no-dated-corporate-action-observation;official-closing-table-present;security-lifecycle-current-only
TWSE,2025-03-21,official-open,partial,1288,covered,current-only,covered,current-only,unknown,partial,fundamental-coverage-limited-to-2026-06-and-2026Q1;market-status-current-only;no-dated-corporate-action-observation;official-closing-table-present;security-lifecycle-current-only
TPEX,2025-03-21,official-open,partial,956,covered,current-only,covered,current-only,unknown,partial,fundamental-coverage-limited-to-2026-06-and-2026Q1;market-status-current-only;no-dated-corporate-action-observation;official-closing-table-present;security-lifecycle-current-only
TWSE,2025-03-22,official-closed,not-session,0,covered,current-only,official-no-data,current-only,unknown,partial,closure-corroborated-by-both-markets-absence;fundamental-coverage-limited-to-2026-06-and-2026Q1;market-status-current-only;no-dated-corporate-action-observation;security-lifecycle-current-only
TPEX,2025-03-22,official-closed,not-session,0,covered,current-only,official-no-data,current-only,unknown,partial,closure-corroborated-by-both-markets-absence;fundamental-coverage-limited-to-2026-06-and-2026Q1;market-status-current-only;no-dated-corporate-action-observation;security-lifecycle-current-only
TWSE,2025-03-23,official-closed,not-session,0,covered,current-only,official-no-data,current-only,unknown,partial,closure-corroborated-by-both-markets-absence;fundamental-coverage-limited-to-2026-06-and-2026Q1;market-status-current-only;no-dated-corporate-action-observation;security-lifecycle-current-only
TPEX,2025-03-23,official-closed,not-session,0,covered,current-only,official-no-data,current-only,unknown,partial,closure-corroborated-by-both-markets-absence;fundamental-coverage-limited-to-2026-06-and-2026Q1;market-status-current-only;no-dated-corporate-action-observation;security-lifecycle-current-only
TWSE,2025-03-24,official-open,partial,1288,covered,current-only,covered,current-only,unknown,partial,fundamental-coverage-limited-to-2026-06-and-2026Q1;market-status-current-only;no-dated-corporate-action-observation;official-closing-table-present;security-lifecycle-current-only
TPEX,2025-03-24,official-open,partial,956,covered,current-only,covered,current-only,unknown,partial,fundamental-coverage-limited-to-2026-06-and-2026Q1;market-status-current-only;no-dated-corporate-action-observation;official-closing-table-present;security-lifecycle-current-only
TWSE,2025-03-25,official-open,partial,1286,covered,current-only,covered,current-only,unknown,partial,fundamental-coverage-limited-to-2026-06-and-2026Q1;market-status-current-only;no-dated-corporate-action-observation;official-closing-table-present;security-lifecycle-current-only
TPEX,2025-03-25,official-open,partial,957,covered,current-only,covered,current-only,unknown,partial,fundamental-coverage-limited-to-2026-06-and-2026Q1;market-status-current-only;no-dated-corporate-action-observation;official-closing-table-present;security-lifecycle-current-only
TWSE,2025-03-26,official-open,partial,1286,covered,current-only,covered,current-only,unknown,partial,fundamental-coverage-limited-to-2026-06-and-2026Q1;market-status-current-only;no-dated-corporate-action-observation;official-closing-table-present;security-lifecycle-current-only
TPEX,2025-03-26,official-open,partial,957,covered,current-only,covered,current-only,unknown,partial,fundamental-coverage-limited-to-2026-06-and-2026Q1;market-status-current-only;no-dated-corporate-action-observation;official-closing-table-present;security-lifecycle-current-only
TWSE,2025-03-27,official-open,partial,1286,covered,current-only,covered,current-only,unknown,partial,fundamental-coverage-limited-to-2026-06-and-2026Q1;market-status-current-only;no-dated-corporate-action-observation;official-closing-table-present;security-lifecycle-current-only
TPEX,2025-03-27,official-open,partial,957,covered,current-only,covered,current-only,unknown,partial,fundamental-coverage-limited-to-2026-06-and-2026Q1;market-status-current-only;no-dated-corporate-action-observation;official-closing-table-present;security-lifecycle-current-only
TWSE,2025-03-28,official-open,partial,1286,covered,current-only,covered,current-only,unknown,partial,fundamental-coverage-limited-to-2026-06-and-2026Q1;market-status-current-only;no-dated-corporate-action-observation;official-closing-table-present;security-lifecycle-current-only
TPEX,2025-03-28,official-open,partial,957,covered,current-only,covered,current-only,unknown,partial,fundamental-coverage-limited-to-2026-06-and-2026Q1;market-status-current-only;no-dated-corporate-action-observation;official-closing-table-present;security-lifecycle-current-only
TWSE,2025-03-29,official-closed,not-session,0,covered,current-only,official-no-data,current-only,unknown,partial,closure-corroborated-by-both-markets-absence;fundamental-coverage-limited-to-2026-06-and-2026Q1;market-status-current-only;no-dated-corporate-action-observation;security-lifecycle-current-only
TPEX,2025-03-29,official-closed,not-session,0,covered,current-only,official-no-data,current-only,unknown,partial,closure-corroborated-by-both-markets-absence;fundamental-coverage-limited-to-2026-06-and-2026Q1;market-status-current-only;no-dated-corporate-action-observation;security-lifecycle-current-only
TWSE,2025-03-30,official-closed,not-session,0,covered,current-only,official-no-data,current-only,unknown,partial,closure-corroborated-by-both-markets-absence;fundamental-coverage-limited-to-2026-06-and-2026Q1;market-status-current-only;no-dated-corporate-action-observation;security-lifecycle-current-only
TPEX,2025-03-30,official-closed,not-session,0,covered,current-only,official-no-data,current-only,unknown,partial,closure-corroborated-by-both-markets-absence;fundamental-coverage-limited-to-2026-06-and-2026Q1;market-status-current-only;no-dated-corporate-action-observation;security-lifecycle-current-only
TWSE,2025-03-31,official-open,partial,1286,covered,current-only,covered,current-only,unknown,partial,fundamental-coverage-limited-to-2026-06-and-2026Q1;market-status-current-only;no-dated-corporate-action-observation;official-closing-table-present;security-lifecycle-current-only
TPEX,2025-03-31,official-open,partial,958,covered,current-only,covered,current-only,unknown,partial,fundamental-coverage-limited-to-2026-06-and-2026Q1;market-status-current-only;no-dated-corporate-action-observation;official-closing-table-present;security-lifecycle-current-only
TWSE,2025-04-01,official-open,partial,1286,covered,current-only,covered,current-only,unknown,partial,fundamental-coverage-limited-to-2026-06-and-2026Q1;market-status-current-only;no-dated-corporate-action-observation;official-closing-table-present;security-lifecycle-current-only
TPEX,2025-04-01,official-open,partial,958,covered,current-only,covered,current-only,unknown,partial,fundamental-coverage-limited-to-2026-06-and-2026Q1;market-status-current-only;no-dated-corporate-action-observation;official-closing-table-present;security-lifecycle-current-only
TWSE,2025-04-02,official-open,partial,1286,covered,current-only,covered,current-only,unknown,partial,fundamental-coverage-limited-to-2026-06-and-2026Q1;market-status-current-only;no-dated-corporate-action-observation;official-closing-table-present;security-lifecycle-current-only
TPEX,2025-04-02,official-open,partial,958,covered,current-only,covered,current-only,unknown,partial,fundamental-coverage-limited-to-2026-06-and-2026Q1;market-status-current-only;no-dated-corporate-action-observation;official-closing-table-present;security-lifecycle-current-only
TWSE,2025-04-03,official-closed,not-session,0,covered,current-only,official-no-data,current-only,unknown,partial,closure-corroborated-by-both-markets-absence;fundamental-coverage-limited-to-2026-06-and-2026Q1;market-status-current-only;no-dated-corporate-action-observation;security-lifecycle-current-only
TPEX,2025-04-03,official-closed,not-session,0,covered,current-only,official-no-data,current-only,unknown,partial,closure-corroborated-by-both-markets-absence;fundamental-coverage-limited-to-2026-06-and-2026Q1;market-status-current-only;no-dated-corporate-action-observation;security-lifecycle-current-only
TWSE,2025-04-04,official-closed,not-session,0,covered,current-only,official-no-data,current-only,unknown,partial,closure-corroborated-by-both-markets-absence;fundamental-coverage-limited-to-2026-06-and-2026Q1;market-status-current-only;no-dated-corporate-action-observation;security-lifecycle-current-only
TPEX,2025-04-04,official-closed,not-session,0,covered,current-only,official-no-data,current-only,unknown,partial,closure-corroborated-by-both-markets-absence;fundamental-coverage-limited-to-2026-06-and-2026Q1;market-status-current-only;no-dated-corporate-action-observation;security-lifecycle-current-only
TWSE,2025-04-05,official-closed,not-session,0,covered,current-only,official-no-data,current-only,unknown,partial,closure-corroborated-by-both-markets-absence;fundamental-coverage-limited-to-2026-06-and-2026Q1;market-status-current-only;no-dated-corporate-action-observation;security-lifecycle-current-only
TPEX,2025-04-05,official-closed,not-session,0,covered,current-only,official-no-data,current-only,unknown,partial,closure-corroborated-by-both-markets-absence;fundamental-coverage-limited-to-2026-06-and-2026Q1;market-status-current-only;no-dated-corporate-action-observation;security-lifecycle-current-only
TWSE,2025-04-06,official-closed,not-session,0,covered,current-only,official-no-data,current-only,unknown,partial,closure-corroborated-by-both-markets-absence;fundamental-coverage-limited-to-2026-06-and-2026Q1;market-status-current-only;no-dated-corporate-action-observation;security-lifecycle-current-only
TPEX,2025-04-06,official-closed,not-session,0,covered,current-only,official-no-data,current-only,unknown,partial,closure-corroborated-by-both-markets-absence;fundamental-coverage-limited-to-2026-06-and-2026Q1;market-status-current-only;no-dated-corporate-action-observation;security-lifecycle-current-only
TWSE,2025-04-07,official-open,partial,1285,covered,current-only,covered,current-only,unknown,partial,fundamental-coverage-limited-to-2026-06-and-2026Q1;market-status-current-only;no-dated-corporate-action-observation;official-closing-table-present;security-lifecycle-current-only
TPEX,2025-04-07,official-open,partial,957,covered,current-only,covered,current-only,unknown,partial,fundamental-coverage-limited-to-2026-06-and-2026Q1;market-status-current-only;no-dated-corporate-action-observation;official-closing-table-present;security-lifecycle-current-only
TWSE,2025-04-08,official-open,partial,1285,covered,current-only,covered,current-only,unknown,partial,fundamental-coverage-limited-to-2026-06-and-2026Q1;market-status-current-only;no-dated-corporate-action-observation;official-closing-table-present;security-lifecycle-current-only
TPEX,2025-04-08,official-open,partial,957,covered,current-only,covered,current-only,unknown,partial,fundamental-coverage-limited-to-2026-06-and-2026Q1;market-status-current-only;no-dated-corporate-action-observation;official-closing-table-present;security-lifecycle-current-only
TWSE,2025-04-09,official-open,partial,1285,covered,current-only,covered,current-only,unknown,partial,fundamental-coverage-limited-to-2026-06-and-2026Q1;market-status-current-only;no-dated-corporate-action-observation;official-closing-table-present;security-lifecycle-current-only
TPEX,2025-04-09,official-open,partial,957,covered,current-only,covered,current-only,unknown,partial,fundamental-coverage-limited-to-2026-06-and-2026Q1;market-status-current-only;no-dated-corporate-action-observation;official-closing-table-present;security-lifecycle-current-only
TWSE,2025-04-10,official-open,partial,1285,covered,current-only,covered,current-only,unknown,partial,fundamental-coverage-limited-to-2026-06-and-2026Q1;market-status-current-only;no-dated-corporate-action-observation;official-closing-table-present;security-lifecycle-current-only
TPEX,2025-04-10,official-open,partial,957,covered,current-only,covered,current-only,unknown,partial,fundamental-coverage-limited-to-2026-06-and-2026Q1;market-status-current-only;no-dated-corporate-action-observation;official-closing-table-present;security-lifecycle-current-only
TWSE,2025-04-11,official-open,partial,1285,covered,current-only,covered,current-only,unknown,partial,fundamental-coverage-limited-to-2026-06-and-2026Q1;market-status-current-only;no-dated-corporate-action-observation;official-closing-table-present;security-lifecycle-current-only
TPEX,2025-04-11,official-open,partial,957,covered,current-only,covered,current-only,unknown,partial,fundamental-coverage-limited-to-2026-06-and-2026Q1;market-status-current-only;no-dated-corporate-action-observation;official-closing-table-present;security-lifecycle-current-only
TWSE,2025-04-12,official-closed,not-session,0,covered,current-only,official-no-data,current-only,unknown,partial,closure-corroborated-by-both-markets-absence;fundamental-coverage-limited-to-2026-06-and-2026Q1;market-status-current-only;no-dated-corporate-action-observation;security-lifecycle-current-only
TPEX,2025-04-12,official-closed,not-session,0,covered,current-only,official-no-data,current-only,unknown,partial,closure-corroborated-by-both-markets-absence;fundamental-coverage-limited-to-2026-06-and-2026Q1;market-status-current-only;no-dated-corporate-action-observation;security-lifecycle-current-only
TWSE,2025-04-13,official-closed,not-session,0,covered,current-only,official-no-data,current-only,unknown,partial,closure-corroborated-by-both-markets-absence;fundamental-coverage-limited-to-2026-06-and-2026Q1;market-status-current-only;no-dated-corporate-action-observation;security-lifecycle-current-only
TPEX,2025-04-13,official-closed,not-session,0,covered,current-only,official-no-data,current-only,unknown,partial,closure-corroborated-by-both-markets-absence;fundamental-coverage-limited-to-2026-06-and-2026Q1;market-status-current-only;no-dated-corporate-action-observation;security-lifecycle-current-only
TWSE,2025-04-14,official-open,partial,1285,covered,current-only,covered,current-only,unknown,partial,fundamental-coverage-limited-to-2026-06-and-2026Q1;market-status-current-only;no-dated-corporate-action-observation;official-closing-table-present;security-lifecycle-current-only
TPEX,2025-04-14,official-open,partial,957,covered,current-only,covered,current-only,unknown,partial,fundamental-coverage-limited-to-2026-06-and-2026Q1;market-status-current-only;no-dated-corporate-action-observation;official-closing-table-present;security-lifecycle-current-only
TWSE,2025-04-15,official-open,partial,1285,covered,current-only,covered,current-only,unknown,partial,fundamental-coverage-limited-to-2026-06-and-2026Q1;market-status-current-only;no-dated-corporate-action-observation;official-closing-table-present;security-lifecycle-current-only
TPEX,2025-04-15,official-open,partial,957,covered,current-only,covered,current-only,unknown,partial,fundamental-coverage-limited-to-2026-06-and-2026Q1;market-status-current-only;no-dated-corporate-action-observation;official-closing-table-present;security-lifecycle-current-only
TWSE,2025-04-16,official-open,partial,1286,covered,current-only,covered,current-only,unknown,partial,fundamental-coverage-limited-to-2026-06-and-2026Q1;market-status-current-only;no-dated-corporate-action-observation;official-closing-table-present;security-lifecycle-current-only
TPEX,2025-04-16,official-open,partial,956,covered,current-only,covered,current-only,unknown,partial,fundamental-coverage-limited-to-2026-06-and-2026Q1;market-status-current-only;no-dated-corporate-action-observation;official-closing-table-present;security-lifecycle-current-only
TWSE,2025-04-17,official-open,partial,1286,covered,current-only,covered,current-only,unknown,partial,fundamental-coverage-limited-to-2026-06-and-2026Q1;market-status-current-only;no-dated-corporate-action-observation;official-closing-table-present;security-lifecycle-current-only
TPEX,2025-04-17,official-open,partial,956,covered,current-only,covered,current-only,unknown,partial,fundamental-coverage-limited-to-2026-06-and-2026Q1;market-status-current-only;no-dated-corporate-action-observation;official-closing-table-present;security-lifecycle-current-only
TWSE,2025-04-18,official-open,partial,1286,covered,current-only,covered,current-only,unknown,partial,fundamental-coverage-limited-to-2026-06-and-2026Q1;market-status-current-only;no-dated-corporate-action-observation;official-closing-table-present;security-lifecycle-current-only
TPEX,2025-04-18,official-open,partial,956,covered,current-only,covered,current-only,unknown,partial,fundamental-coverage-limited-to-2026-06-and-2026Q1;market-status-current-only;no-dated-corporate-action-observation;official-closing-table-present;security-lifecycle-current-only
TWSE,2025-04-19,official-closed,not-session,0,covered,current-only,official-no-data,current-only,unknown,partial,closure-corroborated-by-both-markets-absence;fundamental-coverage-limited-to-2026-06-and-2026Q1;market-status-current-only;no-dated-corporate-action-observation;security-lifecycle-current-only
TPEX,2025-04-19,official-closed,not-session,0,covered,current-only,official-no-data,current-only,unknown,partial,closure-corroborated-by-both-markets-absence;fundamental-coverage-limited-to-2026-06-and-2026Q1;market-status-current-only;no-dated-corporate-action-observation;security-lifecycle-current-only
TWSE,2025-04-20,official-closed,not-session,0,covered,current-only,official-no-data,current-only,unknown,partial,closure-corroborated-by-both-markets-absence;fundamental-coverage-limited-to-2026-06-and-2026Q1;market-status-current-only;no-dated-corporate-action-observation;security-lifecycle-current-only
TPEX,2025-04-20,official-closed,not-session,0,covered,current-only,official-no-data,current-only,unknown,partial,closure-corroborated-by-both-markets-absence;fundamental-coverage-limited-to-2026-06-and-2026Q1;market-status-current-only;no-dated-corporate-action-observation;security-lifecycle-current-only
TWSE,2025-04-21,official-open,partial,1286,covered,current-only,covered,current-only,unknown,partial,fundamental-coverage-limited-to-2026-06-and-2026Q1;market-status-current-only;no-dated-corporate-action-observation;official-closing-table-present;security-lifecycle-current-only
TPEX,2025-04-21,official-open,partial,956,covered,current-only,covered,current-only,unknown,partial,fundamental-coverage-limited-to-2026-06-and-2026Q1;market-status-current-only;no-dated-corporate-action-observation;official-closing-table-present;security-lifecycle-current-only
TWSE,2025-04-22,official-open,partial,1286,covered,current-only,covered,current-only,unknown,partial,fundamental-coverage-limited-to-2026-06-and-2026Q1;market-status-current-only;no-dated-corporate-action-observation;official-closing-table-present;security-lifecycle-current-only
TPEX,2025-04-22,official-open,partial,956,covered,current-only,covered,current-only,unknown,partial,fundamental-coverage-limited-to-2026-06-and-2026Q1;market-status-current-only;no-dated-corporate-action-observation;official-closing-table-present;security-lifecycle-current-only
TWSE,2025-04-23,official-open,partial,1286,covered,current-only,covered,current-only,unknown,partial,fundamental-coverage-limited-to-2026-06-and-2026Q1;market-status-current-only;no-dated-corporate-action-observation;official-closing-table-present;security-lifecycle-current-only
TPEX,2025-04-23,official-open,partial,955,covered,current-only,covered,current-only,unknown,partial,fundamental-coverage-limited-to-2026-06-and-2026Q1;market-status-current-only;no-dated-corporate-action-observation;official-closing-table-present;security-lifecycle-current-only
TWSE,2025-04-24,official-open,partial,1286,covered,current-only,covered,current-only,unknown,partial,fundamental-coverage-limited-to-2026-06-and-2026Q1;market-status-current-only;no-dated-corporate-action-observation;official-closing-table-present;security-lifecycle-current-only
TPEX,2025-04-24,official-open,partial,955,covered,current-only,covered,current-only,unknown,partial,fundamental-coverage-limited-to-2026-06-and-2026Q1;market-status-current-only;no-dated-corporate-action-observation;official-closing-table-present;security-lifecycle-current-only
TWSE,2025-04-25,official-open,partial,1286,covered,current-only,covered,current-only,unknown,partial,fundamental-coverage-limited-to-2026-06-and-2026Q1;market-status-current-only;no-dated-corporate-action-observation;official-closing-table-present;security-lifecycle-current-only
TPEX,2025-04-25,official-open,partial,955,covered,current-only,covered,current-only,unknown,partial,fundamental-coverage-limited-to-2026-06-and-2026Q1;market-status-current-only;no-dated-corporate-action-observation;official-closing-table-present;security-lifecycle-current-only
TWSE,2025-04-26,official-closed,not-session,0,covered,current-only,official-no-data,current-only,unknown,partial,closure-corroborated-by-both-markets-absence;fundamental-coverage-limited-to-2026-06-and-2026Q1;market-status-current-only;no-dated-corporate-action-observation;security-lifecycle-current-only
TPEX,2025-04-26,official-closed,not-session,0,covered,current-only,official-no-data,current-only,unknown,partial,closure-corroborated-by-both-markets-absence;fundamental-coverage-limited-to-2026-06-and-2026Q1;market-status-current-only;no-dated-corporate-action-observation;security-lifecycle-current-only
TWSE,2025-04-27,official-closed,not-session,0,covered,current-only,official-no-data,current-only,unknown,partial,closure-corroborated-by-both-markets-absence;fundamental-coverage-limited-to-2026-06-and-2026Q1;market-status-current-only;no-dated-corporate-action-observation;security-lifecycle-current-only
TPEX,2025-04-27,official-closed,not-session,0,covered,current-only,official-no-data,current-only,unknown,partial,closure-corroborated-by-both-markets-absence;fundamental-coverage-limited-to-2026-06-and-2026Q1;market-status-current-only;no-dated-corporate-action-observation;security-lifecycle-current-only
TWSE,2025-04-28,official-open,partial,1287,covered,current-only,covered,current-only,unknown,partial,fundamental-coverage-limited-to-2026-06-and-2026Q1;market-status-current-only;no-dated-corporate-action-observation;official-closing-table-present;security-lifecycle-current-only
TPEX,2025-04-28,official-open,partial,956,covered,current-only,covered,current-only,unknown,partial,fundamental-coverage-limited-to-2026-06-and-2026Q1;market-status-current-only;no-dated-corporate-action-observation;official-closing-table-present;security-lifecycle-current-only
TWSE,2025-04-29,official-open,partial,1287,covered,current-only,covered,current-only,unknown,partial,fundamental-coverage-limited-to-2026-06-and-2026Q1;market-status-current-only;no-dated-corporate-action-observation;official-closing-table-present;security-lifecycle-current-only
TPEX,2025-04-29,official-open,partial,956,covered,current-only,covered,current-only,unknown,partial,fundamental-coverage-limited-to-2026-06-and-2026Q1;market-status-current-only;no-dated-corporate-action-observation;official-closing-table-present;security-lifecycle-current-only
TWSE,2025-04-30,official-open,partial,1287,covered,current-only,covered,current-only,unknown,partial,fundamental-coverage-limited-to-2026-06-and-2026Q1;market-status-current-only;no-dated-corporate-action-observation;official-closing-table-present;security-lifecycle-current-only
TPEX,2025-04-30,official-open,partial,957,covered,current-only,covered,current-only,unknown,partial,fundamental-coverage-limited-to-2026-06-and-2026Q1;market-status-current-only;no-dated-corporate-action-observation;official-closing-table-present;security-lifecycle-current-only
TWSE,2025-05-01,official-closed,not-session,0,covered,current-only,official-no-data,current-only,unknown,partial,closure-corroborated-by-both-markets-absence;fundamental-coverage-limited-to-2026-06-and-2026Q1;market-status-current-only;no-dated-corporate-action-observation;security-lifecycle-current-only
TPEX,2025-05-01,official-closed,not-session,0,covered,current-only,official-no-data,current-only,unknown,partial,closure-corroborated-by-both-markets-absence;fundamental-coverage-limited-to-2026-06-and-2026Q1;market-status-current-only;no-dated-corporate-action-observation;security-lifecycle-current-only
TWSE,2025-05-02,official-open,partial,1287,covered,current-only,covered,current-only,unknown,partial,fundamental-coverage-limited-to-2026-06-and-2026Q1;market-status-current-only;no-dated-corporate-action-observation;official-closing-table-present;security-lifecycle-current-only
TPEX,2025-05-02,official-open,partial,957,covered,current-only,covered,current-only,unknown,partial,fundamental-coverage-limited-to-2026-06-and-2026Q1;market-status-current-only;no-dated-corporate-action-observation;official-closing-table-present;security-lifecycle-current-only
TWSE,2025-05-03,official-closed,not-session,0,covered,current-only,official-no-data,current-only,unknown,partial,closure-corroborated-by-both-markets-absence;fundamental-coverage-limited-to-2026-06-and-2026Q1;market-status-current-only;no-dated-corporate-action-observation;security-lifecycle-current-only
TPEX,2025-05-03,official-closed,not-session,0,covered,current-only,official-no-data,current-only,unknown,partial,closure-corroborated-by-both-markets-absence;fundamental-coverage-limited-to-2026-06-and-2026Q1;market-status-current-only;no-dated-corporate-action-observation;security-lifecycle-current-only
TWSE,2025-05-04,official-closed,not-session,0,covered,current-only,official-no-data,current-only,unknown,partial,closure-corroborated-by-both-markets-absence;fundamental-coverage-limited-to-2026-06-and-2026Q1;market-status-current-only;no-dated-corporate-action-observation;security-lifecycle-current-only
TPEX,2025-05-04,official-closed,not-session,0,covered,current-only,official-no-data,current-only,unknown,partial,closure-corroborated-by-both-markets-absence;fundamental-coverage-limited-to-2026-06-and-2026Q1;market-status-current-only;no-dated-corporate-action-observation;security-lifecycle-current-only
TWSE,2025-05-05,official-open,partial,1288,covered,current-only,covered,current-only,unknown,partial,fundamental-coverage-limited-to-2026-06-and-2026Q1;market-status-current-only;no-dated-corporate-action-observation;official-closing-table-present;security-lifecycle-current-only
TPEX,2025-05-05,official-open,partial,957,covered,current-only,covered,current-only,unknown,partial,fundamental-coverage-limited-to-2026-06-and-2026Q1;market-status-current-only;no-dated-corporate-action-observation;official-closing-table-present;security-lifecycle-current-only
TWSE,2025-05-06,official-open,partial,1288,covered,current-only,covered,current-only,unknown,partial,fundamental-coverage-limited-to-2026-06-and-2026Q1;market-status-current-only;no-dated-corporate-action-observation;official-closing-table-present;security-lifecycle-current-only
TPEX,2025-05-06,official-open,partial,957,covered,current-only,covered,current-only,unknown,partial,fundamental-coverage-limited-to-2026-06-and-2026Q1;market-status-current-only;no-dated-corporate-action-observation;official-closing-table-present;security-lifecycle-current-only
TWSE,2025-05-07,official-open,partial,1288,covered,current-only,covered,current-only,unknown,partial,fundamental-coverage-limited-to-2026-06-and-2026Q1;market-status-current-only;no-dated-corporate-action-observation;official-closing-table-present;security-lifecycle-current-only
TPEX,2025-05-07,official-open,partial,957,covered,current-only,covered,current-only,unknown,partial,fundamental-coverage-limited-to-2026-06-and-2026Q1;market-status-current-only;no-dated-corporate-action-observation;official-closing-table-present;security-lifecycle-current-only
TWSE,2025-05-08,official-open,partial,1288,covered,current-only,covered,current-only,unknown,partial,fundamental-coverage-limited-to-2026-06-and-2026Q1;market-status-current-only;no-dated-corporate-action-observation;official-closing-table-present;security-lifecycle-current-only
TPEX,2025-05-08,official-open,partial,958,covered,current-only,covered,current-only,unknown,partial,fundamental-coverage-limited-to-2026-06-and-2026Q1;market-status-current-only;no-dated-corporate-action-observation;official-closing-table-present;security-lifecycle-current-only
TWSE,2025-05-09,official-open,partial,1288,covered,current-only,covered,current-only,unknown,partial,fundamental-coverage-limited-to-2026-06-and-2026Q1;market-status-current-only;no-dated-corporate-action-observation;official-closing-table-present;security-lifecycle-current-only
TPEX,2025-05-09,official-open,partial,958,covered,current-only,covered,current-only,unknown,partial,fundamental-coverage-limited-to-2026-06-and-2026Q1;market-status-current-only;no-dated-corporate-action-observation;official-closing-table-present;security-lifecycle-current-only
TWSE,2025-05-10,official-closed,not-session,0,covered,current-only,official-no-data,current-only,unknown,partial,closure-corroborated-by-both-markets-absence;fundamental-coverage-limited-to-2026-06-and-2026Q1;market-status-current-only;no-dated-corporate-action-observation;security-lifecycle-current-only
TPEX,2025-05-10,official-closed,not-session,0,covered,current-only,official-no-data,current-only,unknown,partial,closure-corroborated-by-both-markets-absence;fundamental-coverage-limited-to-2026-06-and-2026Q1;market-status-current-only;no-dated-corporate-action-observation;security-lifecycle-current-only
TWSE,2025-05-11,official-closed,not-session,0,covered,current-only,official-no-data,current-only,unknown,partial,closure-corroborated-by-both-markets-absence;fundamental-coverage-limited-to-2026-06-and-2026Q1;market-status-current-only;no-dated-corporate-action-observation;security-lifecycle-current-only
TPEX,2025-05-11,official-closed,not-session,0,covered,current-only,official-no-data,current-only,unknown,partial,closure-corroborated-by-both-markets-absence;fundamental-coverage-limited-to-2026-06-and-2026Q1;market-status-current-only;no-dated-corporate-action-observation;security-lifecycle-current-only
TWSE,2025-05-12,official-open,partial,1288,covered,current-only,covered,current-only,unknown,partial,fundamental-coverage-limited-to-2026-06-and-2026Q1;market-status-current-only;no-dated-corporate-action-observation;official-closing-table-present;security-lifecycle-current-only
TPEX,2025-05-12,official-open,partial,958,covered,current-only,covered,current-only,unknown,partial,fundamental-coverage-limited-to-2026-06-and-2026Q1;market-status-current-only;no-dated-corporate-action-observation;official-closing-table-present;security-lifecycle-current-only
TWSE,2025-05-13,official-open,partial,1289,covered,current-only,covered,current-only,unknown,partial,fundamental-coverage-limited-to-2026-06-and-2026Q1;market-status-current-only;no-dated-corporate-action-observation;official-closing-table-present;security-lifecycle-current-only
TPEX,2025-05-13,official-open,partial,960,covered,current-only,covered,current-only,unknown,partial,fundamental-coverage-limited-to-2026-06-and-2026Q1;market-status-current-only;no-dated-corporate-action-observation;official-closing-table-present;security-lifecycle-current-only
TWSE,2025-05-14,official-open,partial,1289,covered,current-only,covered,current-only,unknown,partial,fundamental-coverage-limited-to-2026-06-and-2026Q1;market-status-current-only;no-dated-corporate-action-observation;official-closing-table-present;security-lifecycle-current-only
TPEX,2025-05-14,official-open,partial,960,covered,current-only,covered,current-only,unknown,partial,fundamental-coverage-limited-to-2026-06-and-2026Q1;market-status-current-only;no-dated-corporate-action-observation;official-closing-table-present;security-lifecycle-current-only
TWSE,2025-05-15,official-open,partial,1289,covered,current-only,covered,current-only,unknown,partial,fundamental-coverage-limited-to-2026-06-and-2026Q1;market-status-current-only;no-dated-corporate-action-observation;official-closing-table-present;security-lifecycle-current-only
TPEX,2025-05-15,official-open,partial,960,covered,current-only,covered,current-only,unknown,partial,fundamental-coverage-limited-to-2026-06-and-2026Q1;market-status-current-only;no-dated-corporate-action-observation;official-closing-table-present;security-lifecycle-current-only
TWSE,2025-05-16,official-open,partial,1290,covered,current-only,covered,current-only,unknown,partial,fundamental-coverage-limited-to-2026-06-and-2026Q1;market-status-current-only;no-dated-corporate-action-observation;official-closing-table-present;security-lifecycle-current-only
TPEX,2025-05-16,official-open,partial,960,covered,current-only,covered,current-only,unknown,partial,fundamental-coverage-limited-to-2026-06-and-2026Q1;market-status-current-only;no-dated-corporate-action-observation;official-closing-table-present;security-lifecycle-current-only
TWSE,2025-05-17,official-closed,not-session,0,covered,current-only,official-no-data,current-only,unknown,partial,closure-corroborated-by-both-markets-absence;fundamental-coverage-limited-to-2026-06-and-2026Q1;market-status-current-only;no-dated-corporate-action-observation;security-lifecycle-current-only
TPEX,2025-05-17,official-closed,not-session,0,covered,current-only,official-no-data,current-only,unknown,partial,closure-corroborated-by-both-markets-absence;fundamental-coverage-limited-to-2026-06-and-2026Q1;market-status-current-only;no-dated-corporate-action-observation;security-lifecycle-current-only
TWSE,2025-05-18,official-closed,not-session,0,covered,current-only,official-no-data,current-only,unknown,partial,closure-corroborated-by-both-markets-absence;fundamental-coverage-limited-to-2026-06-and-2026Q1;market-status-current-only;no-dated-corporate-action-observation;security-lifecycle-current-only
TPEX,2025-05-18,official-closed,not-session,0,covered,current-only,official-no-data,current-only,unknown,partial,closure-corroborated-by-both-markets-absence;fundamental-coverage-limited-to-2026-06-and-2026Q1;market-status-current-only;no-dated-corporate-action-observation;security-lifecycle-current-only
TWSE,2025-05-19,official-open,partial,1290,covered,current-only,covered,current-only,unknown,partial,fundamental-coverage-limited-to-2026-06-and-2026Q1;market-status-current-only;no-dated-corporate-action-observation;official-closing-table-present;security-lifecycle-current-only
TPEX,2025-05-19,official-open,partial,960,covered,current-only,covered,current-only,unknown,partial,fundamental-coverage-limited-to-2026-06-and-2026Q1;market-status-current-only;no-dated-corporate-action-observation;official-closing-table-present;security-lifecycle-current-only
TWSE,2025-05-20,official-open,partial,1290,covered,current-only,covered,current-only,unknown,partial,fundamental-coverage-limited-to-2026-06-and-2026Q1;market-status-current-only;no-dated-corporate-action-observation;official-closing-table-present;security-lifecycle-current-only
TPEX,2025-05-20,official-open,partial,961,covered,current-only,covered,current-only,unknown,partial,fundamental-coverage-limited-to-2026-06-and-2026Q1;market-status-current-only;no-dated-corporate-action-observation;official-closing-table-present;security-lifecycle-current-only
TWSE,2025-05-21,official-open,partial,1291,covered,current-only,covered,current-only,unknown,partial,fundamental-coverage-limited-to-2026-06-and-2026Q1;market-status-current-only;no-dated-corporate-action-observation;official-closing-table-present;security-lifecycle-current-only
TPEX,2025-05-21,official-open,partial,961,covered,current-only,covered,current-only,unknown,partial,fundamental-coverage-limited-to-2026-06-and-2026Q1;market-status-current-only;no-dated-corporate-action-observation;official-closing-table-present;security-lifecycle-current-only
TWSE,2025-05-22,official-open,partial,1292,covered,current-only,covered,current-only,unknown,partial,fundamental-coverage-limited-to-2026-06-and-2026Q1;market-status-current-only;no-dated-corporate-action-observation;official-closing-table-present;security-lifecycle-current-only
TPEX,2025-05-22,official-open,partial,962,covered,current-only,covered,current-only,unknown,partial,fundamental-coverage-limited-to-2026-06-and-2026Q1;market-status-current-only;no-dated-corporate-action-observation;official-closing-table-present;security-lifecycle-current-only
TWSE,2025-05-23,official-open,partial,1292,covered,current-only,covered,current-only,unknown,partial,fundamental-coverage-limited-to-2026-06-and-2026Q1;market-status-current-only;no-dated-corporate-action-observation;official-closing-table-present;security-lifecycle-current-only
TPEX,2025-05-23,official-open,partial,962,covered,current-only,covered,current-only,unknown,partial,fundamental-coverage-limited-to-2026-06-and-2026Q1;market-status-current-only;no-dated-corporate-action-observation;official-closing-table-present;security-lifecycle-current-only
TWSE,2025-05-24,official-closed,not-session,0,covered,current-only,official-no-data,current-only,unknown,partial,closure-corroborated-by-both-markets-absence;fundamental-coverage-limited-to-2026-06-and-2026Q1;market-status-current-only;no-dated-corporate-action-observation;security-lifecycle-current-only
TPEX,2025-05-24,official-closed,not-session,0,covered,current-only,official-no-data,current-only,unknown,partial,closure-corroborated-by-both-markets-absence;fundamental-coverage-limited-to-2026-06-and-2026Q1;market-status-current-only;no-dated-corporate-action-observation;security-lifecycle-current-only
TWSE,2025-05-25,official-closed,not-session,0,covered,current-only,official-no-data,current-only,unknown,partial,closure-corroborated-by-both-markets-absence;fundamental-coverage-limited-to-2026-06-and-2026Q1;market-status-current-only;no-dated-corporate-action-observation;security-lifecycle-current-only
TPEX,2025-05-25,official-closed,not-session,0,covered,current-only,official-no-data,current-only,unknown,partial,closure-corroborated-by-both-markets-absence;fundamental-coverage-limited-to-2026-06-and-2026Q1;market-status-current-only;no-dated-corporate-action-observation;security-lifecycle-current-only
TWSE,2025-05-26,official-open,partial,1292,covered,current-only,covered,current-only,unknown,partial,fundamental-coverage-limited-to-2026-06-and-2026Q1;market-status-current-only;no-dated-corporate-action-observation;official-closing-table-present;security-lifecycle-current-only
TPEX,2025-05-26,official-open,partial,962,covered,current-only,covered,current-only,unknown,partial,fundamental-coverage-limited-to-2026-06-and-2026Q1;market-status-current-only;no-dated-corporate-action-observation;official-closing-table-present;security-lifecycle-current-only
TWSE,2025-05-27,official-open,partial,1293,covered,current-only,covered,current-only,unknown,partial,fundamental-coverage-limited-to-2026-06-and-2026Q1;market-status-current-only;no-dated-corporate-action-observation;official-closing-table-present;security-lifecycle-current-only
TPEX,2025-05-27,official-open,partial,963,covered,current-only,covered,current-only,unknown,partial,fundamental-coverage-limited-to-2026-06-and-2026Q1;market-status-current-only;no-dated-corporate-action-observation;official-closing-table-present;security-lifecycle-current-only
TWSE,2025-05-28,official-open,partial,1294,covered,current-only,covered,current-only,unknown,partial,fundamental-coverage-limited-to-2026-06-and-2026Q1;market-status-current-only;no-dated-corporate-action-observation;official-closing-table-present;security-lifecycle-current-only
TPEX,2025-05-28,official-open,partial,966,covered,current-only,covered,current-only,unknown,partial,fundamental-coverage-limited-to-2026-06-and-2026Q1;market-status-current-only;no-dated-corporate-action-observation;official-closing-table-present;security-lifecycle-current-only
TWSE,2025-05-29,official-open,partial,1294,covered,current-only,covered,current-only,unknown,partial,fundamental-coverage-limited-to-2026-06-and-2026Q1;market-status-current-only;no-dated-corporate-action-observation;official-closing-table-present;security-lifecycle-current-only
TPEX,2025-05-29,official-open,partial,966,covered,current-only,covered,current-only,unknown,partial,fundamental-coverage-limited-to-2026-06-and-2026Q1;market-status-current-only;no-dated-corporate-action-observation;official-closing-table-present;security-lifecycle-current-only
TWSE,2025-05-30,official-closed,not-session,0,covered,current-only,official-no-data,current-only,unknown,partial,closure-corroborated-by-both-markets-absence;fundamental-coverage-limited-to-2026-06-and-2026Q1;market-status-current-only;no-dated-corporate-action-observation;security-lifecycle-current-only
TPEX,2025-05-30,official-closed,not-session,0,covered,current-only,official-no-data,current-only,unknown,partial,closure-corroborated-by-both-markets-absence;fundamental-coverage-limited-to-2026-06-and-2026Q1;market-status-current-only;no-dated-corporate-action-observation;security-lifecycle-current-only
TWSE,2025-05-31,official-closed,not-session,0,covered,current-only,official-no-data,current-only,unknown,partial,closure-corroborated-by-both-markets-absence;fundamental-coverage-limited-to-2026-06-and-2026Q1;market-status-current-only;no-dated-corporate-action-observation;security-lifecycle-current-only
TPEX,2025-05-31,official-closed,not-session,0,covered,current-only,official-no-data,current-only,unknown,partial,closure-corroborated-by-both-markets-absence;fundamental-coverage-limited-to-2026-06-and-2026Q1;market-status-current-only;no-dated-corporate-action-observation;security-lifecycle-current-only
TWSE,2025-06-01,official-closed,not-session,0,covered,current-only,official-no-data,current-only,unknown,partial,closure-corroborated-by-both-markets-absence;fundamental-coverage-limited-to-2026-06-and-2026Q1;market-status-current-only;no-dated-corporate-action-observation;security-lifecycle-current-only
TPEX,2025-06-01,official-closed,not-session,0,covered,current-only,official-no-data,current-only,unknown,partial,closure-corroborated-by-both-markets-absence;fundamental-coverage-limited-to-2026-06-and-2026Q1;market-status-current-only;no-dated-corporate-action-observation;security-lifecycle-current-only
TWSE,2025-06-02,official-open,partial,1294,covered,current-only,covered,current-only,unknown,partial,fundamental-coverage-limited-to-2026-06-and-2026Q1;market-status-current-only;no-dated-corporate-action-observation;official-closing-table-present;security-lifecycle-current-only
TPEX,2025-06-02,official-open,partial,966,covered,current-only,covered,current-only,unknown,partial,fundamental-coverage-limited-to-2026-06-and-2026Q1;market-status-current-only;no-dated-corporate-action-observation;official-closing-table-present;security-lifecycle-current-only
TWSE,2025-06-03,official-open,partial,1294,covered,current-only,covered,current-only,unknown,partial,fundamental-coverage-limited-to-2026-06-and-2026Q1;market-status-current-only;no-dated-corporate-action-observation;official-closing-table-present;security-lifecycle-current-only
TPEX,2025-06-03,official-open,partial,966,covered,current-only,covered,current-only,unknown,partial,fundamental-coverage-limited-to-2026-06-and-2026Q1;market-status-current-only;no-dated-corporate-action-observation;official-closing-table-present;security-lifecycle-current-only
TWSE,2025-06-04,official-open,partial,1293,covered,current-only,covered,current-only,unknown,partial,fundamental-coverage-limited-to-2026-06-and-2026Q1;market-status-current-only;no-dated-corporate-action-observation;official-closing-table-present;security-lifecycle-current-only
TPEX,2025-06-04,official-open,partial,966,covered,current-only,covered,current-only,unknown,partial,fundamental-coverage-limited-to-2026-06-and-2026Q1;market-status-current-only;no-dated-corporate-action-observation;official-closing-table-present;security-lifecycle-current-only
TWSE,2025-06-05,official-open,partial,1292,covered,current-only,covered,current-only,unknown,partial,fundamental-coverage-limited-to-2026-06-and-2026Q1;market-status-current-only;no-dated-corporate-action-observation;official-closing-table-present;security-lifecycle-current-only
TPEX,2025-06-05,official-open,partial,966,covered,current-only,covered,current-only,unknown,partial,fundamental-coverage-limited-to-2026-06-and-2026Q1;market-status-current-only;no-dated-corporate-action-observation;official-closing-table-present;security-lifecycle-current-only
TWSE,2025-06-06,official-open,partial,1292,covered,current-only,covered,current-only,unknown,partial,fundamental-coverage-limited-to-2026-06-and-2026Q1;market-status-current-only;no-dated-corporate-action-observation;official-closing-table-present;security-lifecycle-current-only
TPEX,2025-06-06,official-open,partial,966,covered,current-only,covered,current-only,unknown,partial,fundamental-coverage-limited-to-2026-06-and-2026Q1;market-status-current-only;no-dated-corporate-action-observation;official-closing-table-present;security-lifecycle-current-only
TWSE,2025-06-07,official-closed,not-session,0,covered,current-only,official-no-data,current-only,unknown,partial,closure-corroborated-by-both-markets-absence;fundamental-coverage-limited-to-2026-06-and-2026Q1;market-status-current-only;no-dated-corporate-action-observation;security-lifecycle-current-only
TPEX,2025-06-07,official-closed,not-session,0,covered,current-only,official-no-data,current-only,unknown,partial,closure-corroborated-by-both-markets-absence;fundamental-coverage-limited-to-2026-06-and-2026Q1;market-status-current-only;no-dated-corporate-action-observation;security-lifecycle-current-only
TWSE,2025-06-08,official-closed,not-session,0,covered,current-only,official-no-data,current-only,unknown,partial,closure-corroborated-by-both-markets-absence;fundamental-coverage-limited-to-2026-06-and-2026Q1;market-status-current-only;no-dated-corporate-action-observation;security-lifecycle-current-only
TPEX,2025-06-08,official-closed,not-session,0,covered,current-only,official-no-data,current-only,unknown,partial,closure-corroborated-by-both-markets-absence;fundamental-coverage-limited-to-2026-06-and-2026Q1;market-status-current-only;no-dated-corporate-action-observation;security-lifecycle-current-only
TWSE,2025-06-09,official-open,partial,1292,covered,current-only,covered,current-only,unknown,partial,fundamental-coverage-limited-to-2026-06-and-2026Q1;market-status-current-only;no-dated-corporate-action-observation;official-closing-table-present;security-lifecycle-current-only
TPEX,2025-06-09,official-open,partial,966,covered,current-only,covered,current-only,unknown,partial,fundamental-coverage-limited-to-2026-06-and-2026Q1;market-status-current-only;no-dated-corporate-action-observation;official-closing-table-present;security-lifecycle-current-only
TWSE,2025-06-10,official-open,partial,1293,covered,current-only,covered,current-only,unknown,partial,fundamental-coverage-limited-to-2026-06-and-2026Q1;market-status-current-only;no-dated-corporate-action-observation;official-closing-table-present;security-lifecycle-current-only
TPEX,2025-06-10,official-open,partial,966,covered,current-only,covered,current-only,unknown,partial,fundamental-coverage-limited-to-2026-06-and-2026Q1;market-status-current-only;no-dated-corporate-action-observation;official-closing-table-present;security-lifecycle-current-only
TWSE,2025-06-11,official-open,partial,1293,covered,current-only,covered,current-only,unknown,partial,fundamental-coverage-limited-to-2026-06-and-2026Q1;market-status-current-only;no-dated-corporate-action-observation;official-closing-table-present;security-lifecycle-current-only
TPEX,2025-06-11,official-open,partial,966,covered,current-only,covered,current-only,unknown,partial,fundamental-coverage-limited-to-2026-06-and-2026Q1;market-status-current-only;no-dated-corporate-action-observation;official-closing-table-present;security-lifecycle-current-only
TWSE,2025-06-12,official-open,partial,1292,covered,current-only,covered,current-only,unknown,partial,fundamental-coverage-limited-to-2026-06-and-2026Q1;market-status-current-only;no-dated-corporate-action-observation;official-closing-table-present;security-lifecycle-current-only
TPEX,2025-06-12,official-open,partial,966,covered,current-only,covered,current-only,unknown,partial,fundamental-coverage-limited-to-2026-06-and-2026Q1;market-status-current-only;no-dated-corporate-action-observation;official-closing-table-present;security-lifecycle-current-only
TWSE,2025-06-13,official-open,partial,1293,covered,current-only,covered,current-only,unknown,partial,fundamental-coverage-limited-to-2026-06-and-2026Q1;market-status-current-only;no-dated-corporate-action-observation;official-closing-table-present;security-lifecycle-current-only
TPEX,2025-06-13,official-open,partial,966,covered,current-only,covered,current-only,unknown,partial,fundamental-coverage-limited-to-2026-06-and-2026Q1;market-status-current-only;no-dated-corporate-action-observation;official-closing-table-present;security-lifecycle-current-only
TWSE,2025-06-14,official-closed,not-session,0,covered,current-only,official-no-data,current-only,unknown,partial,closure-corroborated-by-both-markets-absence;fundamental-coverage-limited-to-2026-06-and-2026Q1;market-status-current-only;no-dated-corporate-action-observation;security-lifecycle-current-only
TPEX,2025-06-14,official-closed,not-session,0,covered,current-only,official-no-data,current-only,unknown,partial,closure-corroborated-by-both-markets-absence;fundamental-coverage-limited-to-2026-06-and-2026Q1;market-status-current-only;no-dated-corporate-action-observation;security-lifecycle-current-only
TWSE,2025-06-15,official-closed,not-session,0,covered,current-only,official-no-data,current-only,unknown,partial,closure-corroborated-by-both-markets-absence;fundamental-coverage-limited-to-2026-06-and-2026Q1;market-status-current-only;no-dated-corporate-action-observation;security-lifecycle-current-only
TPEX,2025-06-15,official-closed,not-session,0,covered,current-only,official-no-data,current-only,unknown,partial,closure-corroborated-by-both-markets-absence;fundamental-coverage-limited-to-2026-06-and-2026Q1;market-status-current-only;no-dated-corporate-action-observation;security-lifecycle-current-only
TWSE,2025-06-16,official-open,partial,1294,covered,current-only,covered,current-only,unknown,partial,fundamental-coverage-limited-to-2026-06-and-2026Q1;market-status-current-only;no-dated-corporate-action-observation;official-closing-table-present;security-lifecycle-current-only
TPEX,2025-06-16,official-open,partial,966,covered,current-only,covered,current-only,unknown,partial,fundamental-coverage-limited-to-2026-06-and-2026Q1;market-status-current-only;no-dated-corporate-action-observation;official-closing-table-present;security-lifecycle-current-only
TWSE,2025-06-17,official-open,partial,1294,covered,current-only,covered,current-only,unknown,partial,fundamental-coverage-limited-to-2026-06-and-2026Q1;market-status-current-only;no-dated-corporate-action-observation;official-closing-table-present;security-lifecycle-current-only
TPEX,2025-06-17,official-open,partial,966,covered,current-only,covered,current-only,unknown,partial,fundamental-coverage-limited-to-2026-06-and-2026Q1;market-status-current-only;no-dated-corporate-action-observation;official-closing-table-present;security-lifecycle-current-only
TWSE,2025-06-18,official-open,partial,1296,covered,current-only,covered,current-only,unknown,partial,fundamental-coverage-limited-to-2026-06-and-2026Q1;market-status-current-only;no-dated-corporate-action-observation;official-closing-table-present;security-lifecycle-current-only
TPEX,2025-06-18,official-open,partial,965,covered,current-only,covered,current-only,unknown,partial,fundamental-coverage-limited-to-2026-06-and-2026Q1;market-status-current-only;no-dated-corporate-action-observation;official-closing-table-present;security-lifecycle-current-only
TWSE,2025-06-19,official-open,partial,1295,covered,current-only,covered,current-only,unknown,partial,fundamental-coverage-limited-to-2026-06-and-2026Q1;market-status-current-only;no-dated-corporate-action-observation;official-closing-table-present;security-lifecycle-current-only
TPEX,2025-06-19,official-open,partial,965,covered,current-only,covered,current-only,unknown,partial,fundamental-coverage-limited-to-2026-06-and-2026Q1;market-status-current-only;no-dated-corporate-action-observation;official-closing-table-present;security-lifecycle-current-only
TWSE,2025-06-20,official-open,partial,1295,covered,current-only,covered,current-only,unknown,partial,fundamental-coverage-limited-to-2026-06-and-2026Q1;market-status-current-only;no-dated-corporate-action-observation;official-closing-table-present;security-lifecycle-current-only
TPEX,2025-06-20,official-open,partial,965,covered,current-only,covered,current-only,unknown,partial,fundamental-coverage-limited-to-2026-06-and-2026Q1;market-status-current-only;no-dated-corporate-action-observation;official-closing-table-present;security-lifecycle-current-only
TWSE,2025-06-21,official-closed,not-session,0,covered,current-only,official-no-data,current-only,unknown,partial,closure-corroborated-by-both-markets-absence;fundamental-coverage-limited-to-2026-06-and-2026Q1;market-status-current-only;no-dated-corporate-action-observation;security-lifecycle-current-only
TPEX,2025-06-21,official-closed,not-session,0,covered,current-only,official-no-data,current-only,unknown,partial,closure-corroborated-by-both-markets-absence;fundamental-coverage-limited-to-2026-06-and-2026Q1;market-status-current-only;no-dated-corporate-action-observation;security-lifecycle-current-only
TWSE,2025-06-22,official-closed,not-session,0,covered,current-only,official-no-data,current-only,unknown,partial,closure-corroborated-by-both-markets-absence;fundamental-coverage-limited-to-2026-06-and-2026Q1;market-status-current-only;no-dated-corporate-action-observation;security-lifecycle-current-only
TPEX,2025-06-22,official-closed,not-session,0,covered,current-only,official-no-data,current-only,unknown,partial,closure-corroborated-by-both-markets-absence;fundamental-coverage-limited-to-2026-06-and-2026Q1;market-status-current-only;no-dated-corporate-action-observation;security-lifecycle-current-only
TWSE,2025-06-23,official-open,partial,1297,covered,current-only,covered,current-only,unknown,partial,fundamental-coverage-limited-to-2026-06-and-2026Q1;market-status-current-only;no-dated-corporate-action-observation;official-closing-table-present;security-lifecycle-current-only
TPEX,2025-06-23,official-open,partial,964,covered,current-only,covered,current-only,unknown,partial,fundamental-coverage-limited-to-2026-06-and-2026Q1;market-status-current-only;no-dated-corporate-action-observation;official-closing-table-present;security-lifecycle-current-only
TWSE,2025-06-24,official-open,partial,1297,covered,current-only,covered,current-only,unknown,partial,fundamental-coverage-limited-to-2026-06-and-2026Q1;market-status-current-only;no-dated-corporate-action-observation;official-closing-table-present;security-lifecycle-current-only
TPEX,2025-06-24,official-open,partial,964,covered,current-only,covered,current-only,unknown,partial,fundamental-coverage-limited-to-2026-06-and-2026Q1;market-status-current-only;no-dated-corporate-action-observation;official-closing-table-present;security-lifecycle-current-only
TWSE,2025-06-25,official-open,partial,1297,covered,current-only,covered,current-only,unknown,partial,fundamental-coverage-limited-to-2026-06-and-2026Q1;market-status-current-only;no-dated-corporate-action-observation;official-closing-table-present;security-lifecycle-current-only
TPEX,2025-06-25,official-open,partial,964,covered,current-only,covered,current-only,unknown,partial,fundamental-coverage-limited-to-2026-06-and-2026Q1;market-status-current-only;no-dated-corporate-action-observation;official-closing-table-present;security-lifecycle-current-only
TWSE,2025-06-26,official-open,partial,1297,covered,current-only,covered,current-only,unknown,partial,fundamental-coverage-limited-to-2026-06-and-2026Q1;market-status-current-only;no-dated-corporate-action-observation;official-closing-table-present;security-lifecycle-current-only
TPEX,2025-06-26,official-open,partial,964,covered,current-only,covered,current-only,unknown,partial,fundamental-coverage-limited-to-2026-06-and-2026Q1;market-status-current-only;no-dated-corporate-action-observation;official-closing-table-present;security-lifecycle-current-only
TWSE,2025-06-27,official-open,partial,1297,covered,current-only,covered,current-only,unknown,partial,fundamental-coverage-limited-to-2026-06-and-2026Q1;market-status-current-only;no-dated-corporate-action-observation;official-closing-table-present;security-lifecycle-current-only
TPEX,2025-06-27,official-open,partial,964,covered,current-only,covered,current-only,unknown,partial,fundamental-coverage-limited-to-2026-06-and-2026Q1;market-status-current-only;no-dated-corporate-action-observation;official-closing-table-present;security-lifecycle-current-only
TWSE,2025-06-28,official-closed,not-session,0,covered,current-only,official-no-data,current-only,unknown,partial,closure-corroborated-by-both-markets-absence;fundamental-coverage-limited-to-2026-06-and-2026Q1;market-status-current-only;no-dated-corporate-action-observation;security-lifecycle-current-only
TPEX,2025-06-28,official-closed,not-session,0,covered,current-only,official-no-data,current-only,unknown,partial,closure-corroborated-by-both-markets-absence;fundamental-coverage-limited-to-2026-06-and-2026Q1;market-status-current-only;no-dated-corporate-action-observation;security-lifecycle-current-only
TWSE,2025-06-29,official-closed,not-session,0,covered,current-only,official-no-data,current-only,unknown,partial,closure-corroborated-by-both-markets-absence;fundamental-coverage-limited-to-2026-06-and-2026Q1;market-status-current-only;no-dated-corporate-action-observation;security-lifecycle-current-only
TPEX,2025-06-29,official-closed,not-session,0,covered,current-only,official-no-data,current-only,unknown,partial,closure-corroborated-by-both-markets-absence;fundamental-coverage-limited-to-2026-06-and-2026Q1;market-status-current-only;no-dated-corporate-action-observation;security-lifecycle-current-only
TWSE,2025-06-30,official-open,partial,1298,covered,current-only,covered,current-only,unknown,partial,fundamental-coverage-limited-to-2026-06-and-2026Q1;market-status-current-only;no-dated-corporate-action-observation;official-closing-table-present;security-lifecycle-current-only
TPEX,2025-06-30,official-open,partial,964,covered,current-only,covered,current-only,unknown,partial,fundamental-coverage-limited-to-2026-06-and-2026Q1;market-status-current-only;no-dated-corporate-action-observation;official-closing-table-present;security-lifecycle-current-only
TWSE,2025-07-01,official-open,partial,1298,covered,current-only,covered,current-only,unknown,partial,fundamental-coverage-limited-to-2026-06-and-2026Q1;market-status-current-only;no-dated-corporate-action-observation;official-closing-table-present;security-lifecycle-current-only
TPEX,2025-07-01,official-open,partial,964,covered,current-only,covered,current-only,unknown,partial,fundamental-coverage-limited-to-2026-06-and-2026Q1;market-status-current-only;no-dated-corporate-action-observation;official-closing-table-present;security-lifecycle-current-only
TWSE,2025-07-02,official-open,partial,1298,covered,current-only,covered,current-only,unknown,partial,fundamental-coverage-limited-to-2026-06-and-2026Q1;market-status-current-only;no-dated-corporate-action-observation;official-closing-table-present;security-lifecycle-current-only
TPEX,2025-07-02,official-open,partial,964,covered,current-only,covered,current-only,unknown,partial,fundamental-coverage-limited-to-2026-06-and-2026Q1;market-status-current-only;no-dated-corporate-action-observation;official-closing-table-present;security-lifecycle-current-only
TWSE,2025-07-03,official-open,partial,1297,covered,current-only,covered,current-only,unknown,partial,fundamental-coverage-limited-to-2026-06-and-2026Q1;market-status-current-only;no-dated-corporate-action-observation;official-closing-table-present;security-lifecycle-current-only
TPEX,2025-07-03,official-open,partial,964,covered,current-only,covered,current-only,unknown,partial,fundamental-coverage-limited-to-2026-06-and-2026Q1;market-status-current-only;no-dated-corporate-action-observation;official-closing-table-present;security-lifecycle-current-only
TWSE,2025-07-04,official-open,partial,1297,covered,current-only,covered,current-only,unknown,partial,fundamental-coverage-limited-to-2026-06-and-2026Q1;market-status-current-only;no-dated-corporate-action-observation;official-closing-table-present;security-lifecycle-current-only
TPEX,2025-07-04,official-open,partial,964,covered,current-only,covered,current-only,unknown,partial,fundamental-coverage-limited-to-2026-06-and-2026Q1;market-status-current-only;no-dated-corporate-action-observation;official-closing-table-present;security-lifecycle-current-only
TWSE,2025-07-05,official-closed,not-session,0,covered,current-only,official-no-data,current-only,unknown,partial,closure-corroborated-by-both-markets-absence;fundamental-coverage-limited-to-2026-06-and-2026Q1;market-status-current-only;no-dated-corporate-action-observation;security-lifecycle-current-only
TPEX,2025-07-05,official-closed,not-session,0,covered,current-only,official-no-data,current-only,unknown,partial,closure-corroborated-by-both-markets-absence;fundamental-coverage-limited-to-2026-06-and-2026Q1;market-status-current-only;no-dated-corporate-action-observation;security-lifecycle-current-only
TWSE,2025-07-06,official-closed,not-session,0,covered,current-only,official-no-data,current-only,unknown,partial,closure-corroborated-by-both-markets-absence;fundamental-coverage-limited-to-2026-06-and-2026Q1;market-status-current-only;no-dated-corporate-action-observation;security-lifecycle-current-only
TPEX,2025-07-06,official-closed,not-session,0,covered,current-only,official-no-data,current-only,unknown,partial,closure-corroborated-by-both-markets-absence;fundamental-coverage-limited-to-2026-06-and-2026Q1;market-status-current-only;no-dated-corporate-action-observation;security-lifecycle-current-only
TWSE,2025-07-07,official-open,partial,1297,covered,current-only,covered,current-only,unknown,partial,fundamental-coverage-limited-to-2026-06-and-2026Q1;market-status-current-only;no-dated-corporate-action-observation;official-closing-table-present;security-lifecycle-current-only
TPEX,2025-07-07,official-open,partial,964,covered,current-only,covered,current-only,unknown,partial,fundamental-coverage-limited-to-2026-06-and-2026Q1;market-status-current-only;no-dated-corporate-action-observation;official-closing-table-present;security-lifecycle-current-only
TWSE,2025-07-08,official-open,partial,1297,covered,current-only,covered,current-only,unknown,partial,fundamental-coverage-limited-to-2026-06-and-2026Q1;market-status-current-only;no-dated-corporate-action-observation;official-closing-table-present;security-lifecycle-current-only
TPEX,2025-07-08,official-open,partial,964,covered,current-only,covered,current-only,unknown,partial,fundamental-coverage-limited-to-2026-06-and-2026Q1;market-status-current-only;no-dated-corporate-action-observation;official-closing-table-present;security-lifecycle-current-only
TWSE,2025-07-09,official-open,partial,1297,covered,current-only,covered,current-only,unknown,partial,fundamental-coverage-limited-to-2026-06-and-2026Q1;market-status-current-only;no-dated-corporate-action-observation;official-closing-table-present;security-lifecycle-current-only
TPEX,2025-07-09,official-open,partial,964,covered,current-only,covered,current-only,unknown,partial,fundamental-coverage-limited-to-2026-06-and-2026Q1;market-status-current-only;no-dated-corporate-action-observation;official-closing-table-present;security-lifecycle-current-only
TWSE,2025-07-10,official-open,partial,1297,covered,current-only,covered,current-only,unknown,partial,fundamental-coverage-limited-to-2026-06-and-2026Q1;market-status-current-only;no-dated-corporate-action-observation;official-closing-table-present;security-lifecycle-current-only
TPEX,2025-07-10,official-open,partial,964,covered,current-only,covered,current-only,unknown,partial,fundamental-coverage-limited-to-2026-06-and-2026Q1;market-status-current-only;no-dated-corporate-action-observation;official-closing-table-present;security-lifecycle-current-only
TWSE,2025-07-11,official-open,partial,1297,covered,current-only,covered,current-only,unknown,partial,fundamental-coverage-limited-to-2026-06-and-2026Q1;market-status-current-only;no-dated-corporate-action-observation;official-closing-table-present;security-lifecycle-current-only
TPEX,2025-07-11,official-open,partial,965,covered,current-only,covered,current-only,unknown,partial,fundamental-coverage-limited-to-2026-06-and-2026Q1;market-status-current-only;no-dated-corporate-action-observation;official-closing-table-present;security-lifecycle-current-only
TWSE,2025-07-12,official-closed,not-session,0,covered,current-only,official-no-data,current-only,unknown,partial,closure-corroborated-by-both-markets-absence;fundamental-coverage-limited-to-2026-06-and-2026Q1;market-status-current-only;no-dated-corporate-action-observation;security-lifecycle-current-only
TPEX,2025-07-12,official-closed,not-session,0,covered,current-only,official-no-data,current-only,unknown,partial,closure-corroborated-by-both-markets-absence;fundamental-coverage-limited-to-2026-06-and-2026Q1;market-status-current-only;no-dated-corporate-action-observation;security-lifecycle-current-only
TWSE,2025-07-13,official-closed,not-session,0,covered,current-only,official-no-data,current-only,unknown,partial,closure-corroborated-by-both-markets-absence;fundamental-coverage-limited-to-2026-06-and-2026Q1;market-status-current-only;no-dated-corporate-action-observation;security-lifecycle-current-only
TPEX,2025-07-13,official-closed,not-session,0,covered,current-only,official-no-data,current-only,unknown,partial,closure-corroborated-by-both-markets-absence;fundamental-coverage-limited-to-2026-06-and-2026Q1;market-status-current-only;no-dated-corporate-action-observation;security-lifecycle-current-only
TWSE,2025-07-14,official-open,partial,1295,covered,current-only,covered,current-only,unknown,partial,fundamental-coverage-limited-to-2026-06-and-2026Q1;market-status-current-only;no-dated-corporate-action-observation;official-closing-table-present;security-lifecycle-current-only
TPEX,2025-07-14,official-open,partial,965,covered,current-only,covered,current-only,unknown,partial,fundamental-coverage-limited-to-2026-06-and-2026Q1;market-status-current-only;no-dated-corporate-action-observation;official-closing-table-present;security-lifecycle-current-only
TWSE,2025-07-15,official-open,partial,1295,covered,current-only,covered,current-only,unknown,partial,fundamental-coverage-limited-to-2026-06-and-2026Q1;market-status-current-only;no-dated-corporate-action-observation;official-closing-table-present;security-lifecycle-current-only
TPEX,2025-07-15,official-open,partial,965,covered,current-only,covered,current-only,unknown,partial,fundamental-coverage-limited-to-2026-06-and-2026Q1;market-status-current-only;no-dated-corporate-action-observation;official-closing-table-present;security-lifecycle-current-only
TWSE,2025-07-16,official-open,partial,1296,covered,current-only,covered,current-only,unknown,partial,fundamental-coverage-limited-to-2026-06-and-2026Q1;market-status-current-only;no-dated-corporate-action-observation;official-closing-table-present;security-lifecycle-current-only
TPEX,2025-07-16,official-open,partial,965,covered,current-only,covered,current-only,unknown,partial,fundamental-coverage-limited-to-2026-06-and-2026Q1;market-status-current-only;no-dated-corporate-action-observation;official-closing-table-present;security-lifecycle-current-only
TWSE,2025-07-17,official-open,partial,1296,covered,current-only,covered,current-only,unknown,partial,fundamental-coverage-limited-to-2026-06-and-2026Q1;market-status-current-only;no-dated-corporate-action-observation;official-closing-table-present;security-lifecycle-current-only
TPEX,2025-07-17,official-open,partial,965,covered,current-only,covered,current-only,unknown,partial,fundamental-coverage-limited-to-2026-06-and-2026Q1;market-status-current-only;no-dated-corporate-action-observation;official-closing-table-present;security-lifecycle-current-only
TWSE,2025-07-18,official-open,partial,1296,covered,current-only,covered,current-only,unknown,partial,fundamental-coverage-limited-to-2026-06-and-2026Q1;market-status-current-only;no-dated-corporate-action-observation;official-closing-table-present;security-lifecycle-current-only
TPEX,2025-07-18,official-open,partial,965,covered,current-only,covered,current-only,unknown,partial,fundamental-coverage-limited-to-2026-06-and-2026Q1;market-status-current-only;no-dated-corporate-action-observation;official-closing-table-present;security-lifecycle-current-only
TWSE,2025-07-19,official-closed,not-session,0,covered,current-only,official-no-data,current-only,unknown,partial,closure-corroborated-by-both-markets-absence;fundamental-coverage-limited-to-2026-06-and-2026Q1;market-status-current-only;no-dated-corporate-action-observation;security-lifecycle-current-only
TPEX,2025-07-19,official-closed,not-session,0,covered,current-only,official-no-data,current-only,unknown,partial,closure-corroborated-by-both-markets-absence;fundamental-coverage-limited-to-2026-06-and-2026Q1;market-status-current-only;no-dated-corporate-action-observation;security-lifecycle-current-only
TWSE,2025-07-20,official-closed,not-session,0,covered,current-only,official-no-data,current-only,unknown,partial,closure-corroborated-by-both-markets-absence;fundamental-coverage-limited-to-2026-06-and-2026Q1;market-status-current-only;no-dated-corporate-action-observation;security-lifecycle-current-only
TPEX,2025-07-20,official-closed,not-session,0,covered,current-only,official-no-data,current-only,unknown,partial,closure-corroborated-by-both-markets-absence;fundamental-coverage-limited-to-2026-06-and-2026Q1;market-status-current-only;no-dated-corporate-action-observation;security-lifecycle-current-only
TWSE,2025-07-21,official-open,partial,1299,covered,current-only,covered,current-only,unknown,partial,fundamental-coverage-limited-to-2026-06-and-2026Q1;market-status-current-only;no-dated-corporate-action-observation;official-closing-table-present;security-lifecycle-current-only
TPEX,2025-07-21,official-open,partial,964,covered,current-only,covered,current-only,unknown,partial,fundamental-coverage-limited-to-2026-06-and-2026Q1;market-status-current-only;no-dated-corporate-action-observation;official-closing-table-present;security-lifecycle-current-only
TWSE,2025-07-22,official-open,partial,1299,covered,current-only,covered,current-only,unknown,partial,fundamental-coverage-limited-to-2026-06-and-2026Q1;market-status-current-only;no-dated-corporate-action-observation;official-closing-table-present;security-lifecycle-current-only
TPEX,2025-07-22,official-open,partial,964,covered,current-only,covered,current-only,unknown,partial,fundamental-coverage-limited-to-2026-06-and-2026Q1;market-status-current-only;no-dated-corporate-action-observation;official-closing-table-present;security-lifecycle-current-only
TWSE,2025-07-23,official-open,partial,1299,covered,current-only,covered,current-only,unknown,partial,fundamental-coverage-limited-to-2026-06-and-2026Q1;market-status-current-only;no-dated-corporate-action-observation;official-closing-table-present;security-lifecycle-current-only
TPEX,2025-07-23,official-open,partial,964,covered,current-only,covered,current-only,unknown,partial,fundamental-coverage-limited-to-2026-06-and-2026Q1;market-status-current-only;no-dated-corporate-action-observation;official-closing-table-present;security-lifecycle-current-only
TWSE,2025-07-24,official-open,partial,1302,covered,current-only,covered,current-only,unknown,partial,fundamental-coverage-limited-to-2026-06-and-2026Q1;market-status-current-only;no-dated-corporate-action-observation;official-closing-table-present;security-lifecycle-current-only
TPEX,2025-07-24,official-open,partial,964,covered,current-only,covered,current-only,unknown,partial,fundamental-coverage-limited-to-2026-06-and-2026Q1;market-status-current-only;no-dated-corporate-action-observation;official-closing-table-present;security-lifecycle-current-only
TWSE,2025-07-25,official-open,partial,1302,covered,current-only,covered,current-only,unknown,partial,fundamental-coverage-limited-to-2026-06-and-2026Q1;market-status-current-only;no-dated-corporate-action-observation;official-closing-table-present;security-lifecycle-current-only
TPEX,2025-07-25,official-open,partial,964,covered,current-only,covered,current-only,unknown,partial,fundamental-coverage-limited-to-2026-06-and-2026Q1;market-status-current-only;no-dated-corporate-action-observation;official-closing-table-present;security-lifecycle-current-only
TWSE,2025-07-26,official-closed,not-session,0,covered,current-only,official-no-data,current-only,unknown,partial,closure-corroborated-by-both-markets-absence;fundamental-coverage-limited-to-2026-06-and-2026Q1;market-status-current-only;no-dated-corporate-action-observation;security-lifecycle-current-only
TPEX,2025-07-26,official-closed,not-session,0,covered,current-only,official-no-data,current-only,unknown,partial,closure-corroborated-by-both-markets-absence;fundamental-coverage-limited-to-2026-06-and-2026Q1;market-status-current-only;no-dated-corporate-action-observation;security-lifecycle-current-only
TWSE,2025-07-27,official-closed,not-session,0,covered,current-only,official-no-data,current-only,unknown,partial,closure-corroborated-by-both-markets-absence;fundamental-coverage-limited-to-2026-06-and-2026Q1;market-status-current-only;no-dated-corporate-action-observation;security-lifecycle-current-only
TPEX,2025-07-27,official-closed,not-session,0,covered,current-only,official-no-data,current-only,unknown,partial,closure-corroborated-by-both-markets-absence;fundamental-coverage-limited-to-2026-06-and-2026Q1;market-status-current-only;no-dated-corporate-action-observation;security-lifecycle-current-only
TWSE,2025-07-28,official-open,partial,1300,covered,current-only,covered,current-only,unknown,partial,fundamental-coverage-limited-to-2026-06-and-2026Q1;market-status-current-only;no-dated-corporate-action-observation;official-closing-table-present;security-lifecycle-current-only
TPEX,2025-07-28,official-open,partial,964,covered,current-only,covered,current-only,unknown,partial,fundamental-coverage-limited-to-2026-06-and-2026Q1;market-status-current-only;no-dated-corporate-action-observation;official-closing-table-present;security-lifecycle-current-only
TWSE,2025-07-29,official-open,partial,1302,covered,current-only,covered,current-only,unknown,partial,fundamental-coverage-limited-to-2026-06-and-2026Q1;market-status-current-only;no-dated-corporate-action-observation;official-closing-table-present;security-lifecycle-current-only
TPEX,2025-07-29,official-open,partial,965,covered,current-only,covered,current-only,unknown,partial,fundamental-coverage-limited-to-2026-06-and-2026Q1;market-status-current-only;no-dated-corporate-action-observation;official-closing-table-present;security-lifecycle-current-only
TWSE,2025-07-30,official-open,partial,1302,covered,current-only,covered,current-only,unknown,partial,fundamental-coverage-limited-to-2026-06-and-2026Q1;market-status-current-only;no-dated-corporate-action-observation;official-closing-table-present;security-lifecycle-current-only
TPEX,2025-07-30,official-open,partial,965,covered,current-only,covered,current-only,unknown,partial,fundamental-coverage-limited-to-2026-06-and-2026Q1;market-status-current-only;no-dated-corporate-action-observation;official-closing-table-present;security-lifecycle-current-only
TWSE,2025-07-31,official-open,partial,1302,covered,current-only,covered,current-only,unknown,partial,fundamental-coverage-limited-to-2026-06-and-2026Q1;market-status-current-only;no-dated-corporate-action-observation;official-closing-table-present;security-lifecycle-current-only
TPEX,2025-07-31,official-open,partial,964,covered,current-only,covered,current-only,unknown,partial,fundamental-coverage-limited-to-2026-06-and-2026Q1;market-status-current-only;no-dated-corporate-action-observation;official-closing-table-present;security-lifecycle-current-only
TWSE,2025-08-01,official-open,partial,1302,covered,current-only,covered,current-only,unknown,partial,fundamental-coverage-limited-to-2026-06-and-2026Q1;market-status-current-only;no-dated-corporate-action-observation;official-closing-table-present;security-lifecycle-current-only
TPEX,2025-08-01,official-open,partial,964,covered,current-only,covered,current-only,unknown,partial,fundamental-coverage-limited-to-2026-06-and-2026Q1;market-status-current-only;no-dated-corporate-action-observation;official-closing-table-present;security-lifecycle-current-only
TWSE,2025-08-02,official-closed,not-session,0,covered,current-only,official-no-data,current-only,unknown,partial,closure-corroborated-by-both-markets-absence;fundamental-coverage-limited-to-2026-06-and-2026Q1;market-status-current-only;no-dated-corporate-action-observation;security-lifecycle-current-only
TPEX,2025-08-02,official-closed,not-session,0,covered,current-only,official-no-data,current-only,unknown,partial,closure-corroborated-by-both-markets-absence;fundamental-coverage-limited-to-2026-06-and-2026Q1;market-status-current-only;no-dated-corporate-action-observation;security-lifecycle-current-only
TWSE,2025-08-03,official-closed,not-session,0,covered,current-only,official-no-data,current-only,unknown,partial,closure-corroborated-by-both-markets-absence;fundamental-coverage-limited-to-2026-06-and-2026Q1;market-status-current-only;no-dated-corporate-action-observation;security-lifecycle-current-only
TPEX,2025-08-03,official-closed,not-session,0,covered,current-only,official-no-data,current-only,unknown,partial,closure-corroborated-by-both-markets-absence;fundamental-coverage-limited-to-2026-06-and-2026Q1;market-status-current-only;no-dated-corporate-action-observation;security-lifecycle-current-only
TWSE,2025-08-04,official-open,partial,1302,covered,current-only,covered,current-only,unknown,partial,fundamental-coverage-limited-to-2026-06-and-2026Q1;market-status-current-only;no-dated-corporate-action-observation;official-closing-table-present;security-lifecycle-current-only
TPEX,2025-08-04,official-open,partial,965,covered,current-only,covered,current-only,unknown,partial,fundamental-coverage-limited-to-2026-06-and-2026Q1;market-status-current-only;no-dated-corporate-action-observation;official-closing-table-present;security-lifecycle-current-only
TWSE,2025-08-05,official-open,partial,1301,covered,current-only,covered,current-only,unknown,partial,fundamental-coverage-limited-to-2026-06-and-2026Q1;market-status-current-only;no-dated-corporate-action-observation;official-closing-table-present;security-lifecycle-current-only
TPEX,2025-08-05,official-open,partial,965,covered,current-only,covered,current-only,unknown,partial,fundamental-coverage-limited-to-2026-06-and-2026Q1;market-status-current-only;no-dated-corporate-action-observation;official-closing-table-present;security-lifecycle-current-only
TWSE,2025-08-06,official-open,partial,1302,covered,current-only,covered,current-only,unknown,partial,fundamental-coverage-limited-to-2026-06-and-2026Q1;market-status-current-only;no-dated-corporate-action-observation;official-closing-table-present;security-lifecycle-current-only
TPEX,2025-08-06,official-open,partial,965,covered,current-only,covered,current-only,unknown,partial,fundamental-coverage-limited-to-2026-06-and-2026Q1;market-status-current-only;no-dated-corporate-action-observation;official-closing-table-present;security-lifecycle-current-only
TWSE,2025-08-07,official-open,partial,1302,covered,current-only,covered,current-only,unknown,partial,fundamental-coverage-limited-to-2026-06-and-2026Q1;market-status-current-only;no-dated-corporate-action-observation;official-closing-table-present;security-lifecycle-current-only
TPEX,2025-08-07,official-open,partial,965,covered,current-only,covered,current-only,unknown,partial,fundamental-coverage-limited-to-2026-06-and-2026Q1;market-status-current-only;no-dated-corporate-action-observation;official-closing-table-present;security-lifecycle-current-only
TWSE,2025-08-08,official-open,partial,1302,covered,current-only,covered,current-only,unknown,partial,fundamental-coverage-limited-to-2026-06-and-2026Q1;market-status-current-only;no-dated-corporate-action-observation;official-closing-table-present;security-lifecycle-current-only
TPEX,2025-08-08,official-open,partial,965,covered,current-only,covered,current-only,unknown,partial,fundamental-coverage-limited-to-2026-06-and-2026Q1;market-status-current-only;no-dated-corporate-action-observation;official-closing-table-present;security-lifecycle-current-only
TWSE,2025-08-09,official-closed,not-session,0,covered,current-only,official-no-data,current-only,unknown,partial,closure-corroborated-by-both-markets-absence;fundamental-coverage-limited-to-2026-06-and-2026Q1;market-status-current-only;no-dated-corporate-action-observation;security-lifecycle-current-only
TPEX,2025-08-09,official-closed,not-session,0,covered,current-only,official-no-data,current-only,unknown,partial,closure-corroborated-by-both-markets-absence;fundamental-coverage-limited-to-2026-06-and-2026Q1;market-status-current-only;no-dated-corporate-action-observation;security-lifecycle-current-only
TWSE,2025-08-10,official-closed,not-session,0,covered,current-only,official-no-data,current-only,unknown,partial,closure-corroborated-by-both-markets-absence;fundamental-coverage-limited-to-2026-06-and-2026Q1;market-status-current-only;no-dated-corporate-action-observation;security-lifecycle-current-only
TPEX,2025-08-10,official-closed,not-session,0,covered,current-only,official-no-data,current-only,unknown,partial,closure-corroborated-by-both-markets-absence;fundamental-coverage-limited-to-2026-06-and-2026Q1;market-status-current-only;no-dated-corporate-action-observation;security-lifecycle-current-only
TWSE,2025-08-11,official-open,partial,1302,covered,current-only,covered,current-only,unknown,partial,fundamental-coverage-limited-to-2026-06-and-2026Q1;market-status-current-only;no-dated-corporate-action-observation;official-closing-table-present;security-lifecycle-current-only
TPEX,2025-08-11,official-open,partial,967,covered,current-only,covered,current-only,unknown,partial,fundamental-coverage-limited-to-2026-06-and-2026Q1;market-status-current-only;no-dated-corporate-action-observation;official-closing-table-present;security-lifecycle-current-only
TWSE,2025-08-12,official-open,partial,1302,covered,current-only,covered,current-only,unknown,partial,fundamental-coverage-limited-to-2026-06-and-2026Q1;market-status-current-only;no-dated-corporate-action-observation;official-closing-table-present;security-lifecycle-current-only
TPEX,2025-08-12,official-open,partial,967,covered,current-only,covered,current-only,unknown,partial,fundamental-coverage-limited-to-2026-06-and-2026Q1;market-status-current-only;no-dated-corporate-action-observation;official-closing-table-present;security-lifecycle-current-only
TWSE,2025-08-13,official-open,partial,1302,covered,current-only,covered,current-only,unknown,partial,fundamental-coverage-limited-to-2026-06-and-2026Q1;market-status-current-only;no-dated-corporate-action-observation;official-closing-table-present;security-lifecycle-current-only
TPEX,2025-08-13,official-open,partial,967,covered,current-only,covered,current-only,unknown,partial,fundamental-coverage-limited-to-2026-06-and-2026Q1;market-status-current-only;no-dated-corporate-action-observation;official-closing-table-present;security-lifecycle-current-only
TWSE,2025-08-14,official-open,partial,1301,covered,current-only,covered,current-only,unknown,partial,fundamental-coverage-limited-to-2026-06-and-2026Q1;market-status-current-only;no-dated-corporate-action-observation;official-closing-table-present;security-lifecycle-current-only
TPEX,2025-08-14,official-open,partial,966,covered,current-only,covered,current-only,unknown,partial,fundamental-coverage-limited-to-2026-06-and-2026Q1;market-status-current-only;no-dated-corporate-action-observation;official-closing-table-present;security-lifecycle-current-only
TWSE,2025-08-15,official-open,partial,1302,covered,current-only,covered,current-only,unknown,partial,fundamental-coverage-limited-to-2026-06-and-2026Q1;market-status-current-only;no-dated-corporate-action-observation;official-closing-table-present;security-lifecycle-current-only
TPEX,2025-08-15,official-open,partial,967,covered,current-only,covered,current-only,unknown,partial,fundamental-coverage-limited-to-2026-06-and-2026Q1;market-status-current-only;no-dated-corporate-action-observation;official-closing-table-present;security-lifecycle-current-only
TWSE,2025-08-16,official-closed,not-session,0,covered,current-only,official-no-data,current-only,unknown,partial,closure-corroborated-by-both-markets-absence;fundamental-coverage-limited-to-2026-06-and-2026Q1;market-status-current-only;no-dated-corporate-action-observation;security-lifecycle-current-only
TPEX,2025-08-16,official-closed,not-session,0,covered,current-only,official-no-data,current-only,unknown,partial,closure-corroborated-by-both-markets-absence;fundamental-coverage-limited-to-2026-06-and-2026Q1;market-status-current-only;no-dated-corporate-action-observation;security-lifecycle-current-only
TWSE,2025-08-17,official-closed,not-session,0,covered,current-only,official-no-data,current-only,unknown,partial,closure-corroborated-by-both-markets-absence;fundamental-coverage-limited-to-2026-06-and-2026Q1;market-status-current-only;no-dated-corporate-action-observation;security-lifecycle-current-only
TPEX,2025-08-17,official-closed,not-session,0,covered,current-only,official-no-data,current-only,unknown,partial,closure-corroborated-by-both-markets-absence;fundamental-coverage-limited-to-2026-06-and-2026Q1;market-status-current-only;no-dated-corporate-action-observation;security-lifecycle-current-only
TWSE,2025-08-18,official-open,partial,1302,covered,current-only,covered,current-only,unknown,partial,fundamental-coverage-limited-to-2026-06-and-2026Q1;market-status-current-only;no-dated-corporate-action-observation;official-closing-table-present;security-lifecycle-current-only
TPEX,2025-08-18,official-open,partial,967,covered,current-only,covered,current-only,unknown,partial,fundamental-coverage-limited-to-2026-06-and-2026Q1;market-status-current-only;no-dated-corporate-action-observation;official-closing-table-present;security-lifecycle-current-only
TWSE,2025-08-19,official-open,partial,1302,covered,current-only,covered,current-only,unknown,partial,fundamental-coverage-limited-to-2026-06-and-2026Q1;market-status-current-only;no-dated-corporate-action-observation;official-closing-table-present;security-lifecycle-current-only
TPEX,2025-08-19,official-open,partial,967,covered,current-only,covered,current-only,unknown,partial,fundamental-coverage-limited-to-2026-06-and-2026Q1;market-status-current-only;no-dated-corporate-action-observation;official-closing-table-present;security-lifecycle-current-only
TWSE,2025-08-20,official-open,partial,1302,covered,current-only,covered,current-only,unknown,partial,fundamental-coverage-limited-to-2026-06-and-2026Q1;market-status-current-only;no-dated-corporate-action-observation;official-closing-table-present;security-lifecycle-current-only
TPEX,2025-08-20,official-open,partial,966,covered,current-only,covered,current-only,unknown,partial,fundamental-coverage-limited-to-2026-06-and-2026Q1;market-status-current-only;no-dated-corporate-action-observation;official-closing-table-present;security-lifecycle-current-only
TWSE,2025-08-21,official-open,partial,1302,covered,current-only,covered,current-only,unknown,partial,fundamental-coverage-limited-to-2026-06-and-2026Q1;market-status-current-only;no-dated-corporate-action-observation;official-closing-table-present;security-lifecycle-current-only
TPEX,2025-08-21,official-open,partial,967,covered,current-only,covered,current-only,unknown,partial,fundamental-coverage-limited-to-2026-06-and-2026Q1;market-status-current-only;no-dated-corporate-action-observation;official-closing-table-present;security-lifecycle-current-only
TWSE,2025-08-22,official-open,partial,1302,covered,current-only,covered,current-only,unknown,partial,fundamental-coverage-limited-to-2026-06-and-2026Q1;market-status-current-only;no-dated-corporate-action-observation;official-closing-table-present;security-lifecycle-current-only
TPEX,2025-08-22,official-open,partial,966,covered,current-only,covered,current-only,unknown,partial,fundamental-coverage-limited-to-2026-06-and-2026Q1;market-status-current-only;no-dated-corporate-action-observation;official-closing-table-present;security-lifecycle-current-only
TWSE,2025-08-23,official-closed,not-session,0,covered,current-only,official-no-data,current-only,unknown,partial,closure-corroborated-by-both-markets-absence;fundamental-coverage-limited-to-2026-06-and-2026Q1;market-status-current-only;no-dated-corporate-action-observation;security-lifecycle-current-only
TPEX,2025-08-23,official-closed,not-session,0,covered,current-only,official-no-data,current-only,unknown,partial,closure-corroborated-by-both-markets-absence;fundamental-coverage-limited-to-2026-06-and-2026Q1;market-status-current-only;no-dated-corporate-action-observation;security-lifecycle-current-only
TWSE,2025-08-24,official-closed,not-session,0,covered,current-only,official-no-data,current-only,unknown,partial,closure-corroborated-by-both-markets-absence;fundamental-coverage-limited-to-2026-06-and-2026Q1;market-status-current-only;no-dated-corporate-action-observation;security-lifecycle-current-only
TPEX,2025-08-24,official-closed,not-session,0,covered,current-only,official-no-data,current-only,unknown,partial,closure-corroborated-by-both-markets-absence;fundamental-coverage-limited-to-2026-06-and-2026Q1;market-status-current-only;no-dated-corporate-action-observation;security-lifecycle-current-only
TWSE,2025-08-25,official-open,partial,1303,covered,current-only,covered,current-only,unknown,partial,fundamental-coverage-limited-to-2026-06-and-2026Q1;market-status-current-only;no-dated-corporate-action-observation;official-closing-table-present;security-lifecycle-current-only
TPEX,2025-08-25,official-open,partial,967,covered,current-only,covered,current-only,unknown,partial,fundamental-coverage-limited-to-2026-06-and-2026Q1;market-status-current-only;no-dated-corporate-action-observation;official-closing-table-present;security-lifecycle-current-only
TWSE,2025-08-26,official-open,partial,1303,covered,current-only,covered,current-only,unknown,partial,fundamental-coverage-limited-to-2026-06-and-2026Q1;market-status-current-only;no-dated-corporate-action-observation;official-closing-table-present;security-lifecycle-current-only
TPEX,2025-08-26,official-open,partial,968,covered,current-only,covered,current-only,unknown,partial,fundamental-coverage-limited-to-2026-06-and-2026Q1;market-status-current-only;no-dated-corporate-action-observation;official-closing-table-present;security-lifecycle-current-only
TWSE,2025-08-27,official-open,partial,1304,covered,current-only,covered,current-only,unknown,partial,fundamental-coverage-limited-to-2026-06-and-2026Q1;market-status-current-only;no-dated-corporate-action-observation;official-closing-table-present;security-lifecycle-current-only
TPEX,2025-08-27,official-open,partial,968,covered,current-only,covered,current-only,unknown,partial,fundamental-coverage-limited-to-2026-06-and-2026Q1;market-status-current-only;no-dated-corporate-action-observation;official-closing-table-present;security-lifecycle-current-only
TWSE,2025-08-28,official-open,partial,1304,covered,current-only,covered,current-only,unknown,partial,fundamental-coverage-limited-to-2026-06-and-2026Q1;market-status-current-only;no-dated-corporate-action-observation;official-closing-table-present;security-lifecycle-current-only
TPEX,2025-08-28,official-open,partial,968,covered,current-only,covered,current-only,unknown,partial,fundamental-coverage-limited-to-2026-06-and-2026Q1;market-status-current-only;no-dated-corporate-action-observation;official-closing-table-present;security-lifecycle-current-only
TWSE,2025-08-29,official-open,partial,1304,covered,current-only,covered,current-only,unknown,partial,fundamental-coverage-limited-to-2026-06-and-2026Q1;market-status-current-only;no-dated-corporate-action-observation;official-closing-table-present;security-lifecycle-current-only
TPEX,2025-08-29,official-open,partial,968,covered,current-only,covered,current-only,unknown,partial,fundamental-coverage-limited-to-2026-06-and-2026Q1;market-status-current-only;no-dated-corporate-action-observation;official-closing-table-present;security-lifecycle-current-only
TWSE,2025-08-30,official-closed,not-session,0,covered,current-only,official-no-data,current-only,unknown,partial,closure-corroborated-by-both-markets-absence;fundamental-coverage-limited-to-2026-06-and-2026Q1;market-status-current-only;no-dated-corporate-action-observation;security-lifecycle-current-only
TPEX,2025-08-30,official-closed,not-session,0,covered,current-only,official-no-data,current-only,unknown,partial,closure-corroborated-by-both-markets-absence;fundamental-coverage-limited-to-2026-06-and-2026Q1;market-status-current-only;no-dated-corporate-action-observation;security-lifecycle-current-only
TWSE,2025-08-31,official-closed,not-session,0,covered,current-only,official-no-data,current-only,unknown,partial,closure-corroborated-by-both-markets-absence;fundamental-coverage-limited-to-2026-06-and-2026Q1;market-status-current-only;no-dated-corporate-action-observation;security-lifecycle-current-only
TPEX,2025-08-31,official-closed,not-session,0,covered,current-only,official-no-data,current-only,unknown,partial,closure-corroborated-by-both-markets-absence;fundamental-coverage-limited-to-2026-06-and-2026Q1;market-status-current-only;no-dated-corporate-action-observation;security-lifecycle-current-only
TWSE,2025-09-01,official-open,partial,1304,covered,current-only,covered,current-only,unknown,partial,fundamental-coverage-limited-to-2026-06-and-2026Q1;market-status-current-only;no-dated-corporate-action-observation;official-closing-table-present;security-lifecycle-current-only
TPEX,2025-09-01,official-open,partial,968,covered,current-only,covered,current-only,unknown,partial,fundamental-coverage-limited-to-2026-06-and-2026Q1;market-status-current-only;no-dated-corporate-action-observation;official-closing-table-present;security-lifecycle-current-only
TWSE,2025-09-02,official-open,partial,1304,covered,current-only,covered,current-only,unknown,partial,fundamental-coverage-limited-to-2026-06-and-2026Q1;market-status-current-only;no-dated-corporate-action-observation;official-closing-table-present;security-lifecycle-current-only
TPEX,2025-09-02,official-open,partial,967,covered,current-only,covered,current-only,unknown,partial,fundamental-coverage-limited-to-2026-06-and-2026Q1;market-status-current-only;no-dated-corporate-action-observation;official-closing-table-present;security-lifecycle-current-only
TWSE,2025-09-03,official-open,partial,1304,covered,current-only,covered,current-only,unknown,partial,fundamental-coverage-limited-to-2026-06-and-2026Q1;market-status-current-only;no-dated-corporate-action-observation;official-closing-table-present;security-lifecycle-current-only
TPEX,2025-09-03,official-open,partial,967,covered,current-only,covered,current-only,unknown,partial,fundamental-coverage-limited-to-2026-06-and-2026Q1;market-status-current-only;no-dated-corporate-action-observation;official-closing-table-present;security-lifecycle-current-only
TWSE,2025-09-04,official-open,partial,1303,covered,current-only,covered,current-only,unknown,partial,fundamental-coverage-limited-to-2026-06-and-2026Q1;market-status-current-only;no-dated-corporate-action-observation;official-closing-table-present;security-lifecycle-current-only
TPEX,2025-09-04,official-open,partial,967,covered,current-only,covered,current-only,unknown,partial,fundamental-coverage-limited-to-2026-06-and-2026Q1;market-status-current-only;no-dated-corporate-action-observation;official-closing-table-present;security-lifecycle-current-only
TWSE,2025-09-05,official-open,partial,1303,covered,current-only,covered,current-only,unknown,partial,fundamental-coverage-limited-to-2026-06-and-2026Q1;market-status-current-only;no-dated-corporate-action-observation;official-closing-table-present;security-lifecycle-current-only
TPEX,2025-09-05,official-open,partial,967,covered,current-only,covered,current-only,unknown,partial,fundamental-coverage-limited-to-2026-06-and-2026Q1;market-status-current-only;no-dated-corporate-action-observation;official-closing-table-present;security-lifecycle-current-only
TWSE,2025-09-06,official-closed,not-session,0,covered,current-only,official-no-data,current-only,unknown,partial,closure-corroborated-by-both-markets-absence;fundamental-coverage-limited-to-2026-06-and-2026Q1;market-status-current-only;no-dated-corporate-action-observation;security-lifecycle-current-only
TPEX,2025-09-06,official-closed,not-session,0,covered,current-only,official-no-data,current-only,unknown,partial,closure-corroborated-by-both-markets-absence;fundamental-coverage-limited-to-2026-06-and-2026Q1;market-status-current-only;no-dated-corporate-action-observation;security-lifecycle-current-only
TWSE,2025-09-07,official-closed,not-session,0,covered,current-only,official-no-data,current-only,unknown,partial,closure-corroborated-by-both-markets-absence;fundamental-coverage-limited-to-2026-06-and-2026Q1;market-status-current-only;no-dated-corporate-action-observation;security-lifecycle-current-only
TPEX,2025-09-07,official-closed,not-session,0,covered,current-only,official-no-data,current-only,unknown,partial,closure-corroborated-by-both-markets-absence;fundamental-coverage-limited-to-2026-06-and-2026Q1;market-status-current-only;no-dated-corporate-action-observation;security-lifecycle-current-only
TWSE,2025-09-08,official-open,partial,1303,covered,current-only,covered,current-only,unknown,partial,fundamental-coverage-limited-to-2026-06-and-2026Q1;market-status-current-only;no-dated-corporate-action-observation;official-closing-table-present;security-lifecycle-current-only
TPEX,2025-09-08,official-open,partial,967,covered,current-only,covered,current-only,unknown,partial,fundamental-coverage-limited-to-2026-06-and-2026Q1;market-status-current-only;no-dated-corporate-action-observation;official-closing-table-present;security-lifecycle-current-only
TWSE,2025-09-09,official-open,partial,1306,covered,current-only,covered,current-only,unknown,partial,fundamental-coverage-limited-to-2026-06-and-2026Q1;market-status-current-only;no-dated-corporate-action-observation;official-closing-table-present;security-lifecycle-current-only
TPEX,2025-09-09,official-open,partial,967,covered,current-only,covered,current-only,unknown,partial,fundamental-coverage-limited-to-2026-06-and-2026Q1;market-status-current-only;no-dated-corporate-action-observation;official-closing-table-present;security-lifecycle-current-only
TWSE,2025-09-10,official-open,partial,1306,covered,current-only,covered,current-only,unknown,partial,fundamental-coverage-limited-to-2026-06-and-2026Q1;market-status-current-only;no-dated-corporate-action-observation;official-closing-table-present;security-lifecycle-current-only
TPEX,2025-09-10,official-open,partial,967,covered,current-only,covered,current-only,unknown,partial,fundamental-coverage-limited-to-2026-06-and-2026Q1;market-status-current-only;no-dated-corporate-action-observation;official-closing-table-present;security-lifecycle-current-only
TWSE,2025-09-11,official-open,partial,1307,covered,current-only,covered,current-only,unknown,partial,fundamental-coverage-limited-to-2026-06-and-2026Q1;market-status-current-only;no-dated-corporate-action-observation;official-closing-table-present;security-lifecycle-current-only
TPEX,2025-09-11,official-open,partial,967,covered,current-only,covered,current-only,unknown,partial,fundamental-coverage-limited-to-2026-06-and-2026Q1;market-status-current-only;no-dated-corporate-action-observation;official-closing-table-present;security-lifecycle-current-only
TWSE,2025-09-12,official-open,partial,1307,covered,current-only,covered,current-only,unknown,partial,fundamental-coverage-limited-to-2026-06-and-2026Q1;market-status-current-only;no-dated-corporate-action-observation;official-closing-table-present;security-lifecycle-current-only
TPEX,2025-09-12,official-open,partial,967,covered,current-only,covered,current-only,unknown,partial,fundamental-coverage-limited-to-2026-06-and-2026Q1;market-status-current-only;no-dated-corporate-action-observation;official-closing-table-present;security-lifecycle-current-only
TWSE,2025-09-13,official-closed,not-session,0,covered,current-only,official-no-data,current-only,unknown,partial,closure-corroborated-by-both-markets-absence;fundamental-coverage-limited-to-2026-06-and-2026Q1;market-status-current-only;no-dated-corporate-action-observation;security-lifecycle-current-only
TPEX,2025-09-13,official-closed,not-session,0,covered,current-only,official-no-data,current-only,unknown,partial,closure-corroborated-by-both-markets-absence;fundamental-coverage-limited-to-2026-06-and-2026Q1;market-status-current-only;no-dated-corporate-action-observation;security-lifecycle-current-only
TWSE,2025-09-14,official-closed,not-session,0,covered,current-only,official-no-data,current-only,unknown,partial,closure-corroborated-by-both-markets-absence;fundamental-coverage-limited-to-2026-06-and-2026Q1;market-status-current-only;no-dated-corporate-action-observation;security-lifecycle-current-only
TPEX,2025-09-14,official-closed,not-session,0,covered,current-only,official-no-data,current-only,unknown,partial,closure-corroborated-by-both-markets-absence;fundamental-coverage-limited-to-2026-06-and-2026Q1;market-status-current-only;no-dated-corporate-action-observation;security-lifecycle-current-only
TWSE,2025-09-15,official-open,partial,1310,covered,current-only,covered,current-only,unknown,partial,fundamental-coverage-limited-to-2026-06-and-2026Q1;market-status-current-only;no-dated-corporate-action-observation;official-closing-table-present;security-lifecycle-current-only
TPEX,2025-09-15,official-open,partial,967,covered,current-only,covered,current-only,unknown,partial,fundamental-coverage-limited-to-2026-06-and-2026Q1;market-status-current-only;no-dated-corporate-action-observation;official-closing-table-present;security-lifecycle-current-only
TWSE,2025-09-16,official-open,partial,1310,covered,current-only,covered,current-only,unknown,partial,fundamental-coverage-limited-to-2026-06-and-2026Q1;market-status-current-only;no-dated-corporate-action-observation;official-closing-table-present;security-lifecycle-current-only
TPEX,2025-09-16,official-open,partial,968,covered,current-only,covered,current-only,unknown,partial,fundamental-coverage-limited-to-2026-06-and-2026Q1;market-status-current-only;no-dated-corporate-action-observation;official-closing-table-present;security-lifecycle-current-only
TWSE,2025-09-17,official-open,partial,1311,covered,current-only,covered,current-only,unknown,partial,fundamental-coverage-limited-to-2026-06-and-2026Q1;market-status-current-only;no-dated-corporate-action-observation;official-closing-table-present;security-lifecycle-current-only
TPEX,2025-09-17,official-open,partial,968,covered,current-only,covered,current-only,unknown,partial,fundamental-coverage-limited-to-2026-06-and-2026Q1;market-status-current-only;no-dated-corporate-action-observation;official-closing-table-present;security-lifecycle-current-only
TWSE,2025-09-18,official-open,partial,1310,covered,current-only,covered,current-only,unknown,partial,fundamental-coverage-limited-to-2026-06-and-2026Q1;market-status-current-only;no-dated-corporate-action-observation;official-closing-table-present;security-lifecycle-current-only
TPEX,2025-09-18,official-open,partial,968,covered,current-only,covered,current-only,unknown,partial,fundamental-coverage-limited-to-2026-06-and-2026Q1;market-status-current-only;no-dated-corporate-action-observation;official-closing-table-present;security-lifecycle-current-only
TWSE,2025-09-19,official-open,partial,1310,covered,current-only,covered,current-only,unknown,partial,fundamental-coverage-limited-to-2026-06-and-2026Q1;market-status-current-only;no-dated-corporate-action-observation;official-closing-table-present;security-lifecycle-current-only
TPEX,2025-09-19,official-open,partial,969,covered,current-only,covered,current-only,unknown,partial,fundamental-coverage-limited-to-2026-06-and-2026Q1;market-status-current-only;no-dated-corporate-action-observation;official-closing-table-present;security-lifecycle-current-only
TWSE,2025-09-20,official-closed,not-session,0,covered,current-only,official-no-data,current-only,unknown,partial,closure-corroborated-by-both-markets-absence;fundamental-coverage-limited-to-2026-06-and-2026Q1;market-status-current-only;no-dated-corporate-action-observation;security-lifecycle-current-only
TPEX,2025-09-20,official-closed,not-session,0,covered,current-only,official-no-data,current-only,unknown,partial,closure-corroborated-by-both-markets-absence;fundamental-coverage-limited-to-2026-06-and-2026Q1;market-status-current-only;no-dated-corporate-action-observation;security-lifecycle-current-only
TWSE,2025-09-21,official-closed,not-session,0,covered,current-only,official-no-data,current-only,unknown,partial,closure-corroborated-by-both-markets-absence;fundamental-coverage-limited-to-2026-06-and-2026Q1;market-status-current-only;no-dated-corporate-action-observation;security-lifecycle-current-only
TPEX,2025-09-21,official-closed,not-session,0,covered,current-only,official-no-data,current-only,unknown,partial,closure-corroborated-by-both-markets-absence;fundamental-coverage-limited-to-2026-06-and-2026Q1;market-status-current-only;no-dated-corporate-action-observation;security-lifecycle-current-only
TWSE,2025-09-22,official-open,partial,1310,covered,current-only,covered,current-only,unknown,partial,fundamental-coverage-limited-to-2026-06-and-2026Q1;market-status-current-only;no-dated-corporate-action-observation;official-closing-table-present;security-lifecycle-current-only
TPEX,2025-09-22,official-open,partial,969,covered,current-only,covered,current-only,unknown,partial,fundamental-coverage-limited-to-2026-06-and-2026Q1;market-status-current-only;no-dated-corporate-action-observation;official-closing-table-present;security-lifecycle-current-only
TWSE,2025-09-23,official-open,partial,1310,covered,current-only,covered,current-only,unknown,partial,fundamental-coverage-limited-to-2026-06-and-2026Q1;market-status-current-only;no-dated-corporate-action-observation;official-closing-table-present;security-lifecycle-current-only
TPEX,2025-09-23,official-open,partial,969,covered,current-only,covered,current-only,unknown,partial,fundamental-coverage-limited-to-2026-06-and-2026Q1;market-status-current-only;no-dated-corporate-action-observation;official-closing-table-present;security-lifecycle-current-only
TWSE,2025-09-24,official-open,partial,1311,covered,current-only,covered,current-only,unknown,partial,fundamental-coverage-limited-to-2026-06-and-2026Q1;market-status-current-only;no-dated-corporate-action-observation;official-closing-table-present;security-lifecycle-current-only
TPEX,2025-09-24,official-open,partial,969,covered,current-only,covered,current-only,unknown,partial,fundamental-coverage-limited-to-2026-06-and-2026Q1;market-status-current-only;no-dated-corporate-action-observation;official-closing-table-present;security-lifecycle-current-only
TWSE,2025-09-25,official-open,partial,1306,covered,current-only,covered,current-only,unknown,partial,fundamental-coverage-limited-to-2026-06-and-2026Q1;market-status-current-only;no-dated-corporate-action-observation;official-closing-table-present;security-lifecycle-current-only
TPEX,2025-09-25,official-open,partial,968,covered,current-only,covered,current-only,unknown,partial,fundamental-coverage-limited-to-2026-06-and-2026Q1;market-status-current-only;no-dated-corporate-action-observation;official-closing-table-present;security-lifecycle-current-only
TWSE,2025-09-26,official-open,partial,1307,covered,current-only,covered,current-only,unknown,partial,fundamental-coverage-limited-to-2026-06-and-2026Q1;market-status-current-only;no-dated-corporate-action-observation;official-closing-table-present;security-lifecycle-current-only
TPEX,2025-09-26,official-open,partial,968,covered,current-only,covered,current-only,unknown,partial,fundamental-coverage-limited-to-2026-06-and-2026Q1;market-status-current-only;no-dated-corporate-action-observation;official-closing-table-present;security-lifecycle-current-only
TWSE,2025-09-27,official-closed,not-session,0,covered,current-only,official-no-data,current-only,unknown,partial,closure-corroborated-by-both-markets-absence;fundamental-coverage-limited-to-2026-06-and-2026Q1;market-status-current-only;no-dated-corporate-action-observation;security-lifecycle-current-only
TPEX,2025-09-27,official-closed,not-session,0,covered,current-only,official-no-data,current-only,unknown,partial,closure-corroborated-by-both-markets-absence;fundamental-coverage-limited-to-2026-06-and-2026Q1;market-status-current-only;no-dated-corporate-action-observation;security-lifecycle-current-only
TWSE,2025-09-28,official-closed,not-session,0,covered,current-only,official-no-data,current-only,unknown,partial,closure-corroborated-by-both-markets-absence;fundamental-coverage-limited-to-2026-06-and-2026Q1;market-status-current-only;no-dated-corporate-action-observation;security-lifecycle-current-only
TPEX,2025-09-28,official-closed,not-session,0,covered,current-only,official-no-data,current-only,unknown,partial,closure-corroborated-by-both-markets-absence;fundamental-coverage-limited-to-2026-06-and-2026Q1;market-status-current-only;no-dated-corporate-action-observation;security-lifecycle-current-only
TWSE,2025-09-29,official-closed,not-session,0,covered,current-only,official-no-data,current-only,unknown,partial,closure-corroborated-by-both-markets-absence;fundamental-coverage-limited-to-2026-06-and-2026Q1;market-status-current-only;no-dated-corporate-action-observation;security-lifecycle-current-only
TPEX,2025-09-29,official-closed,not-session,0,covered,current-only,official-no-data,current-only,unknown,partial,closure-corroborated-by-both-markets-absence;fundamental-coverage-limited-to-2026-06-and-2026Q1;market-status-current-only;no-dated-corporate-action-observation;security-lifecycle-current-only
TWSE,2025-09-30,official-open,partial,1308,covered,current-only,covered,current-only,unknown,partial,fundamental-coverage-limited-to-2026-06-and-2026Q1;market-status-current-only;no-dated-corporate-action-observation;official-closing-table-present;security-lifecycle-current-only
TPEX,2025-09-30,official-open,partial,968,covered,current-only,covered,current-only,unknown,partial,fundamental-coverage-limited-to-2026-06-and-2026Q1;market-status-current-only;no-dated-corporate-action-observation;official-closing-table-present;security-lifecycle-current-only
TWSE,2025-10-01,official-open,partial,1308,covered,current-only,covered,current-only,unknown,partial,fundamental-coverage-limited-to-2026-06-and-2026Q1;market-status-current-only;no-dated-corporate-action-observation;official-closing-table-present;security-lifecycle-current-only
TPEX,2025-10-01,official-open,partial,968,covered,current-only,covered,current-only,unknown,partial,fundamental-coverage-limited-to-2026-06-and-2026Q1;market-status-current-only;no-dated-corporate-action-observation;official-closing-table-present;security-lifecycle-current-only
TWSE,2025-10-02,official-open,partial,1308,covered,current-only,covered,current-only,unknown,partial,fundamental-coverage-limited-to-2026-06-and-2026Q1;market-status-current-only;no-dated-corporate-action-observation;official-closing-table-present;security-lifecycle-current-only
TPEX,2025-10-02,official-open,partial,969,covered,current-only,covered,current-only,unknown,partial,fundamental-coverage-limited-to-2026-06-and-2026Q1;market-status-current-only;no-dated-corporate-action-observation;official-closing-table-present;security-lifecycle-current-only
TWSE,2025-10-03,official-open,partial,1308,covered,current-only,covered,current-only,unknown,partial,fundamental-coverage-limited-to-2026-06-and-2026Q1;market-status-current-only;no-dated-corporate-action-observation;official-closing-table-present;security-lifecycle-current-only
TPEX,2025-10-03,official-open,partial,970,covered,current-only,covered,current-only,unknown,partial,fundamental-coverage-limited-to-2026-06-and-2026Q1;market-status-current-only;no-dated-corporate-action-observation;official-closing-table-present;security-lifecycle-current-only
TWSE,2025-10-04,official-closed,not-session,0,covered,current-only,official-no-data,current-only,unknown,partial,closure-corroborated-by-both-markets-absence;fundamental-coverage-limited-to-2026-06-and-2026Q1;market-status-current-only;no-dated-corporate-action-observation;security-lifecycle-current-only
TPEX,2025-10-04,official-closed,not-session,0,covered,current-only,official-no-data,current-only,unknown,partial,closure-corroborated-by-both-markets-absence;fundamental-coverage-limited-to-2026-06-and-2026Q1;market-status-current-only;no-dated-corporate-action-observation;security-lifecycle-current-only
TWSE,2025-10-05,official-closed,not-session,0,covered,current-only,official-no-data,current-only,unknown,partial,closure-corroborated-by-both-markets-absence;fundamental-coverage-limited-to-2026-06-and-2026Q1;market-status-current-only;no-dated-corporate-action-observation;security-lifecycle-current-only
TPEX,2025-10-05,official-closed,not-session,0,covered,current-only,official-no-data,current-only,unknown,partial,closure-corroborated-by-both-markets-absence;fundamental-coverage-limited-to-2026-06-and-2026Q1;market-status-current-only;no-dated-corporate-action-observation;security-lifecycle-current-only
TWSE,2025-10-06,official-closed,not-session,0,covered,current-only,official-no-data,current-only,unknown,partial,closure-corroborated-by-both-markets-absence;fundamental-coverage-limited-to-2026-06-and-2026Q1;market-status-current-only;no-dated-corporate-action-observation;security-lifecycle-current-only
TPEX,2025-10-06,official-closed,not-session,0,covered,current-only,official-no-data,current-only,unknown,partial,closure-corroborated-by-both-markets-absence;fundamental-coverage-limited-to-2026-06-and-2026Q1;market-status-current-only;no-dated-corporate-action-observation;security-lifecycle-current-only
TWSE,2025-10-07,official-open,partial,1313,covered,current-only,covered,current-only,unknown,partial,fundamental-coverage-limited-to-2026-06-and-2026Q1;market-status-current-only;no-dated-corporate-action-observation;official-closing-table-present;security-lifecycle-current-only
TPEX,2025-10-07,official-open,partial,970,covered,current-only,covered,current-only,unknown,partial,fundamental-coverage-limited-to-2026-06-and-2026Q1;market-status-current-only;no-dated-corporate-action-observation;official-closing-table-present;security-lifecycle-current-only
TWSE,2025-10-08,official-open,partial,1312,covered,current-only,covered,current-only,unknown,partial,fundamental-coverage-limited-to-2026-06-and-2026Q1;market-status-current-only;no-dated-corporate-action-observation;official-closing-table-present;security-lifecycle-current-only
TPEX,2025-10-08,official-open,partial,969,covered,current-only,covered,current-only,unknown,partial,fundamental-coverage-limited-to-2026-06-and-2026Q1;market-status-current-only;no-dated-corporate-action-observation;official-closing-table-present;security-lifecycle-current-only
TWSE,2025-10-09,official-open,partial,1312,covered,current-only,covered,current-only,unknown,partial,fundamental-coverage-limited-to-2026-06-and-2026Q1;market-status-current-only;no-dated-corporate-action-observation;official-closing-table-present;security-lifecycle-current-only
TPEX,2025-10-09,official-open,partial,969,covered,current-only,covered,current-only,unknown,partial,fundamental-coverage-limited-to-2026-06-and-2026Q1;market-status-current-only;no-dated-corporate-action-observation;official-closing-table-present;security-lifecycle-current-only
TWSE,2025-10-10,official-closed,not-session,0,covered,current-only,official-no-data,current-only,unknown,partial,closure-corroborated-by-both-markets-absence;fundamental-coverage-limited-to-2026-06-and-2026Q1;market-status-current-only;no-dated-corporate-action-observation;security-lifecycle-current-only
TPEX,2025-10-10,official-closed,not-session,0,covered,current-only,official-no-data,current-only,unknown,partial,closure-corroborated-by-both-markets-absence;fundamental-coverage-limited-to-2026-06-and-2026Q1;market-status-current-only;no-dated-corporate-action-observation;security-lifecycle-current-only
TWSE,2025-10-11,official-closed,not-session,0,covered,current-only,official-no-data,current-only,unknown,partial,closure-corroborated-by-both-markets-absence;fundamental-coverage-limited-to-2026-06-and-2026Q1;market-status-current-only;no-dated-corporate-action-observation;security-lifecycle-current-only
TPEX,2025-10-11,official-closed,not-session,0,covered,current-only,official-no-data,current-only,unknown,partial,closure-corroborated-by-both-markets-absence;fundamental-coverage-limited-to-2026-06-and-2026Q1;market-status-current-only;no-dated-corporate-action-observation;security-lifecycle-current-only
TWSE,2025-10-12,official-closed,not-session,0,covered,current-only,official-no-data,current-only,unknown,partial,closure-corroborated-by-both-markets-absence;fundamental-coverage-limited-to-2026-06-and-2026Q1;market-status-current-only;no-dated-corporate-action-observation;security-lifecycle-current-only
TPEX,2025-10-12,official-closed,not-session,0,covered,current-only,official-no-data,current-only,unknown,partial,closure-corroborated-by-both-markets-absence;fundamental-coverage-limited-to-2026-06-and-2026Q1;market-status-current-only;no-dated-corporate-action-observation;security-lifecycle-current-only
TWSE,2025-10-13,official-open,partial,1312,covered,current-only,covered,current-only,unknown,partial,fundamental-coverage-limited-to-2026-06-and-2026Q1;market-status-current-only;no-dated-corporate-action-observation;official-closing-table-present;security-lifecycle-current-only
TPEX,2025-10-13,official-open,partial,969,covered,current-only,covered,current-only,unknown,partial,fundamental-coverage-limited-to-2026-06-and-2026Q1;market-status-current-only;no-dated-corporate-action-observation;official-closing-table-present;security-lifecycle-current-only
TWSE,2025-10-14,official-open,partial,1315,covered,current-only,covered,current-only,unknown,partial,fundamental-coverage-limited-to-2026-06-and-2026Q1;market-status-current-only;no-dated-corporate-action-observation;official-closing-table-present;security-lifecycle-current-only
TPEX,2025-10-14,official-open,partial,969,covered,current-only,covered,current-only,unknown,partial,fundamental-coverage-limited-to-2026-06-and-2026Q1;market-status-current-only;no-dated-corporate-action-observation;official-closing-table-present;security-lifecycle-current-only
TWSE,2025-10-15,official-open,partial,1313,covered,current-only,covered,current-only,unknown,partial,fundamental-coverage-limited-to-2026-06-and-2026Q1;market-status-current-only;no-dated-corporate-action-observation;official-closing-table-present;security-lifecycle-current-only
TPEX,2025-10-15,official-open,partial,969,covered,current-only,covered,current-only,unknown,partial,fundamental-coverage-limited-to-2026-06-and-2026Q1;market-status-current-only;no-dated-corporate-action-observation;official-closing-table-present;security-lifecycle-current-only
TWSE,2025-10-16,official-open,partial,1314,covered,current-only,covered,current-only,unknown,partial,fundamental-coverage-limited-to-2026-06-and-2026Q1;market-status-current-only;no-dated-corporate-action-observation;official-closing-table-present;security-lifecycle-current-only
TPEX,2025-10-16,official-open,partial,970,covered,current-only,covered,current-only,unknown,partial,fundamental-coverage-limited-to-2026-06-and-2026Q1;market-status-current-only;no-dated-corporate-action-observation;official-closing-table-present;security-lifecycle-current-only
TWSE,2025-10-17,official-open,partial,1314,covered,current-only,covered,current-only,unknown,partial,fundamental-coverage-limited-to-2026-06-and-2026Q1;market-status-current-only;no-dated-corporate-action-observation;official-closing-table-present;security-lifecycle-current-only
TPEX,2025-10-17,official-open,partial,970,covered,current-only,covered,current-only,unknown,partial,fundamental-coverage-limited-to-2026-06-and-2026Q1;market-status-current-only;no-dated-corporate-action-observation;official-closing-table-present;security-lifecycle-current-only
TWSE,2025-10-18,official-closed,not-session,0,covered,current-only,official-no-data,current-only,unknown,partial,closure-corroborated-by-both-markets-absence;fundamental-coverage-limited-to-2026-06-and-2026Q1;market-status-current-only;no-dated-corporate-action-observation;security-lifecycle-current-only
TPEX,2025-10-18,official-closed,not-session,0,covered,current-only,official-no-data,current-only,unknown,partial,closure-corroborated-by-both-markets-absence;fundamental-coverage-limited-to-2026-06-and-2026Q1;market-status-current-only;no-dated-corporate-action-observation;security-lifecycle-current-only
TWSE,2025-10-19,official-closed,not-session,0,covered,current-only,official-no-data,current-only,unknown,partial,closure-corroborated-by-both-markets-absence;fundamental-coverage-limited-to-2026-06-and-2026Q1;market-status-current-only;no-dated-corporate-action-observation;security-lifecycle-current-only
TPEX,2025-10-19,official-closed,not-session,0,covered,current-only,official-no-data,current-only,unknown,partial,closure-corroborated-by-both-markets-absence;fundamental-coverage-limited-to-2026-06-and-2026Q1;market-status-current-only;no-dated-corporate-action-observation;security-lifecycle-current-only
TWSE,2025-10-20,official-open,partial,1316,covered,current-only,covered,current-only,unknown,partial,fundamental-coverage-limited-to-2026-06-and-2026Q1;market-status-current-only;no-dated-corporate-action-observation;official-closing-table-present;security-lifecycle-current-only
TPEX,2025-10-20,official-open,partial,972,covered,current-only,covered,current-only,unknown,partial,fundamental-coverage-limited-to-2026-06-and-2026Q1;market-status-current-only;no-dated-corporate-action-observation;official-closing-table-present;security-lifecycle-current-only
TWSE,2025-10-21,official-open,partial,1316,covered,current-only,covered,current-only,unknown,partial,fundamental-coverage-limited-to-2026-06-and-2026Q1;market-status-current-only;no-dated-corporate-action-observation;official-closing-table-present;security-lifecycle-current-only
TPEX,2025-10-21,official-open,partial,972,covered,current-only,covered,current-only,unknown,partial,fundamental-coverage-limited-to-2026-06-and-2026Q1;market-status-current-only;no-dated-corporate-action-observation;official-closing-table-present;security-lifecycle-current-only
TWSE,2025-10-22,official-open,partial,1318,covered,current-only,covered,current-only,unknown,partial,fundamental-coverage-limited-to-2026-06-and-2026Q1;market-status-current-only;no-dated-corporate-action-observation;official-closing-table-present;security-lifecycle-current-only
TPEX,2025-10-22,official-open,partial,972,covered,current-only,covered,current-only,unknown,partial,fundamental-coverage-limited-to-2026-06-and-2026Q1;market-status-current-only;no-dated-corporate-action-observation;official-closing-table-present;security-lifecycle-current-only
TWSE,2025-10-23,official-open,partial,1318,covered,current-only,covered,current-only,unknown,partial,fundamental-coverage-limited-to-2026-06-and-2026Q1;market-status-current-only;no-dated-corporate-action-observation;official-closing-table-present;security-lifecycle-current-only
TPEX,2025-10-23,official-open,partial,972,covered,current-only,covered,current-only,unknown,partial,fundamental-coverage-limited-to-2026-06-and-2026Q1;market-status-current-only;no-dated-corporate-action-observation;official-closing-table-present;security-lifecycle-current-only
TWSE,2025-10-24,official-closed,not-session,0,covered,current-only,official-no-data,current-only,unknown,partial,closure-corroborated-by-both-markets-absence;fundamental-coverage-limited-to-2026-06-and-2026Q1;market-status-current-only;no-dated-corporate-action-observation;security-lifecycle-current-only
TPEX,2025-10-24,official-closed,not-session,0,covered,current-only,official-no-data,current-only,unknown,partial,closure-corroborated-by-both-markets-absence;fundamental-coverage-limited-to-2026-06-and-2026Q1;market-status-current-only;no-dated-corporate-action-observation;security-lifecycle-current-only
TWSE,2025-10-25,official-closed,not-session,0,covered,current-only,official-no-data,current-only,unknown,partial,closure-corroborated-by-both-markets-absence;fundamental-coverage-limited-to-2026-06-and-2026Q1;market-status-current-only;no-dated-corporate-action-observation;security-lifecycle-current-only
TPEX,2025-10-25,official-closed,not-session,0,covered,current-only,official-no-data,current-only,unknown,partial,closure-corroborated-by-both-markets-absence;fundamental-coverage-limited-to-2026-06-and-2026Q1;market-status-current-only;no-dated-corporate-action-observation;security-lifecycle-current-only
TWSE,2025-10-26,official-closed,not-session,0,covered,current-only,official-no-data,current-only,unknown,partial,closure-corroborated-by-both-markets-absence;fundamental-coverage-limited-to-2026-06-and-2026Q1;market-status-current-only;no-dated-corporate-action-observation;security-lifecycle-current-only
TPEX,2025-10-26,official-closed,not-session,0,covered,current-only,official-no-data,current-only,unknown,partial,closure-corroborated-by-both-markets-absence;fundamental-coverage-limited-to-2026-06-and-2026Q1;market-status-current-only;no-dated-corporate-action-observation;security-lifecycle-current-only
TWSE,2025-10-27,official-open,partial,1318,covered,current-only,covered,current-only,unknown,partial,fundamental-coverage-limited-to-2026-06-and-2026Q1;market-status-current-only;no-dated-corporate-action-observation;official-closing-table-present;security-lifecycle-current-only
TPEX,2025-10-27,official-open,partial,972,covered,current-only,covered,current-only,unknown,partial,fundamental-coverage-limited-to-2026-06-and-2026Q1;market-status-current-only;no-dated-corporate-action-observation;official-closing-table-present;security-lifecycle-current-only
TWSE,2025-10-28,official-open,partial,1319,covered,current-only,covered,current-only,unknown,partial,fundamental-coverage-limited-to-2026-06-and-2026Q1;market-status-current-only;no-dated-corporate-action-observation;official-closing-table-present;security-lifecycle-current-only
TPEX,2025-10-28,official-open,partial,974,covered,current-only,covered,current-only,unknown,partial,fundamental-coverage-limited-to-2026-06-and-2026Q1;market-status-current-only;no-dated-corporate-action-observation;official-closing-table-present;security-lifecycle-current-only
TWSE,2025-10-29,official-open,partial,1319,covered,current-only,covered,current-only,unknown,partial,fundamental-coverage-limited-to-2026-06-and-2026Q1;market-status-current-only;no-dated-corporate-action-observation;official-closing-table-present;security-lifecycle-current-only
TPEX,2025-10-29,official-open,partial,974,covered,current-only,covered,current-only,unknown,partial,fundamental-coverage-limited-to-2026-06-and-2026Q1;market-status-current-only;no-dated-corporate-action-observation;official-closing-table-present;security-lifecycle-current-only
TWSE,2025-10-30,official-open,partial,1319,covered,current-only,covered,current-only,unknown,partial,fundamental-coverage-limited-to-2026-06-and-2026Q1;market-status-current-only;no-dated-corporate-action-observation;official-closing-table-present;security-lifecycle-current-only
TPEX,2025-10-30,official-open,partial,974,covered,current-only,covered,current-only,unknown,partial,fundamental-coverage-limited-to-2026-06-and-2026Q1;market-status-current-only;no-dated-corporate-action-observation;official-closing-table-present;security-lifecycle-current-only
TWSE,2025-10-31,official-open,partial,1319,covered,current-only,covered,current-only,unknown,partial,fundamental-coverage-limited-to-2026-06-and-2026Q1;market-status-current-only;no-dated-corporate-action-observation;official-closing-table-present;security-lifecycle-current-only
TPEX,2025-10-31,official-open,partial,974,covered,current-only,covered,current-only,unknown,partial,fundamental-coverage-limited-to-2026-06-and-2026Q1;market-status-current-only;no-dated-corporate-action-observation;official-closing-table-present;security-lifecycle-current-only
TWSE,2025-11-01,official-closed,not-session,0,covered,current-only,official-no-data,current-only,unknown,partial,closure-corroborated-by-both-markets-absence;fundamental-coverage-limited-to-2026-06-and-2026Q1;market-status-current-only;no-dated-corporate-action-observation;security-lifecycle-current-only
TPEX,2025-11-01,official-closed,not-session,0,covered,current-only,official-no-data,current-only,unknown,partial,closure-corroborated-by-both-markets-absence;fundamental-coverage-limited-to-2026-06-and-2026Q1;market-status-current-only;no-dated-corporate-action-observation;security-lifecycle-current-only
TWSE,2025-11-02,official-closed,not-session,0,covered,current-only,official-no-data,current-only,unknown,partial,closure-corroborated-by-both-markets-absence;fundamental-coverage-limited-to-2026-06-and-2026Q1;market-status-current-only;no-dated-corporate-action-observation;security-lifecycle-current-only
TPEX,2025-11-02,official-closed,not-session,0,covered,current-only,official-no-data,current-only,unknown,partial,closure-corroborated-by-both-markets-absence;fundamental-coverage-limited-to-2026-06-and-2026Q1;market-status-current-only;no-dated-corporate-action-observation;security-lifecycle-current-only
TWSE,2025-11-03,official-open,partial,1320,covered,current-only,covered,current-only,unknown,partial,fundamental-coverage-limited-to-2026-06-and-2026Q1;market-status-current-only;no-dated-corporate-action-observation;official-closing-table-present;security-lifecycle-current-only
TPEX,2025-11-03,official-open,partial,974,covered,current-only,covered,current-only,unknown,partial,fundamental-coverage-limited-to-2026-06-and-2026Q1;market-status-current-only;no-dated-corporate-action-observation;official-closing-table-present;security-lifecycle-current-only
TWSE,2025-11-04,official-open,partial,1321,covered,current-only,covered,current-only,unknown,partial,fundamental-coverage-limited-to-2026-06-and-2026Q1;market-status-current-only;no-dated-corporate-action-observation;official-closing-table-present;security-lifecycle-current-only
TPEX,2025-11-04,official-open,partial,973,covered,current-only,covered,current-only,unknown,partial,fundamental-coverage-limited-to-2026-06-and-2026Q1;market-status-current-only;no-dated-corporate-action-observation;official-closing-table-present;security-lifecycle-current-only
TWSE,2025-11-05,official-open,partial,1322,covered,current-only,covered,current-only,unknown,partial,fundamental-coverage-limited-to-2026-06-and-2026Q1;market-status-current-only;no-dated-corporate-action-observation;official-closing-table-present;security-lifecycle-current-only
TPEX,2025-11-05,official-open,partial,972,covered,current-only,covered,current-only,unknown,partial,fundamental-coverage-limited-to-2026-06-and-2026Q1;market-status-current-only;no-dated-corporate-action-observation;official-closing-table-present;security-lifecycle-current-only
TWSE,2025-11-06,official-open,partial,1321,covered,current-only,covered,current-only,unknown,partial,fundamental-coverage-limited-to-2026-06-and-2026Q1;market-status-current-only;no-dated-corporate-action-observation;official-closing-table-present;security-lifecycle-current-only
TPEX,2025-11-06,official-open,partial,972,covered,current-only,covered,current-only,unknown,partial,fundamental-coverage-limited-to-2026-06-and-2026Q1;market-status-current-only;no-dated-corporate-action-observation;official-closing-table-present;security-lifecycle-current-only
TWSE,2025-11-07,official-open,partial,1321,covered,current-only,covered,current-only,unknown,partial,fundamental-coverage-limited-to-2026-06-and-2026Q1;market-status-current-only;no-dated-corporate-action-observation;official-closing-table-present;security-lifecycle-current-only
TPEX,2025-11-07,official-open,partial,972,covered,current-only,covered,current-only,unknown,partial,fundamental-coverage-limited-to-2026-06-and-2026Q1;market-status-current-only;no-dated-corporate-action-observation;official-closing-table-present;security-lifecycle-current-only
TWSE,2025-11-08,official-closed,not-session,0,covered,current-only,official-no-data,current-only,unknown,partial,closure-corroborated-by-both-markets-absence;fundamental-coverage-limited-to-2026-06-and-2026Q1;market-status-current-only;no-dated-corporate-action-observation;security-lifecycle-current-only
TPEX,2025-11-08,official-closed,not-session,0,covered,current-only,official-no-data,current-only,unknown,partial,closure-corroborated-by-both-markets-absence;fundamental-coverage-limited-to-2026-06-and-2026Q1;market-status-current-only;no-dated-corporate-action-observation;security-lifecycle-current-only
TWSE,2025-11-09,official-closed,not-session,0,covered,current-only,official-no-data,current-only,unknown,partial,closure-corroborated-by-both-markets-absence;fundamental-coverage-limited-to-2026-06-and-2026Q1;market-status-current-only;no-dated-corporate-action-observation;security-lifecycle-current-only
TPEX,2025-11-09,official-closed,not-session,0,covered,current-only,official-no-data,current-only,unknown,partial,closure-corroborated-by-both-markets-absence;fundamental-coverage-limited-to-2026-06-and-2026Q1;market-status-current-only;no-dated-corporate-action-observation;security-lifecycle-current-only
TWSE,2025-11-10,official-open,partial,1321,covered,current-only,covered,current-only,unknown,partial,fundamental-coverage-limited-to-2026-06-and-2026Q1;market-status-current-only;no-dated-corporate-action-observation;official-closing-table-present;security-lifecycle-current-only
TPEX,2025-11-10,official-open,partial,972,covered,current-only,covered,current-only,unknown,partial,fundamental-coverage-limited-to-2026-06-and-2026Q1;market-status-current-only;no-dated-corporate-action-observation;official-closing-table-present;security-lifecycle-current-only
TWSE,2025-11-11,official-open,partial,1321,covered,current-only,covered,current-only,unknown,partial,fundamental-coverage-limited-to-2026-06-and-2026Q1;market-status-current-only;no-dated-corporate-action-observation;official-closing-table-present;security-lifecycle-current-only
TPEX,2025-11-11,official-open,partial,973,covered,current-only,covered,current-only,unknown,partial,fundamental-coverage-limited-to-2026-06-and-2026Q1;market-status-current-only;no-dated-corporate-action-observation;official-closing-table-present;security-lifecycle-current-only
TWSE,2025-11-12,official-open,partial,1321,covered,current-only,covered,current-only,unknown,partial,fundamental-coverage-limited-to-2026-06-and-2026Q1;market-status-current-only;no-dated-corporate-action-observation;official-closing-table-present;security-lifecycle-current-only
TPEX,2025-11-12,official-open,partial,975,covered,current-only,covered,current-only,unknown,partial,fundamental-coverage-limited-to-2026-06-and-2026Q1;market-status-current-only;no-dated-corporate-action-observation;official-closing-table-present;security-lifecycle-current-only
TWSE,2025-11-13,official-open,partial,1319,covered,current-only,covered,current-only,unknown,partial,fundamental-coverage-limited-to-2026-06-and-2026Q1;market-status-current-only;no-dated-corporate-action-observation;official-closing-table-present;security-lifecycle-current-only
TPEX,2025-11-13,official-open,partial,974,covered,current-only,covered,current-only,unknown,partial,fundamental-coverage-limited-to-2026-06-and-2026Q1;market-status-current-only;no-dated-corporate-action-observation;official-closing-table-present;security-lifecycle-current-only
TWSE,2025-11-14,official-open,partial,1319,covered,current-only,covered,current-only,unknown,partial,fundamental-coverage-limited-to-2026-06-and-2026Q1;market-status-current-only;no-dated-corporate-action-observation;official-closing-table-present;security-lifecycle-current-only
TPEX,2025-11-14,official-open,partial,974,covered,current-only,covered,current-only,unknown,partial,fundamental-coverage-limited-to-2026-06-and-2026Q1;market-status-current-only;no-dated-corporate-action-observation;official-closing-table-present;security-lifecycle-current-only
TWSE,2025-11-15,official-closed,not-session,0,covered,current-only,official-no-data,current-only,unknown,partial,closure-corroborated-by-both-markets-absence;fundamental-coverage-limited-to-2026-06-and-2026Q1;market-status-current-only;no-dated-corporate-action-observation;security-lifecycle-current-only
TPEX,2025-11-15,official-closed,not-session,0,covered,current-only,official-no-data,current-only,unknown,partial,closure-corroborated-by-both-markets-absence;fundamental-coverage-limited-to-2026-06-and-2026Q1;market-status-current-only;no-dated-corporate-action-observation;security-lifecycle-current-only
TWSE,2025-11-16,official-closed,not-session,0,covered,current-only,official-no-data,current-only,unknown,partial,closure-corroborated-by-both-markets-absence;fundamental-coverage-limited-to-2026-06-and-2026Q1;market-status-current-only;no-dated-corporate-action-observation;security-lifecycle-current-only
TPEX,2025-11-16,official-closed,not-session,0,covered,current-only,official-no-data,current-only,unknown,partial,closure-corroborated-by-both-markets-absence;fundamental-coverage-limited-to-2026-06-and-2026Q1;market-status-current-only;no-dated-corporate-action-observation;security-lifecycle-current-only
TWSE,2025-11-17,official-open,partial,1320,covered,current-only,covered,current-only,unknown,partial,fundamental-coverage-limited-to-2026-06-and-2026Q1;market-status-current-only;no-dated-corporate-action-observation;official-closing-table-present;security-lifecycle-current-only
TPEX,2025-11-17,official-open,partial,976,covered,current-only,covered,current-only,unknown,partial,fundamental-coverage-limited-to-2026-06-and-2026Q1;market-status-current-only;no-dated-corporate-action-observation;official-closing-table-present;security-lifecycle-current-only
TWSE,2025-11-18,official-open,partial,1321,covered,current-only,covered,current-only,unknown,partial,fundamental-coverage-limited-to-2026-06-and-2026Q1;market-status-current-only;no-dated-corporate-action-observation;official-closing-table-present;security-lifecycle-current-only
TPEX,2025-11-18,official-open,partial,976,covered,current-only,covered,current-only,unknown,partial,fundamental-coverage-limited-to-2026-06-and-2026Q1;market-status-current-only;no-dated-corporate-action-observation;official-closing-table-present;security-lifecycle-current-only
TWSE,2025-11-19,official-open,partial,1321,covered,current-only,covered,current-only,unknown,partial,fundamental-coverage-limited-to-2026-06-and-2026Q1;market-status-current-only;no-dated-corporate-action-observation;official-closing-table-present;security-lifecycle-current-only
TPEX,2025-11-19,official-open,partial,976,covered,current-only,covered,current-only,unknown,partial,fundamental-coverage-limited-to-2026-06-and-2026Q1;market-status-current-only;no-dated-corporate-action-observation;official-closing-table-present;security-lifecycle-current-only
TWSE,2025-11-20,official-open,partial,1321,covered,current-only,covered,current-only,unknown,partial,fundamental-coverage-limited-to-2026-06-and-2026Q1;market-status-current-only;no-dated-corporate-action-observation;official-closing-table-present;security-lifecycle-current-only
TPEX,2025-11-20,official-open,partial,976,covered,current-only,covered,current-only,unknown,partial,fundamental-coverage-limited-to-2026-06-and-2026Q1;market-status-current-only;no-dated-corporate-action-observation;official-closing-table-present;security-lifecycle-current-only
TWSE,2025-11-21,official-open,partial,1321,covered,current-only,covered,current-only,unknown,partial,fundamental-coverage-limited-to-2026-06-and-2026Q1;market-status-current-only;no-dated-corporate-action-observation;official-closing-table-present;security-lifecycle-current-only
TPEX,2025-11-21,official-open,partial,976,covered,current-only,covered,current-only,unknown,partial,fundamental-coverage-limited-to-2026-06-and-2026Q1;market-status-current-only;no-dated-corporate-action-observation;official-closing-table-present;security-lifecycle-current-only
TWSE,2025-11-22,official-closed,not-session,0,covered,current-only,official-no-data,current-only,unknown,partial,closure-corroborated-by-both-markets-absence;fundamental-coverage-limited-to-2026-06-and-2026Q1;market-status-current-only;no-dated-corporate-action-observation;security-lifecycle-current-only
TPEX,2025-11-22,official-closed,not-session,0,covered,current-only,official-no-data,current-only,unknown,partial,closure-corroborated-by-both-markets-absence;fundamental-coverage-limited-to-2026-06-and-2026Q1;market-status-current-only;no-dated-corporate-action-observation;security-lifecycle-current-only
TWSE,2025-11-23,official-closed,not-session,0,covered,current-only,official-no-data,current-only,unknown,partial,closure-corroborated-by-both-markets-absence;fundamental-coverage-limited-to-2026-06-and-2026Q1;market-status-current-only;no-dated-corporate-action-observation;security-lifecycle-current-only
TPEX,2025-11-23,official-closed,not-session,0,covered,current-only,official-no-data,current-only,unknown,partial,closure-corroborated-by-both-markets-absence;fundamental-coverage-limited-to-2026-06-and-2026Q1;market-status-current-only;no-dated-corporate-action-observation;security-lifecycle-current-only
TWSE,2025-11-24,official-open,partial,1323,covered,current-only,covered,current-only,unknown,partial,fundamental-coverage-limited-to-2026-06-and-2026Q1;market-status-current-only;no-dated-corporate-action-observation;official-closing-table-present;security-lifecycle-current-only
TPEX,2025-11-24,official-open,partial,977,covered,current-only,covered,current-only,unknown,partial,fundamental-coverage-limited-to-2026-06-and-2026Q1;market-status-current-only;no-dated-corporate-action-observation;official-closing-table-present;security-lifecycle-current-only
TWSE,2025-11-25,official-open,partial,1325,covered,current-only,covered,current-only,unknown,partial,fundamental-coverage-limited-to-2026-06-and-2026Q1;market-status-current-only;no-dated-corporate-action-observation;official-closing-table-present;security-lifecycle-current-only
TPEX,2025-11-25,official-open,partial,978,covered,current-only,covered,current-only,unknown,partial,fundamental-coverage-limited-to-2026-06-and-2026Q1;market-status-current-only;no-dated-corporate-action-observation;official-closing-table-present;security-lifecycle-current-only
TWSE,2025-11-26,official-open,partial,1326,covered,current-only,covered,current-only,unknown,partial,fundamental-coverage-limited-to-2026-06-and-2026Q1;market-status-current-only;no-dated-corporate-action-observation;official-closing-table-present;security-lifecycle-current-only
TPEX,2025-11-26,official-open,partial,978,covered,current-only,covered,current-only,unknown,partial,fundamental-coverage-limited-to-2026-06-and-2026Q1;market-status-current-only;no-dated-corporate-action-observation;official-closing-table-present;security-lifecycle-current-only
TWSE,2025-11-27,official-open,partial,1326,covered,current-only,covered,current-only,unknown,partial,fundamental-coverage-limited-to-2026-06-and-2026Q1;market-status-current-only;no-dated-corporate-action-observation;official-closing-table-present;security-lifecycle-current-only
TPEX,2025-11-27,official-open,partial,978,covered,current-only,covered,current-only,unknown,partial,fundamental-coverage-limited-to-2026-06-and-2026Q1;market-status-current-only;no-dated-corporate-action-observation;official-closing-table-present;security-lifecycle-current-only
TWSE,2025-11-28,official-open,partial,1326,covered,current-only,covered,current-only,unknown,partial,fundamental-coverage-limited-to-2026-06-and-2026Q1;market-status-current-only;no-dated-corporate-action-observation;official-closing-table-present;security-lifecycle-current-only
TPEX,2025-11-28,official-open,partial,978,covered,current-only,covered,current-only,unknown,partial,fundamental-coverage-limited-to-2026-06-and-2026Q1;market-status-current-only;no-dated-corporate-action-observation;official-closing-table-present;security-lifecycle-current-only
TWSE,2025-11-29,official-closed,not-session,0,covered,current-only,official-no-data,current-only,unknown,partial,closure-corroborated-by-both-markets-absence;fundamental-coverage-limited-to-2026-06-and-2026Q1;market-status-current-only;no-dated-corporate-action-observation;security-lifecycle-current-only
TPEX,2025-11-29,official-closed,not-session,0,covered,current-only,official-no-data,current-only,unknown,partial,closure-corroborated-by-both-markets-absence;fundamental-coverage-limited-to-2026-06-and-2026Q1;market-status-current-only;no-dated-corporate-action-observation;security-lifecycle-current-only
TWSE,2025-11-30,official-closed,not-session,0,covered,current-only,official-no-data,current-only,unknown,partial,closure-corroborated-by-both-markets-absence;fundamental-coverage-limited-to-2026-06-and-2026Q1;market-status-current-only;no-dated-corporate-action-observation;security-lifecycle-current-only
TPEX,2025-11-30,official-closed,not-session,0,covered,current-only,official-no-data,current-only,unknown,partial,closure-corroborated-by-both-markets-absence;fundamental-coverage-limited-to-2026-06-and-2026Q1;market-status-current-only;no-dated-corporate-action-observation;security-lifecycle-current-only
TWSE,2025-12-01,official-open,partial,1326,covered,current-only,covered,current-only,unknown,partial,fundamental-coverage-limited-to-2026-06-and-2026Q1;market-status-current-only;no-dated-corporate-action-observation;official-closing-table-present;security-lifecycle-current-only
TPEX,2025-12-01,official-open,partial,978,covered,current-only,covered,current-only,unknown,partial,fundamental-coverage-limited-to-2026-06-and-2026Q1;market-status-current-only;no-dated-corporate-action-observation;official-closing-table-present;security-lifecycle-current-only
TWSE,2025-12-02,official-open,partial,1326,covered,current-only,covered,current-only,unknown,partial,fundamental-coverage-limited-to-2026-06-and-2026Q1;market-status-current-only;no-dated-corporate-action-observation;official-closing-table-present;security-lifecycle-current-only
TPEX,2025-12-02,official-open,partial,978,covered,current-only,covered,current-only,unknown,partial,fundamental-coverage-limited-to-2026-06-and-2026Q1;market-status-current-only;no-dated-corporate-action-observation;official-closing-table-present;security-lifecycle-current-only
TWSE,2025-12-03,official-open,partial,1324,covered,current-only,covered,current-only,unknown,partial,fundamental-coverage-limited-to-2026-06-and-2026Q1;market-status-current-only;no-dated-corporate-action-observation;official-closing-table-present;security-lifecycle-current-only
TPEX,2025-12-03,official-open,partial,978,covered,current-only,covered,current-only,unknown,partial,fundamental-coverage-limited-to-2026-06-and-2026Q1;market-status-current-only;no-dated-corporate-action-observation;official-closing-table-present;security-lifecycle-current-only
TWSE,2025-12-04,official-open,partial,1324,covered,current-only,covered,current-only,unknown,partial,fundamental-coverage-limited-to-2026-06-and-2026Q1;market-status-current-only;no-dated-corporate-action-observation;official-closing-table-present;security-lifecycle-current-only
TPEX,2025-12-04,official-open,partial,978,covered,current-only,covered,current-only,unknown,partial,fundamental-coverage-limited-to-2026-06-and-2026Q1;market-status-current-only;no-dated-corporate-action-observation;official-closing-table-present;security-lifecycle-current-only
TWSE,2025-12-05,official-open,partial,1324,covered,current-only,covered,current-only,unknown,partial,fundamental-coverage-limited-to-2026-06-and-2026Q1;market-status-current-only;no-dated-corporate-action-observation;official-closing-table-present;security-lifecycle-current-only
TPEX,2025-12-05,official-open,partial,977,covered,current-only,covered,current-only,unknown,partial,fundamental-coverage-limited-to-2026-06-and-2026Q1;market-status-current-only;no-dated-corporate-action-observation;official-closing-table-present;security-lifecycle-current-only
TWSE,2025-12-06,official-closed,not-session,0,covered,current-only,official-no-data,current-only,unknown,partial,closure-corroborated-by-both-markets-absence;fundamental-coverage-limited-to-2026-06-and-2026Q1;market-status-current-only;no-dated-corporate-action-observation;security-lifecycle-current-only
TPEX,2025-12-06,official-closed,not-session,0,covered,current-only,official-no-data,current-only,unknown,partial,closure-corroborated-by-both-markets-absence;fundamental-coverage-limited-to-2026-06-and-2026Q1;market-status-current-only;no-dated-corporate-action-observation;security-lifecycle-current-only
TWSE,2025-12-07,official-closed,not-session,0,covered,current-only,official-no-data,current-only,unknown,partial,closure-corroborated-by-both-markets-absence;fundamental-coverage-limited-to-2026-06-and-2026Q1;market-status-current-only;no-dated-corporate-action-observation;security-lifecycle-current-only
TPEX,2025-12-07,official-closed,not-session,0,covered,current-only,official-no-data,current-only,unknown,partial,closure-corroborated-by-both-markets-absence;fundamental-coverage-limited-to-2026-06-and-2026Q1;market-status-current-only;no-dated-corporate-action-observation;security-lifecycle-current-only
TWSE,2025-12-08,official-open,partial,1325,covered,current-only,covered,current-only,unknown,partial,fundamental-coverage-limited-to-2026-06-and-2026Q1;market-status-current-only;no-dated-corporate-action-observation;official-closing-table-present;security-lifecycle-current-only
TPEX,2025-12-08,official-open,partial,977,covered,current-only,covered,current-only,unknown,partial,fundamental-coverage-limited-to-2026-06-and-2026Q1;market-status-current-only;no-dated-corporate-action-observation;official-closing-table-present;security-lifecycle-current-only
TWSE,2025-12-09,official-open,partial,1325,covered,current-only,covered,current-only,unknown,partial,fundamental-coverage-limited-to-2026-06-and-2026Q1;market-status-current-only;no-dated-corporate-action-observation;official-closing-table-present;security-lifecycle-current-only
TPEX,2025-12-09,official-open,partial,977,covered,current-only,covered,current-only,unknown,partial,fundamental-coverage-limited-to-2026-06-and-2026Q1;market-status-current-only;no-dated-corporate-action-observation;official-closing-table-present;security-lifecycle-current-only
TWSE,2025-12-10,official-open,partial,1326,covered,current-only,covered,current-only,unknown,partial,fundamental-coverage-limited-to-2026-06-and-2026Q1;market-status-current-only;no-dated-corporate-action-observation;official-closing-table-present;security-lifecycle-current-only
TPEX,2025-12-10,official-open,partial,980,covered,current-only,covered,current-only,unknown,partial,fundamental-coverage-limited-to-2026-06-and-2026Q1;market-status-current-only;no-dated-corporate-action-observation;official-closing-table-present;security-lifecycle-current-only
TWSE,2025-12-11,official-open,partial,1325,covered,current-only,covered,current-only,unknown,partial,fundamental-coverage-limited-to-2026-06-and-2026Q1;market-status-current-only;no-dated-corporate-action-observation;official-closing-table-present;security-lifecycle-current-only
TPEX,2025-12-11,official-open,partial,981,covered,current-only,covered,current-only,unknown,partial,fundamental-coverage-limited-to-2026-06-and-2026Q1;market-status-current-only;no-dated-corporate-action-observation;official-closing-table-present;security-lifecycle-current-only
TWSE,2025-12-12,official-open,partial,1325,covered,current-only,covered,current-only,unknown,partial,fundamental-coverage-limited-to-2026-06-and-2026Q1;market-status-current-only;no-dated-corporate-action-observation;official-closing-table-present;security-lifecycle-current-only
TPEX,2025-12-12,official-open,partial,981,covered,current-only,covered,current-only,unknown,partial,fundamental-coverage-limited-to-2026-06-and-2026Q1;market-status-current-only;no-dated-corporate-action-observation;official-closing-table-present;security-lifecycle-current-only
TWSE,2025-12-13,official-closed,not-session,0,covered,current-only,official-no-data,current-only,unknown,partial,closure-corroborated-by-both-markets-absence;fundamental-coverage-limited-to-2026-06-and-2026Q1;market-status-current-only;no-dated-corporate-action-observation;security-lifecycle-current-only
TPEX,2025-12-13,official-closed,not-session,0,covered,current-only,official-no-data,current-only,unknown,partial,closure-corroborated-by-both-markets-absence;fundamental-coverage-limited-to-2026-06-and-2026Q1;market-status-current-only;no-dated-corporate-action-observation;security-lifecycle-current-only
TWSE,2025-12-14,official-closed,not-session,0,covered,current-only,official-no-data,current-only,unknown,partial,closure-corroborated-by-both-markets-absence;fundamental-coverage-limited-to-2026-06-and-2026Q1;market-status-current-only;no-dated-corporate-action-observation;security-lifecycle-current-only
TPEX,2025-12-14,official-closed,not-session,0,covered,current-only,official-no-data,current-only,unknown,partial,closure-corroborated-by-both-markets-absence;fundamental-coverage-limited-to-2026-06-and-2026Q1;market-status-current-only;no-dated-corporate-action-observation;security-lifecycle-current-only
TWSE,2025-12-15,official-open,partial,1325,covered,current-only,covered,current-only,unknown,partial,fundamental-coverage-limited-to-2026-06-and-2026Q1;market-status-current-only;no-dated-corporate-action-observation;official-closing-table-present;security-lifecycle-current-only
TPEX,2025-12-15,official-open,partial,981,covered,current-only,covered,current-only,unknown,partial,fundamental-coverage-limited-to-2026-06-and-2026Q1;market-status-current-only;no-dated-corporate-action-observation;official-closing-table-present;security-lifecycle-current-only
TWSE,2025-12-16,official-open,partial,1325,covered,current-only,covered,current-only,unknown,partial,fundamental-coverage-limited-to-2026-06-and-2026Q1;market-status-current-only;no-dated-corporate-action-observation;official-closing-table-present;security-lifecycle-current-only
TPEX,2025-12-16,official-open,partial,981,covered,current-only,covered,current-only,unknown,partial,fundamental-coverage-limited-to-2026-06-and-2026Q1;market-status-current-only;no-dated-corporate-action-observation;official-closing-table-present;security-lifecycle-current-only
TWSE,2025-12-17,official-open,partial,1325,covered,current-only,covered,current-only,unknown,partial,fundamental-coverage-limited-to-2026-06-and-2026Q1;market-status-current-only;no-dated-corporate-action-observation;official-closing-table-present;security-lifecycle-current-only
TPEX,2025-12-17,official-open,partial,982,covered,current-only,covered,current-only,unknown,partial,fundamental-coverage-limited-to-2026-06-and-2026Q1;market-status-current-only;no-dated-corporate-action-observation;official-closing-table-present;security-lifecycle-current-only
TWSE,2025-12-18,official-open,partial,1326,covered,current-only,covered,current-only,unknown,partial,fundamental-coverage-limited-to-2026-06-and-2026Q1;market-status-current-only;no-dated-corporate-action-observation;official-closing-table-present;security-lifecycle-current-only
TPEX,2025-12-18,official-open,partial,981,covered,current-only,covered,current-only,unknown,partial,fundamental-coverage-limited-to-2026-06-and-2026Q1;market-status-current-only;no-dated-corporate-action-observation;official-closing-table-present;security-lifecycle-current-only
TWSE,2025-12-19,official-open,partial,1326,covered,current-only,covered,current-only,unknown,partial,fundamental-coverage-limited-to-2026-06-and-2026Q1;market-status-current-only;no-dated-corporate-action-observation;official-closing-table-present;security-lifecycle-current-only
TPEX,2025-12-19,official-open,partial,982,covered,current-only,covered,current-only,unknown,partial,fundamental-coverage-limited-to-2026-06-and-2026Q1;market-status-current-only;no-dated-corporate-action-observation;official-closing-table-present;security-lifecycle-current-only
TWSE,2025-12-20,official-closed,not-session,0,covered,current-only,official-no-data,current-only,unknown,partial,closure-corroborated-by-both-markets-absence;fundamental-coverage-limited-to-2026-06-and-2026Q1;market-status-current-only;no-dated-corporate-action-observation;security-lifecycle-current-only
TPEX,2025-12-20,official-closed,not-session,0,covered,current-only,official-no-data,current-only,unknown,partial,closure-corroborated-by-both-markets-absence;fundamental-coverage-limited-to-2026-06-and-2026Q1;market-status-current-only;no-dated-corporate-action-observation;security-lifecycle-current-only
TWSE,2025-12-21,official-closed,not-session,0,covered,current-only,official-no-data,current-only,unknown,partial,closure-corroborated-by-both-markets-absence;fundamental-coverage-limited-to-2026-06-and-2026Q1;market-status-current-only;no-dated-corporate-action-observation;security-lifecycle-current-only
TPEX,2025-12-21,official-closed,not-session,0,covered,current-only,official-no-data,current-only,unknown,partial,closure-corroborated-by-both-markets-absence;fundamental-coverage-limited-to-2026-06-and-2026Q1;market-status-current-only;no-dated-corporate-action-observation;security-lifecycle-current-only
TWSE,2025-12-22,official-open,partial,1329,covered,current-only,covered,current-only,unknown,partial,fundamental-coverage-limited-to-2026-06-and-2026Q1;market-status-current-only;no-dated-corporate-action-observation;official-closing-table-present;security-lifecycle-current-only
TPEX,2025-12-22,official-open,partial,985,covered,current-only,covered,current-only,unknown,partial,fundamental-coverage-limited-to-2026-06-and-2026Q1;market-status-current-only;no-dated-corporate-action-observation;official-closing-table-present;security-lifecycle-current-only
TWSE,2025-12-23,official-open,partial,1330,covered,current-only,covered,current-only,unknown,partial,fundamental-coverage-limited-to-2026-06-and-2026Q1;market-status-current-only;no-dated-corporate-action-observation;official-closing-table-present;security-lifecycle-current-only
TPEX,2025-12-23,official-open,partial,987,covered,current-only,covered,current-only,unknown,partial,fundamental-coverage-limited-to-2026-06-and-2026Q1;market-status-current-only;no-dated-corporate-action-observation;official-closing-table-present;security-lifecycle-current-only
TWSE,2025-12-24,official-open,partial,1330,covered,current-only,covered,current-only,unknown,partial,fundamental-coverage-limited-to-2026-06-and-2026Q1;market-status-current-only;no-dated-corporate-action-observation;official-closing-table-present;security-lifecycle-current-only
TPEX,2025-12-24,official-open,partial,987,covered,current-only,covered,current-only,unknown,partial,fundamental-coverage-limited-to-2026-06-and-2026Q1;market-status-current-only;no-dated-corporate-action-observation;official-closing-table-present;security-lifecycle-current-only
TWSE,2025-12-25,official-closed,not-session,0,covered,current-only,official-no-data,current-only,unknown,partial,closure-corroborated-by-both-markets-absence;fundamental-coverage-limited-to-2026-06-and-2026Q1;market-status-current-only;no-dated-corporate-action-observation;security-lifecycle-current-only
TPEX,2025-12-25,official-closed,not-session,0,covered,current-only,official-no-data,current-only,unknown,partial,closure-corroborated-by-both-markets-absence;fundamental-coverage-limited-to-2026-06-and-2026Q1;market-status-current-only;no-dated-corporate-action-observation;security-lifecycle-current-only
TWSE,2025-12-26,official-open,partial,1331,covered,current-only,covered,current-only,unknown,partial,fundamental-coverage-limited-to-2026-06-and-2026Q1;market-status-current-only;no-dated-corporate-action-observation;official-closing-table-present;security-lifecycle-current-only
TPEX,2025-12-26,official-open,partial,986,covered,current-only,covered,current-only,unknown,partial,fundamental-coverage-limited-to-2026-06-and-2026Q1;market-status-current-only;no-dated-corporate-action-observation;official-closing-table-present;security-lifecycle-current-only
TWSE,2025-12-27,official-closed,not-session,0,covered,current-only,official-no-data,current-only,unknown,partial,closure-corroborated-by-both-markets-absence;fundamental-coverage-limited-to-2026-06-and-2026Q1;market-status-current-only;no-dated-corporate-action-observation;security-lifecycle-current-only
TPEX,2025-12-27,official-closed,not-session,0,covered,current-only,official-no-data,current-only,unknown,partial,closure-corroborated-by-both-markets-absence;fundamental-coverage-limited-to-2026-06-and-2026Q1;market-status-current-only;no-dated-corporate-action-observation;security-lifecycle-current-only
TWSE,2025-12-28,official-closed,not-session,0,covered,current-only,official-no-data,current-only,unknown,partial,closure-corroborated-by-both-markets-absence;fundamental-coverage-limited-to-2026-06-and-2026Q1;market-status-current-only;no-dated-corporate-action-observation;security-lifecycle-current-only
TPEX,2025-12-28,official-closed,not-session,0,covered,current-only,official-no-data,current-only,unknown,partial,closure-corroborated-by-both-markets-absence;fundamental-coverage-limited-to-2026-06-and-2026Q1;market-status-current-only;no-dated-corporate-action-observation;security-lifecycle-current-only
TWSE,2025-12-29,official-open,partial,1331,covered,current-only,covered,current-only,unknown,partial,fundamental-coverage-limited-to-2026-06-and-2026Q1;market-status-current-only;no-dated-corporate-action-observation;official-closing-table-present;security-lifecycle-current-only
TPEX,2025-12-29,official-open,partial,987,covered,current-only,covered,current-only,unknown,partial,fundamental-coverage-limited-to-2026-06-and-2026Q1;market-status-current-only;no-dated-corporate-action-observation;official-closing-table-present;security-lifecycle-current-only
TWSE,2025-12-30,official-open,partial,1333,covered,current-only,covered,current-only,unknown,partial,fundamental-coverage-limited-to-2026-06-and-2026Q1;market-status-current-only;no-dated-corporate-action-observation;official-closing-table-present;security-lifecycle-current-only
TPEX,2025-12-30,official-open,partial,988,covered,current-only,covered,current-only,unknown,partial,fundamental-coverage-limited-to-2026-06-and-2026Q1;market-status-current-only;no-dated-corporate-action-observation;official-closing-table-present;security-lifecycle-current-only
TWSE,2025-12-31,official-open,partial,1332,covered,current-only,covered,current-only,unknown,partial,fundamental-coverage-limited-to-2026-06-and-2026Q1;market-status-current-only;no-dated-corporate-action-observation;official-closing-table-present;security-lifecycle-current-only
TPEX,2025-12-31,official-open,partial,987,covered,current-only,covered,current-only,unknown,partial,fundamental-coverage-limited-to-2026-06-and-2026Q1;market-status-current-only;no-dated-corporate-action-observation;official-closing-table-present;security-lifecycle-current-only
TWSE,2026-01-01,official-closed,not-session,0,covered,current-only,official-no-data,current-only,unknown,partial,fundamental-coverage-limited-to-2026-06-and-2026Q1;market-status-current-only;no-dated-corporate-action-observation;official-holiday-schedule-listed;security-lifecycle-current-only
TPEX,2026-01-01,official-closed,not-session,0,covered,current-only,official-no-data,current-only,unknown,partial,fundamental-coverage-limited-to-2026-06-and-2026Q1;market-status-current-only;no-dated-corporate-action-observation;official-holiday-schedule-listed;security-lifecycle-current-only
TWSE,2026-01-02,official-open,partial,1332,covered,current-only,covered,current-only,unknown,partial,fundamental-coverage-limited-to-2026-06-and-2026Q1;market-status-current-only;no-dated-corporate-action-observation;official-closing-table-present;security-lifecycle-current-only
TPEX,2026-01-02,official-open,partial,987,covered,current-only,covered,current-only,unknown,partial,fundamental-coverage-limited-to-2026-06-and-2026Q1;market-status-current-only;no-dated-corporate-action-observation;official-closing-table-present;security-lifecycle-current-only
TWSE,2026-01-03,official-closed,not-session,0,covered,current-only,official-no-data,current-only,unknown,partial,closure-corroborated-by-both-markets-absence;fundamental-coverage-limited-to-2026-06-and-2026Q1;market-status-current-only;no-dated-corporate-action-observation;security-lifecycle-current-only
TPEX,2026-01-03,official-closed,not-session,0,covered,current-only,official-no-data,current-only,unknown,partial,closure-corroborated-by-both-markets-absence;fundamental-coverage-limited-to-2026-06-and-2026Q1;market-status-current-only;no-dated-corporate-action-observation;security-lifecycle-current-only
TWSE,2026-01-04,official-closed,not-session,0,covered,current-only,official-no-data,current-only,unknown,partial,closure-corroborated-by-both-markets-absence;fundamental-coverage-limited-to-2026-06-and-2026Q1;market-status-current-only;no-dated-corporate-action-observation;security-lifecycle-current-only
TPEX,2026-01-04,official-closed,not-session,0,covered,current-only,official-no-data,current-only,unknown,partial,closure-corroborated-by-both-markets-absence;fundamental-coverage-limited-to-2026-06-and-2026Q1;market-status-current-only;no-dated-corporate-action-observation;security-lifecycle-current-only
TWSE,2026-01-05,official-open,partial,1332,covered,current-only,covered,current-only,unknown,partial,fundamental-coverage-limited-to-2026-06-and-2026Q1;market-status-current-only;no-dated-corporate-action-observation;official-closing-table-present;security-lifecycle-current-only
TPEX,2026-01-05,official-open,partial,987,covered,current-only,covered,current-only,unknown,partial,fundamental-coverage-limited-to-2026-06-and-2026Q1;market-status-current-only;no-dated-corporate-action-observation;official-closing-table-present;security-lifecycle-current-only
TWSE,2026-01-06,official-open,partial,1332,covered,current-only,covered,current-only,unknown,partial,fundamental-coverage-limited-to-2026-06-and-2026Q1;market-status-current-only;no-dated-corporate-action-observation;official-closing-table-present;security-lifecycle-current-only
TPEX,2026-01-06,official-open,partial,987,covered,current-only,covered,current-only,unknown,partial,fundamental-coverage-limited-to-2026-06-and-2026Q1;market-status-current-only;no-dated-corporate-action-observation;official-closing-table-present;security-lifecycle-current-only
TWSE,2026-01-07,official-open,partial,1334,covered,current-only,covered,current-only,unknown,partial,fundamental-coverage-limited-to-2026-06-and-2026Q1;market-status-current-only;no-dated-corporate-action-observation;official-closing-table-present;security-lifecycle-current-only
TPEX,2026-01-07,official-open,partial,987,covered,current-only,covered,current-only,unknown,partial,fundamental-coverage-limited-to-2026-06-and-2026Q1;market-status-current-only;no-dated-corporate-action-observation;official-closing-table-present;security-lifecycle-current-only
TWSE,2026-01-08,official-open,partial,1334,covered,current-only,covered,current-only,unknown,partial,fundamental-coverage-limited-to-2026-06-and-2026Q1;market-status-current-only;no-dated-corporate-action-observation;official-closing-table-present;security-lifecycle-current-only
TPEX,2026-01-08,official-open,partial,987,covered,current-only,covered,current-only,unknown,partial,fundamental-coverage-limited-to-2026-06-and-2026Q1;market-status-current-only;no-dated-corporate-action-observation;official-closing-table-present;security-lifecycle-current-only
TWSE,2026-01-09,official-open,partial,1333,covered,current-only,covered,current-only,unknown,partial,fundamental-coverage-limited-to-2026-06-and-2026Q1;market-status-current-only;no-dated-corporate-action-observation;official-closing-table-present;security-lifecycle-current-only
TPEX,2026-01-09,official-open,partial,987,covered,current-only,covered,current-only,unknown,partial,fundamental-coverage-limited-to-2026-06-and-2026Q1;market-status-current-only;no-dated-corporate-action-observation;official-closing-table-present;security-lifecycle-current-only
TWSE,2026-01-10,official-closed,not-session,0,covered,current-only,official-no-data,current-only,unknown,partial,closure-corroborated-by-both-markets-absence;fundamental-coverage-limited-to-2026-06-and-2026Q1;market-status-current-only;no-dated-corporate-action-observation;security-lifecycle-current-only
TPEX,2026-01-10,official-closed,not-session,0,covered,current-only,official-no-data,current-only,unknown,partial,closure-corroborated-by-both-markets-absence;fundamental-coverage-limited-to-2026-06-and-2026Q1;market-status-current-only;no-dated-corporate-action-observation;security-lifecycle-current-only
TWSE,2026-01-11,official-closed,not-session,0,covered,current-only,official-no-data,current-only,unknown,partial,closure-corroborated-by-both-markets-absence;fundamental-coverage-limited-to-2026-06-and-2026Q1;market-status-current-only;no-dated-corporate-action-observation;security-lifecycle-current-only
TPEX,2026-01-11,official-closed,not-session,0,covered,current-only,official-no-data,current-only,unknown,partial,closure-corroborated-by-both-markets-absence;fundamental-coverage-limited-to-2026-06-and-2026Q1;market-status-current-only;no-dated-corporate-action-observation;security-lifecycle-current-only
TWSE,2026-01-12,official-open,partial,1334,covered,current-only,covered,current-only,unknown,partial,fundamental-coverage-limited-to-2026-06-and-2026Q1;market-status-current-only;no-dated-corporate-action-observation;official-closing-table-present;security-lifecycle-current-only
TPEX,2026-01-12,official-open,partial,988,covered,current-only,covered,current-only,unknown,partial,fundamental-coverage-limited-to-2026-06-and-2026Q1;market-status-current-only;no-dated-corporate-action-observation;official-closing-table-present;security-lifecycle-current-only
TWSE,2026-01-13,official-open,partial,1334,covered,current-only,covered,current-only,unknown,partial,fundamental-coverage-limited-to-2026-06-and-2026Q1;market-status-current-only;no-dated-corporate-action-observation;official-closing-table-present;security-lifecycle-current-only
TPEX,2026-01-13,official-open,partial,988,covered,current-only,covered,current-only,unknown,partial,fundamental-coverage-limited-to-2026-06-and-2026Q1;market-status-current-only;no-dated-corporate-action-observation;official-closing-table-present;security-lifecycle-current-only
TWSE,2026-01-14,official-open,partial,1334,covered,current-only,covered,current-only,unknown,partial,fundamental-coverage-limited-to-2026-06-and-2026Q1;market-status-current-only;no-dated-corporate-action-observation;official-closing-table-present;security-lifecycle-current-only
TPEX,2026-01-14,official-open,partial,988,covered,current-only,covered,current-only,unknown,partial,fundamental-coverage-limited-to-2026-06-and-2026Q1;market-status-current-only;no-dated-corporate-action-observation;official-closing-table-present;security-lifecycle-current-only
TWSE,2026-01-15,official-open,partial,1334,covered,current-only,covered,current-only,unknown,partial,fundamental-coverage-limited-to-2026-06-and-2026Q1;market-status-current-only;no-dated-corporate-action-observation;official-closing-table-present;security-lifecycle-current-only
TPEX,2026-01-15,official-open,partial,988,covered,current-only,covered,current-only,unknown,partial,fundamental-coverage-limited-to-2026-06-and-2026Q1;market-status-current-only;no-dated-corporate-action-observation;official-closing-table-present;security-lifecycle-current-only
TWSE,2026-01-16,official-open,partial,1336,covered,current-only,covered,current-only,unknown,partial,fundamental-coverage-limited-to-2026-06-and-2026Q1;market-status-current-only;no-dated-corporate-action-observation;official-closing-table-present;security-lifecycle-current-only
TPEX,2026-01-16,official-open,partial,988,covered,current-only,covered,current-only,unknown,partial,fundamental-coverage-limited-to-2026-06-and-2026Q1;market-status-current-only;no-dated-corporate-action-observation;official-closing-table-present;security-lifecycle-current-only
TWSE,2026-01-17,official-closed,not-session,0,covered,current-only,official-no-data,current-only,unknown,partial,closure-corroborated-by-both-markets-absence;fundamental-coverage-limited-to-2026-06-and-2026Q1;market-status-current-only;no-dated-corporate-action-observation;security-lifecycle-current-only
TPEX,2026-01-17,official-closed,not-session,0,covered,current-only,official-no-data,current-only,unknown,partial,closure-corroborated-by-both-markets-absence;fundamental-coverage-limited-to-2026-06-and-2026Q1;market-status-current-only;no-dated-corporate-action-observation;security-lifecycle-current-only
TWSE,2026-01-18,official-closed,not-session,0,covered,current-only,official-no-data,current-only,unknown,partial,closure-corroborated-by-both-markets-absence;fundamental-coverage-limited-to-2026-06-and-2026Q1;market-status-current-only;no-dated-corporate-action-observation;security-lifecycle-current-only
TPEX,2026-01-18,official-closed,not-session,0,covered,current-only,official-no-data,current-only,unknown,partial,closure-corroborated-by-both-markets-absence;fundamental-coverage-limited-to-2026-06-and-2026Q1;market-status-current-only;no-dated-corporate-action-observation;security-lifecycle-current-only
TWSE,2026-01-19,official-open,partial,1337,covered,current-only,covered,current-only,unknown,partial,fundamental-coverage-limited-to-2026-06-and-2026Q1;market-status-current-only;no-dated-corporate-action-observation;official-closing-table-present;security-lifecycle-current-only
TPEX,2026-01-19,official-open,partial,988,covered,current-only,covered,current-only,unknown,partial,fundamental-coverage-limited-to-2026-06-and-2026Q1;market-status-current-only;no-dated-corporate-action-observation;official-closing-table-present;security-lifecycle-current-only
TWSE,2026-01-20,official-open,partial,1337,covered,current-only,covered,current-only,unknown,partial,fundamental-coverage-limited-to-2026-06-and-2026Q1;market-status-current-only;no-dated-corporate-action-observation;official-closing-table-present;security-lifecycle-current-only
TPEX,2026-01-20,official-open,partial,988,covered,current-only,covered,current-only,unknown,partial,fundamental-coverage-limited-to-2026-06-and-2026Q1;market-status-current-only;no-dated-corporate-action-observation;official-closing-table-present;security-lifecycle-current-only
TWSE,2026-01-21,official-open,partial,1337,covered,current-only,covered,current-only,unknown,partial,fundamental-coverage-limited-to-2026-06-and-2026Q1;market-status-current-only;no-dated-corporate-action-observation;official-closing-table-present;security-lifecycle-current-only
TPEX,2026-01-21,official-open,partial,988,covered,current-only,covered,current-only,unknown,partial,fundamental-coverage-limited-to-2026-06-and-2026Q1;market-status-current-only;no-dated-corporate-action-observation;official-closing-table-present;security-lifecycle-current-only
TWSE,2026-01-22,official-open,partial,1338,covered,current-only,covered,current-only,unknown,partial,fundamental-coverage-limited-to-2026-06-and-2026Q1;market-status-current-only;no-dated-corporate-action-observation;official-closing-table-present;security-lifecycle-current-only
TPEX,2026-01-22,official-open,partial,991,covered,current-only,covered,current-only,unknown,partial,fundamental-coverage-limited-to-2026-06-and-2026Q1;market-status-current-only;no-dated-corporate-action-observation;official-closing-table-present;security-lifecycle-current-only
TWSE,2026-01-23,official-open,partial,1338,covered,current-only,covered,current-only,unknown,partial,fundamental-coverage-limited-to-2026-06-and-2026Q1;market-status-current-only;no-dated-corporate-action-observation;official-closing-table-present;security-lifecycle-current-only
TPEX,2026-01-23,official-open,partial,991,covered,current-only,covered,current-only,unknown,partial,fundamental-coverage-limited-to-2026-06-and-2026Q1;market-status-current-only;no-dated-corporate-action-observation;official-closing-table-present;security-lifecycle-current-only
TWSE,2026-01-24,official-closed,not-session,0,covered,current-only,official-no-data,current-only,unknown,partial,closure-corroborated-by-both-markets-absence;fundamental-coverage-limited-to-2026-06-and-2026Q1;market-status-current-only;no-dated-corporate-action-observation;security-lifecycle-current-only
TPEX,2026-01-24,official-closed,not-session,0,covered,current-only,official-no-data,current-only,unknown,partial,closure-corroborated-by-both-markets-absence;fundamental-coverage-limited-to-2026-06-and-2026Q1;market-status-current-only;no-dated-corporate-action-observation;security-lifecycle-current-only
TWSE,2026-01-25,official-closed,not-session,0,covered,current-only,official-no-data,current-only,unknown,partial,closure-corroborated-by-both-markets-absence;fundamental-coverage-limited-to-2026-06-and-2026Q1;market-status-current-only;no-dated-corporate-action-observation;security-lifecycle-current-only
TPEX,2026-01-25,official-closed,not-session,0,covered,current-only,official-no-data,current-only,unknown,partial,closure-corroborated-by-both-markets-absence;fundamental-coverage-limited-to-2026-06-and-2026Q1;market-status-current-only;no-dated-corporate-action-observation;security-lifecycle-current-only
TWSE,2026-01-26,official-open,partial,1338,covered,current-only,covered,current-only,unknown,partial,fundamental-coverage-limited-to-2026-06-and-2026Q1;market-status-current-only;no-dated-corporate-action-observation;official-closing-table-present;security-lifecycle-current-only
TPEX,2026-01-26,official-open,partial,992,covered,current-only,covered,current-only,unknown,partial,fundamental-coverage-limited-to-2026-06-and-2026Q1;market-status-current-only;no-dated-corporate-action-observation;official-closing-table-present;security-lifecycle-current-only
TWSE,2026-01-27,official-open,partial,1338,covered,current-only,covered,current-only,unknown,partial,fundamental-coverage-limited-to-2026-06-and-2026Q1;market-status-current-only;no-dated-corporate-action-observation;official-closing-table-present;security-lifecycle-current-only
TPEX,2026-01-27,official-open,partial,991,covered,current-only,covered,current-only,unknown,partial,fundamental-coverage-limited-to-2026-06-and-2026Q1;market-status-current-only;no-dated-corporate-action-observation;official-closing-table-present;security-lifecycle-current-only
TWSE,2026-01-28,official-open,partial,1338,covered,current-only,covered,current-only,unknown,partial,fundamental-coverage-limited-to-2026-06-and-2026Q1;market-status-current-only;no-dated-corporate-action-observation;official-closing-table-present;security-lifecycle-current-only
TPEX,2026-01-28,official-open,partial,992,covered,current-only,covered,current-only,unknown,partial,fundamental-coverage-limited-to-2026-06-and-2026Q1;market-status-current-only;no-dated-corporate-action-observation;official-closing-table-present;security-lifecycle-current-only
TWSE,2026-01-29,official-open,partial,1339,covered,current-only,covered,current-only,unknown,partial,fundamental-coverage-limited-to-2026-06-and-2026Q1;market-status-current-only;no-dated-corporate-action-observation;official-closing-table-present;security-lifecycle-current-only
TPEX,2026-01-29,official-open,partial,993,covered,current-only,covered,current-only,unknown,partial,fundamental-coverage-limited-to-2026-06-and-2026Q1;market-status-current-only;no-dated-corporate-action-observation;official-closing-table-present;security-lifecycle-current-only
TWSE,2026-01-30,official-open,partial,1339,covered,current-only,covered,current-only,unknown,partial,fundamental-coverage-limited-to-2026-06-and-2026Q1;market-status-current-only;no-dated-corporate-action-observation;official-closing-table-present;security-lifecycle-current-only
TPEX,2026-01-30,official-open,partial,993,covered,current-only,covered,current-only,unknown,partial,fundamental-coverage-limited-to-2026-06-and-2026Q1;market-status-current-only;no-dated-corporate-action-observation;official-closing-table-present;security-lifecycle-current-only
TWSE,2026-01-31,official-closed,not-session,0,covered,current-only,official-no-data,current-only,unknown,partial,closure-corroborated-by-both-markets-absence;fundamental-coverage-limited-to-2026-06-and-2026Q1;market-status-current-only;no-dated-corporate-action-observation;security-lifecycle-current-only
TPEX,2026-01-31,official-closed,not-session,0,covered,current-only,official-no-data,current-only,unknown,partial,closure-corroborated-by-both-markets-absence;fundamental-coverage-limited-to-2026-06-and-2026Q1;market-status-current-only;no-dated-corporate-action-observation;security-lifecycle-current-only
TWSE,2026-02-01,official-closed,not-session,0,covered,current-only,official-no-data,current-only,unknown,partial,closure-corroborated-by-both-markets-absence;fundamental-coverage-limited-to-2026-06-and-2026Q1;market-status-current-only;no-dated-corporate-action-observation;security-lifecycle-current-only
TPEX,2026-02-01,official-closed,not-session,0,covered,current-only,official-no-data,current-only,unknown,partial,closure-corroborated-by-both-markets-absence;fundamental-coverage-limited-to-2026-06-and-2026Q1;market-status-current-only;no-dated-corporate-action-observation;security-lifecycle-current-only
TWSE,2026-02-02,official-open,partial,1340,covered,current-only,covered,current-only,unknown,partial,fundamental-coverage-limited-to-2026-06-and-2026Q1;market-status-current-only;no-dated-corporate-action-observation;official-closing-table-present;security-lifecycle-current-only
TPEX,2026-02-02,official-open,partial,993,covered,current-only,covered,current-only,unknown,partial,fundamental-coverage-limited-to-2026-06-and-2026Q1;market-status-current-only;no-dated-corporate-action-observation;official-closing-table-present;security-lifecycle-current-only
TWSE,2026-02-03,official-open,partial,1342,covered,current-only,covered,current-only,unknown,partial,fundamental-coverage-limited-to-2026-06-and-2026Q1;market-status-current-only;no-dated-corporate-action-observation;official-closing-table-present;security-lifecycle-current-only
TPEX,2026-02-03,official-open,partial,995,covered,current-only,covered,current-only,unknown,partial,fundamental-coverage-limited-to-2026-06-and-2026Q1;market-status-current-only;no-dated-corporate-action-observation;official-closing-table-present;security-lifecycle-current-only
TWSE,2026-02-04,official-open,partial,1343,covered,current-only,covered,current-only,unknown,partial,fundamental-coverage-limited-to-2026-06-and-2026Q1;market-status-current-only;no-dated-corporate-action-observation;official-closing-table-present;security-lifecycle-current-only
TPEX,2026-02-04,official-open,partial,995,covered,current-only,covered,current-only,unknown,partial,fundamental-coverage-limited-to-2026-06-and-2026Q1;market-status-current-only;no-dated-corporate-action-observation;official-closing-table-present;security-lifecycle-current-only
TWSE,2026-02-05,official-open,partial,1344,covered,current-only,covered,current-only,unknown,partial,fundamental-coverage-limited-to-2026-06-and-2026Q1;market-status-current-only;no-dated-corporate-action-observation;official-closing-table-present;security-lifecycle-current-only
TPEX,2026-02-05,official-open,partial,995,covered,current-only,covered,current-only,unknown,partial,fundamental-coverage-limited-to-2026-06-and-2026Q1;market-status-current-only;no-dated-corporate-action-observation;official-closing-table-present;security-lifecycle-current-only
TWSE,2026-02-06,official-open,partial,1345,covered,current-only,covered,current-only,unknown,partial,fundamental-coverage-limited-to-2026-06-and-2026Q1;market-status-current-only;no-dated-corporate-action-observation;official-closing-table-present;security-lifecycle-current-only
TPEX,2026-02-06,official-open,partial,995,covered,current-only,covered,current-only,unknown,partial,fundamental-coverage-limited-to-2026-06-and-2026Q1;market-status-current-only;no-dated-corporate-action-observation;official-closing-table-present;security-lifecycle-current-only
TWSE,2026-02-07,official-closed,not-session,0,covered,current-only,official-no-data,current-only,unknown,partial,closure-corroborated-by-both-markets-absence;fundamental-coverage-limited-to-2026-06-and-2026Q1;market-status-current-only;no-dated-corporate-action-observation;security-lifecycle-current-only
TPEX,2026-02-07,official-closed,not-session,0,covered,current-only,official-no-data,current-only,unknown,partial,closure-corroborated-by-both-markets-absence;fundamental-coverage-limited-to-2026-06-and-2026Q1;market-status-current-only;no-dated-corporate-action-observation;security-lifecycle-current-only
TWSE,2026-02-08,official-closed,not-session,0,covered,current-only,official-no-data,current-only,unknown,partial,closure-corroborated-by-both-markets-absence;fundamental-coverage-limited-to-2026-06-and-2026Q1;market-status-current-only;no-dated-corporate-action-observation;security-lifecycle-current-only
TPEX,2026-02-08,official-closed,not-session,0,covered,current-only,official-no-data,current-only,unknown,partial,closure-corroborated-by-both-markets-absence;fundamental-coverage-limited-to-2026-06-and-2026Q1;market-status-current-only;no-dated-corporate-action-observation;security-lifecycle-current-only
TWSE,2026-02-09,official-open,partial,1345,covered,current-only,covered,current-only,unknown,partial,fundamental-coverage-limited-to-2026-06-and-2026Q1;market-status-current-only;no-dated-corporate-action-observation;official-closing-table-present;security-lifecycle-current-only
TPEX,2026-02-09,official-open,partial,995,covered,current-only,covered,current-only,unknown,partial,fundamental-coverage-limited-to-2026-06-and-2026Q1;market-status-current-only;no-dated-corporate-action-observation;official-closing-table-present;security-lifecycle-current-only
TWSE,2026-02-10,official-open,partial,1345,covered,current-only,covered,current-only,unknown,partial,fundamental-coverage-limited-to-2026-06-and-2026Q1;market-status-current-only;no-dated-corporate-action-observation;official-closing-table-present;security-lifecycle-current-only
TPEX,2026-02-10,official-open,partial,995,covered,current-only,covered,current-only,unknown,partial,fundamental-coverage-limited-to-2026-06-and-2026Q1;market-status-current-only;no-dated-corporate-action-observation;official-closing-table-present;security-lifecycle-current-only
TWSE,2026-02-11,official-open,partial,1345,covered,current-only,covered,current-only,unknown,partial,fundamental-coverage-limited-to-2026-06-and-2026Q1;market-status-current-only;no-dated-corporate-action-observation;official-closing-table-present;security-lifecycle-current-only
TPEX,2026-02-11,official-open,partial,995,covered,current-only,covered,current-only,unknown,partial,fundamental-coverage-limited-to-2026-06-and-2026Q1;market-status-current-only;no-dated-corporate-action-observation;official-closing-table-present;security-lifecycle-current-only
TWSE,2026-02-12,official-closed,not-session,0,covered,current-only,official-no-data,current-only,unknown,partial,fundamental-coverage-limited-to-2026-06-and-2026Q1;market-status-current-only;no-dated-corporate-action-observation;official-holiday-schedule-listed;security-lifecycle-current-only
TPEX,2026-02-12,official-closed,not-session,0,covered,current-only,official-no-data,current-only,unknown,partial,fundamental-coverage-limited-to-2026-06-and-2026Q1;market-status-current-only;no-dated-corporate-action-observation;official-holiday-schedule-listed;security-lifecycle-current-only
TWSE,2026-02-13,official-closed,not-session,0,covered,current-only,official-no-data,current-only,unknown,partial,fundamental-coverage-limited-to-2026-06-and-2026Q1;market-status-current-only;no-dated-corporate-action-observation;official-holiday-schedule-listed;security-lifecycle-current-only
TPEX,2026-02-13,official-closed,not-session,0,covered,current-only,official-no-data,current-only,unknown,partial,fundamental-coverage-limited-to-2026-06-and-2026Q1;market-status-current-only;no-dated-corporate-action-observation;official-holiday-schedule-listed;security-lifecycle-current-only
TWSE,2026-02-14,official-closed,not-session,0,covered,current-only,official-no-data,current-only,unknown,partial,closure-corroborated-by-both-markets-absence;fundamental-coverage-limited-to-2026-06-and-2026Q1;market-status-current-only;no-dated-corporate-action-observation;security-lifecycle-current-only
TPEX,2026-02-14,official-closed,not-session,0,covered,current-only,official-no-data,current-only,unknown,partial,closure-corroborated-by-both-markets-absence;fundamental-coverage-limited-to-2026-06-and-2026Q1;market-status-current-only;no-dated-corporate-action-observation;security-lifecycle-current-only
TWSE,2026-02-15,official-closed,not-session,0,covered,current-only,official-no-data,current-only,unknown,partial,fundamental-coverage-limited-to-2026-06-and-2026Q1;market-status-current-only;no-dated-corporate-action-observation;official-holiday-schedule-listed;security-lifecycle-current-only
TPEX,2026-02-15,official-closed,not-session,0,covered,current-only,official-no-data,current-only,unknown,partial,fundamental-coverage-limited-to-2026-06-and-2026Q1;market-status-current-only;no-dated-corporate-action-observation;official-holiday-schedule-listed;security-lifecycle-current-only
TWSE,2026-02-16,official-closed,not-session,0,covered,current-only,official-no-data,current-only,unknown,partial,fundamental-coverage-limited-to-2026-06-and-2026Q1;market-status-current-only;no-dated-corporate-action-observation;official-holiday-schedule-listed;security-lifecycle-current-only
TPEX,2026-02-16,official-closed,not-session,0,covered,current-only,official-no-data,current-only,unknown,partial,fundamental-coverage-limited-to-2026-06-and-2026Q1;market-status-current-only;no-dated-corporate-action-observation;official-holiday-schedule-listed;security-lifecycle-current-only
TWSE,2026-02-17,official-closed,not-session,0,covered,current-only,official-no-data,current-only,unknown,partial,fundamental-coverage-limited-to-2026-06-and-2026Q1;market-status-current-only;no-dated-corporate-action-observation;official-holiday-schedule-listed;security-lifecycle-current-only
TPEX,2026-02-17,official-closed,not-session,0,covered,current-only,official-no-data,current-only,unknown,partial,fundamental-coverage-limited-to-2026-06-and-2026Q1;market-status-current-only;no-dated-corporate-action-observation;official-holiday-schedule-listed;security-lifecycle-current-only
TWSE,2026-02-18,official-closed,not-session,0,covered,current-only,official-no-data,current-only,unknown,partial,fundamental-coverage-limited-to-2026-06-and-2026Q1;market-status-current-only;no-dated-corporate-action-observation;official-holiday-schedule-listed;security-lifecycle-current-only
TPEX,2026-02-18,official-closed,not-session,0,covered,current-only,official-no-data,current-only,unknown,partial,fundamental-coverage-limited-to-2026-06-and-2026Q1;market-status-current-only;no-dated-corporate-action-observation;official-holiday-schedule-listed;security-lifecycle-current-only
TWSE,2026-02-19,official-closed,not-session,0,covered,current-only,official-no-data,current-only,unknown,partial,fundamental-coverage-limited-to-2026-06-and-2026Q1;market-status-current-only;no-dated-corporate-action-observation;official-holiday-schedule-listed;security-lifecycle-current-only
TPEX,2026-02-19,official-closed,not-session,0,covered,current-only,official-no-data,current-only,unknown,partial,fundamental-coverage-limited-to-2026-06-and-2026Q1;market-status-current-only;no-dated-corporate-action-observation;official-holiday-schedule-listed;security-lifecycle-current-only
TWSE,2026-02-20,official-closed,not-session,0,covered,current-only,official-no-data,current-only,unknown,partial,fundamental-coverage-limited-to-2026-06-and-2026Q1;market-status-current-only;no-dated-corporate-action-observation;official-holiday-schedule-listed;security-lifecycle-current-only
TPEX,2026-02-20,official-closed,not-session,0,covered,current-only,official-no-data,current-only,unknown,partial,fundamental-coverage-limited-to-2026-06-and-2026Q1;market-status-current-only;no-dated-corporate-action-observation;official-holiday-schedule-listed;security-lifecycle-current-only
TWSE,2026-02-21,official-closed,not-session,0,covered,current-only,official-no-data,current-only,unknown,partial,closure-corroborated-by-both-markets-absence;fundamental-coverage-limited-to-2026-06-and-2026Q1;market-status-current-only;no-dated-corporate-action-observation;security-lifecycle-current-only
TPEX,2026-02-21,official-closed,not-session,0,covered,current-only,official-no-data,current-only,unknown,partial,closure-corroborated-by-both-markets-absence;fundamental-coverage-limited-to-2026-06-and-2026Q1;market-status-current-only;no-dated-corporate-action-observation;security-lifecycle-current-only
TWSE,2026-02-22,official-closed,not-session,0,covered,current-only,official-no-data,current-only,unknown,partial,closure-corroborated-by-both-markets-absence;fundamental-coverage-limited-to-2026-06-and-2026Q1;market-status-current-only;no-dated-corporate-action-observation;security-lifecycle-current-only
TPEX,2026-02-22,official-closed,not-session,0,covered,current-only,official-no-data,current-only,unknown,partial,closure-corroborated-by-both-markets-absence;fundamental-coverage-limited-to-2026-06-and-2026Q1;market-status-current-only;no-dated-corporate-action-observation;security-lifecycle-current-only
TWSE,2026-02-23,official-open,partial,1344,covered,current-only,covered,current-only,unknown,partial,fundamental-coverage-limited-to-2026-06-and-2026Q1;market-status-current-only;no-dated-corporate-action-observation;official-closing-table-present;security-lifecycle-current-only
TPEX,2026-02-23,official-open,partial,995,covered,current-only,covered,current-only,unknown,partial,fundamental-coverage-limited-to-2026-06-and-2026Q1;market-status-current-only;no-dated-corporate-action-observation;official-closing-table-present;security-lifecycle-current-only
TWSE,2026-02-24,official-open,partial,1344,covered,current-only,covered,current-only,unknown,partial,fundamental-coverage-limited-to-2026-06-and-2026Q1;market-status-current-only;no-dated-corporate-action-observation;official-closing-table-present;security-lifecycle-current-only
TPEX,2026-02-24,official-open,partial,995,covered,current-only,covered,current-only,unknown,partial,fundamental-coverage-limited-to-2026-06-and-2026Q1;market-status-current-only;no-dated-corporate-action-observation;official-closing-table-present;security-lifecycle-current-only
TWSE,2026-02-25,official-open,partial,1344,covered,current-only,covered,current-only,unknown,partial,fundamental-coverage-limited-to-2026-06-and-2026Q1;market-status-current-only;no-dated-corporate-action-observation;official-closing-table-present;security-lifecycle-current-only
TPEX,2026-02-25,official-open,partial,995,covered,current-only,covered,current-only,unknown,partial,fundamental-coverage-limited-to-2026-06-and-2026Q1;market-status-current-only;no-dated-corporate-action-observation;official-closing-table-present;security-lifecycle-current-only
TWSE,2026-02-26,official-open,partial,1344,covered,current-only,covered,current-only,unknown,partial,fundamental-coverage-limited-to-2026-06-and-2026Q1;market-status-current-only;no-dated-corporate-action-observation;official-closing-table-present;security-lifecycle-current-only
TPEX,2026-02-26,official-open,partial,995,covered,current-only,covered,current-only,unknown,partial,fundamental-coverage-limited-to-2026-06-and-2026Q1;market-status-current-only;no-dated-corporate-action-observation;official-closing-table-present;security-lifecycle-current-only
TWSE,2026-02-27,official-closed,not-session,0,covered,current-only,official-no-data,current-only,unknown,partial,fundamental-coverage-limited-to-2026-06-and-2026Q1;market-status-current-only;no-dated-corporate-action-observation;official-holiday-schedule-listed;security-lifecycle-current-only
TPEX,2026-02-27,official-closed,not-session,0,covered,current-only,official-no-data,current-only,unknown,partial,fundamental-coverage-limited-to-2026-06-and-2026Q1;market-status-current-only;no-dated-corporate-action-observation;official-holiday-schedule-listed;security-lifecycle-current-only
TWSE,2026-02-28,official-closed,not-session,0,covered,current-only,official-no-data,current-only,unknown,partial,fundamental-coverage-limited-to-2026-06-and-2026Q1;market-status-current-only;no-dated-corporate-action-observation;official-holiday-schedule-listed;security-lifecycle-current-only
TPEX,2026-02-28,official-closed,not-session,0,covered,current-only,official-no-data,current-only,unknown,partial,fundamental-coverage-limited-to-2026-06-and-2026Q1;market-status-current-only;no-dated-corporate-action-observation;official-holiday-schedule-listed;security-lifecycle-current-only
TWSE,2026-03-01,official-closed,not-session,0,covered,current-only,official-no-data,current-only,unknown,partial,closure-corroborated-by-both-markets-absence;fundamental-coverage-limited-to-2026-06-and-2026Q1;market-status-current-only;no-dated-corporate-action-observation;security-lifecycle-current-only
TPEX,2026-03-01,official-closed,not-session,0,covered,current-only,official-no-data,current-only,unknown,partial,closure-corroborated-by-both-markets-absence;fundamental-coverage-limited-to-2026-06-and-2026Q1;market-status-current-only;no-dated-corporate-action-observation;security-lifecycle-current-only
TWSE,2026-03-02,official-open,partial,1344,covered,current-only,covered,current-only,unknown,partial,fundamental-coverage-limited-to-2026-06-and-2026Q1;market-status-current-only;no-dated-corporate-action-observation;official-closing-table-present;security-lifecycle-current-only
TPEX,2026-03-02,official-open,partial,995,covered,current-only,covered,current-only,unknown,partial,fundamental-coverage-limited-to-2026-06-and-2026Q1;market-status-current-only;no-dated-corporate-action-observation;official-closing-table-present;security-lifecycle-current-only
TWSE,2026-03-03,official-open,partial,1344,covered,current-only,covered,current-only,unknown,partial,fundamental-coverage-limited-to-2026-06-and-2026Q1;market-status-current-only;no-dated-corporate-action-observation;official-closing-table-present;security-lifecycle-current-only
TPEX,2026-03-03,official-open,partial,995,covered,current-only,covered,current-only,unknown,partial,fundamental-coverage-limited-to-2026-06-and-2026Q1;market-status-current-only;no-dated-corporate-action-observation;official-closing-table-present;security-lifecycle-current-only
TWSE,2026-03-04,official-open,partial,1344,covered,current-only,covered,current-only,unknown,partial,fundamental-coverage-limited-to-2026-06-and-2026Q1;market-status-current-only;no-dated-corporate-action-observation;official-closing-table-present;security-lifecycle-current-only
TPEX,2026-03-04,official-open,partial,995,covered,current-only,covered,current-only,unknown,partial,fundamental-coverage-limited-to-2026-06-and-2026Q1;market-status-current-only;no-dated-corporate-action-observation;official-closing-table-present;security-lifecycle-current-only
TWSE,2026-03-05,official-open,partial,1344,covered,current-only,covered,current-only,unknown,partial,fundamental-coverage-limited-to-2026-06-and-2026Q1;market-status-current-only;no-dated-corporate-action-observation;official-closing-table-present;security-lifecycle-current-only
TPEX,2026-03-05,official-open,partial,995,covered,current-only,covered,current-only,unknown,partial,fundamental-coverage-limited-to-2026-06-and-2026Q1;market-status-current-only;no-dated-corporate-action-observation;official-closing-table-present;security-lifecycle-current-only
TWSE,2026-03-06,official-open,partial,1344,covered,current-only,covered,current-only,unknown,partial,fundamental-coverage-limited-to-2026-06-and-2026Q1;market-status-current-only;no-dated-corporate-action-observation;official-closing-table-present;security-lifecycle-current-only
TPEX,2026-03-06,official-open,partial,995,covered,current-only,covered,current-only,unknown,partial,fundamental-coverage-limited-to-2026-06-and-2026Q1;market-status-current-only;no-dated-corporate-action-observation;official-closing-table-present;security-lifecycle-current-only
TWSE,2026-03-07,official-closed,not-session,0,covered,current-only,official-no-data,current-only,unknown,partial,closure-corroborated-by-both-markets-absence;fundamental-coverage-limited-to-2026-06-and-2026Q1;market-status-current-only;no-dated-corporate-action-observation;security-lifecycle-current-only
TPEX,2026-03-07,official-closed,not-session,0,covered,current-only,official-no-data,current-only,unknown,partial,closure-corroborated-by-both-markets-absence;fundamental-coverage-limited-to-2026-06-and-2026Q1;market-status-current-only;no-dated-corporate-action-observation;security-lifecycle-current-only
TWSE,2026-03-08,official-closed,not-session,0,covered,current-only,official-no-data,current-only,unknown,partial,closure-corroborated-by-both-markets-absence;fundamental-coverage-limited-to-2026-06-and-2026Q1;market-status-current-only;no-dated-corporate-action-observation;security-lifecycle-current-only
TPEX,2026-03-08,official-closed,not-session,0,covered,current-only,official-no-data,current-only,unknown,partial,closure-corroborated-by-both-markets-absence;fundamental-coverage-limited-to-2026-06-and-2026Q1;market-status-current-only;no-dated-corporate-action-observation;security-lifecycle-current-only
TWSE,2026-03-09,official-open,partial,1344,covered,current-only,covered,current-only,unknown,partial,fundamental-coverage-limited-to-2026-06-and-2026Q1;market-status-current-only;no-dated-corporate-action-observation;official-closing-table-present;security-lifecycle-current-only
TPEX,2026-03-09,official-open,partial,996,covered,current-only,covered,current-only,unknown,partial,fundamental-coverage-limited-to-2026-06-and-2026Q1;market-status-current-only;no-dated-corporate-action-observation;official-closing-table-present;security-lifecycle-current-only
TWSE,2026-03-10,official-open,partial,1344,covered,current-only,covered,current-only,unknown,partial,fundamental-coverage-limited-to-2026-06-and-2026Q1;market-status-current-only;no-dated-corporate-action-observation;official-closing-table-present;security-lifecycle-current-only
TPEX,2026-03-10,official-open,partial,996,covered,current-only,covered,current-only,unknown,partial,fundamental-coverage-limited-to-2026-06-and-2026Q1;market-status-current-only;no-dated-corporate-action-observation;official-closing-table-present;security-lifecycle-current-only
TWSE,2026-03-11,official-open,partial,1344,covered,current-only,covered,current-only,unknown,partial,fundamental-coverage-limited-to-2026-06-and-2026Q1;market-status-current-only;no-dated-corporate-action-observation;official-closing-table-present;security-lifecycle-current-only
TPEX,2026-03-11,official-open,partial,996,covered,current-only,covered,current-only,unknown,partial,fundamental-coverage-limited-to-2026-06-and-2026Q1;market-status-current-only;no-dated-corporate-action-observation;official-closing-table-present;security-lifecycle-current-only
TWSE,2026-03-12,official-open,partial,1344,covered,current-only,covered,current-only,unknown,partial,fundamental-coverage-limited-to-2026-06-and-2026Q1;market-status-current-only;no-dated-corporate-action-observation;official-closing-table-present;security-lifecycle-current-only
TPEX,2026-03-12,official-open,partial,996,covered,current-only,covered,current-only,unknown,partial,fundamental-coverage-limited-to-2026-06-and-2026Q1;market-status-current-only;no-dated-corporate-action-observation;official-closing-table-present;security-lifecycle-current-only
TWSE,2026-03-13,official-open,partial,1344,covered,current-only,covered,current-only,unknown,partial,fundamental-coverage-limited-to-2026-06-and-2026Q1;market-status-current-only;no-dated-corporate-action-observation;official-closing-table-present;security-lifecycle-current-only
TPEX,2026-03-13,official-open,partial,996,covered,current-only,covered,current-only,unknown,partial,fundamental-coverage-limited-to-2026-06-and-2026Q1;market-status-current-only;no-dated-corporate-action-observation;official-closing-table-present;security-lifecycle-current-only
TWSE,2026-03-14,official-closed,not-session,0,covered,current-only,official-no-data,current-only,unknown,partial,closure-corroborated-by-both-markets-absence;fundamental-coverage-limited-to-2026-06-and-2026Q1;market-status-current-only;no-dated-corporate-action-observation;security-lifecycle-current-only
TPEX,2026-03-14,official-closed,not-session,0,covered,current-only,official-no-data,current-only,unknown,partial,closure-corroborated-by-both-markets-absence;fundamental-coverage-limited-to-2026-06-and-2026Q1;market-status-current-only;no-dated-corporate-action-observation;security-lifecycle-current-only
TWSE,2026-03-15,official-closed,not-session,0,covered,current-only,official-no-data,current-only,unknown,partial,closure-corroborated-by-both-markets-absence;fundamental-coverage-limited-to-2026-06-and-2026Q1;market-status-current-only;no-dated-corporate-action-observation;security-lifecycle-current-only
TPEX,2026-03-15,official-closed,not-session,0,covered,current-only,official-no-data,current-only,unknown,partial,closure-corroborated-by-both-markets-absence;fundamental-coverage-limited-to-2026-06-and-2026Q1;market-status-current-only;no-dated-corporate-action-observation;security-lifecycle-current-only
TWSE,2026-03-16,official-open,partial,1344,covered,current-only,covered,current-only,unknown,partial,fundamental-coverage-limited-to-2026-06-and-2026Q1;market-status-current-only;no-dated-corporate-action-observation;official-closing-table-present;security-lifecycle-current-only
TPEX,2026-03-16,official-open,partial,996,covered,current-only,covered,current-only,unknown,partial,fundamental-coverage-limited-to-2026-06-and-2026Q1;market-status-current-only;no-dated-corporate-action-observation;official-closing-table-present;security-lifecycle-current-only
TWSE,2026-03-17,official-open,partial,1344,covered,current-only,covered,current-only,unknown,partial,fundamental-coverage-limited-to-2026-06-and-2026Q1;market-status-current-only;no-dated-corporate-action-observation;official-closing-table-present;security-lifecycle-current-only
TPEX,2026-03-17,official-open,partial,996,covered,current-only,covered,current-only,unknown,partial,fundamental-coverage-limited-to-2026-06-and-2026Q1;market-status-current-only;no-dated-corporate-action-observation;official-closing-table-present;security-lifecycle-current-only
TWSE,2026-03-18,official-open,partial,1344,covered,current-only,covered,current-only,unknown,partial,fundamental-coverage-limited-to-2026-06-and-2026Q1;market-status-current-only;no-dated-corporate-action-observation;official-closing-table-present;security-lifecycle-current-only
TPEX,2026-03-18,official-open,partial,996,covered,current-only,covered,current-only,unknown,partial,fundamental-coverage-limited-to-2026-06-and-2026Q1;market-status-current-only;no-dated-corporate-action-observation;official-closing-table-present;security-lifecycle-current-only
TWSE,2026-03-19,official-open,partial,1343,covered,current-only,covered,current-only,unknown,partial,fundamental-coverage-limited-to-2026-06-and-2026Q1;market-status-current-only;no-dated-corporate-action-observation;official-closing-table-present;security-lifecycle-current-only
TPEX,2026-03-19,official-open,partial,996,covered,current-only,covered,current-only,unknown,partial,fundamental-coverage-limited-to-2026-06-and-2026Q1;market-status-current-only;no-dated-corporate-action-observation;official-closing-table-present;security-lifecycle-current-only
TWSE,2026-03-20,official-open,partial,1343,covered,current-only,covered,current-only,unknown,partial,fundamental-coverage-limited-to-2026-06-and-2026Q1;market-status-current-only;no-dated-corporate-action-observation;official-closing-table-present;security-lifecycle-current-only
TPEX,2026-03-20,official-open,partial,996,covered,current-only,covered,current-only,unknown,partial,fundamental-coverage-limited-to-2026-06-and-2026Q1;market-status-current-only;no-dated-corporate-action-observation;official-closing-table-present;security-lifecycle-current-only
TWSE,2026-03-21,official-closed,not-session,0,covered,current-only,official-no-data,current-only,unknown,partial,closure-corroborated-by-both-markets-absence;fundamental-coverage-limited-to-2026-06-and-2026Q1;market-status-current-only;no-dated-corporate-action-observation;security-lifecycle-current-only
TPEX,2026-03-21,official-closed,not-session,0,covered,current-only,official-no-data,current-only,unknown,partial,closure-corroborated-by-both-markets-absence;fundamental-coverage-limited-to-2026-06-and-2026Q1;market-status-current-only;no-dated-corporate-action-observation;security-lifecycle-current-only
TWSE,2026-03-22,official-closed,not-session,0,covered,current-only,official-no-data,current-only,unknown,partial,closure-corroborated-by-both-markets-absence;fundamental-coverage-limited-to-2026-06-and-2026Q1;market-status-current-only;no-dated-corporate-action-observation;security-lifecycle-current-only
TPEX,2026-03-22,official-closed,not-session,0,covered,current-only,official-no-data,current-only,unknown,partial,closure-corroborated-by-both-markets-absence;fundamental-coverage-limited-to-2026-06-and-2026Q1;market-status-current-only;no-dated-corporate-action-observation;security-lifecycle-current-only
TWSE,2026-03-23,official-open,partial,1344,covered,current-only,covered,current-only,unknown,partial,fundamental-coverage-limited-to-2026-06-and-2026Q1;market-status-current-only;no-dated-corporate-action-observation;official-closing-table-present;security-lifecycle-current-only
TPEX,2026-03-23,official-open,partial,996,covered,current-only,covered,current-only,unknown,partial,fundamental-coverage-limited-to-2026-06-and-2026Q1;market-status-current-only;no-dated-corporate-action-observation;official-closing-table-present;security-lifecycle-current-only
TWSE,2026-03-24,official-open,partial,1344,covered,current-only,covered,current-only,unknown,partial,fundamental-coverage-limited-to-2026-06-and-2026Q1;market-status-current-only;no-dated-corporate-action-observation;official-closing-table-present;security-lifecycle-current-only
TPEX,2026-03-24,official-open,partial,996,covered,current-only,covered,current-only,unknown,partial,fundamental-coverage-limited-to-2026-06-and-2026Q1;market-status-current-only;no-dated-corporate-action-observation;official-closing-table-present;security-lifecycle-current-only
TWSE,2026-03-25,official-open,partial,1345,covered,current-only,covered,current-only,unknown,partial,fundamental-coverage-limited-to-2026-06-and-2026Q1;market-status-current-only;no-dated-corporate-action-observation;official-closing-table-present;security-lifecycle-current-only
TPEX,2026-03-25,official-open,partial,998,covered,current-only,covered,current-only,unknown,partial,fundamental-coverage-limited-to-2026-06-and-2026Q1;market-status-current-only;no-dated-corporate-action-observation;official-closing-table-present;security-lifecycle-current-only
TWSE,2026-03-26,official-open,partial,1346,covered,current-only,covered,current-only,unknown,partial,fundamental-coverage-limited-to-2026-06-and-2026Q1;market-status-current-only;no-dated-corporate-action-observation;official-closing-table-present;security-lifecycle-current-only
TPEX,2026-03-26,official-open,partial,998,covered,current-only,covered,current-only,unknown,partial,fundamental-coverage-limited-to-2026-06-and-2026Q1;market-status-current-only;no-dated-corporate-action-observation;official-closing-table-present;security-lifecycle-current-only
TWSE,2026-03-27,official-open,partial,1346,covered,current-only,covered,current-only,unknown,partial,fundamental-coverage-limited-to-2026-06-and-2026Q1;market-status-current-only;no-dated-corporate-action-observation;official-closing-table-present;security-lifecycle-current-only
TPEX,2026-03-27,official-open,partial,998,covered,current-only,covered,current-only,unknown,partial,fundamental-coverage-limited-to-2026-06-and-2026Q1;market-status-current-only;no-dated-corporate-action-observation;official-closing-table-present;security-lifecycle-current-only
TWSE,2026-03-28,official-closed,not-session,0,covered,current-only,official-no-data,current-only,unknown,partial,closure-corroborated-by-both-markets-absence;fundamental-coverage-limited-to-2026-06-and-2026Q1;market-status-current-only;no-dated-corporate-action-observation;security-lifecycle-current-only
TPEX,2026-03-28,official-closed,not-session,0,covered,current-only,official-no-data,current-only,unknown,partial,closure-corroborated-by-both-markets-absence;fundamental-coverage-limited-to-2026-06-and-2026Q1;market-status-current-only;no-dated-corporate-action-observation;security-lifecycle-current-only
TWSE,2026-03-29,official-closed,not-session,0,covered,current-only,official-no-data,current-only,unknown,partial,closure-corroborated-by-both-markets-absence;fundamental-coverage-limited-to-2026-06-and-2026Q1;market-status-current-only;no-dated-corporate-action-observation;security-lifecycle-current-only
TPEX,2026-03-29,official-closed,not-session,0,covered,current-only,official-no-data,current-only,unknown,partial,closure-corroborated-by-both-markets-absence;fundamental-coverage-limited-to-2026-06-and-2026Q1;market-status-current-only;no-dated-corporate-action-observation;security-lifecycle-current-only
TWSE,2026-03-30,official-open,partial,1347,covered,current-only,covered,current-only,unknown,partial,fundamental-coverage-limited-to-2026-06-and-2026Q1;market-status-current-only;no-dated-corporate-action-observation;official-closing-table-present;security-lifecycle-current-only
TPEX,2026-03-30,official-open,partial,1000,covered,current-only,covered,current-only,unknown,partial,fundamental-coverage-limited-to-2026-06-and-2026Q1;market-status-current-only;no-dated-corporate-action-observation;official-closing-table-present;security-lifecycle-current-only
TWSE,2026-03-31,official-open,partial,1348,covered,current-only,covered,current-only,unknown,partial,fundamental-coverage-limited-to-2026-06-and-2026Q1;market-status-current-only;no-dated-corporate-action-observation;official-closing-table-present;security-lifecycle-current-only
TPEX,2026-03-31,official-open,partial,1001,covered,current-only,covered,current-only,unknown,partial,fundamental-coverage-limited-to-2026-06-and-2026Q1;market-status-current-only;no-dated-corporate-action-observation;official-closing-table-present;security-lifecycle-current-only
TWSE,2026-04-01,official-open,partial,1348,covered,current-only,covered,current-only,unknown,partial,fundamental-coverage-limited-to-2026-06-and-2026Q1;market-status-current-only;no-dated-corporate-action-observation;official-closing-table-present;security-lifecycle-current-only
TPEX,2026-04-01,official-open,partial,999,covered,current-only,covered,current-only,unknown,partial,fundamental-coverage-limited-to-2026-06-and-2026Q1;market-status-current-only;no-dated-corporate-action-observation;official-closing-table-present;security-lifecycle-current-only
TWSE,2026-04-02,official-open,partial,1348,covered,current-only,covered,current-only,unknown,partial,fundamental-coverage-limited-to-2026-06-and-2026Q1;market-status-current-only;no-dated-corporate-action-observation;official-closing-table-present;security-lifecycle-current-only
TPEX,2026-04-02,official-open,partial,999,covered,current-only,covered,current-only,unknown,partial,fundamental-coverage-limited-to-2026-06-and-2026Q1;market-status-current-only;no-dated-corporate-action-observation;official-closing-table-present;security-lifecycle-current-only
TWSE,2026-04-03,official-closed,not-session,0,covered,current-only,official-no-data,current-only,unknown,partial,fundamental-coverage-limited-to-2026-06-and-2026Q1;market-status-current-only;no-dated-corporate-action-observation;official-holiday-schedule-listed;security-lifecycle-current-only
TPEX,2026-04-03,official-closed,not-session,0,covered,current-only,official-no-data,current-only,unknown,partial,fundamental-coverage-limited-to-2026-06-and-2026Q1;market-status-current-only;no-dated-corporate-action-observation;official-holiday-schedule-listed;security-lifecycle-current-only
TWSE,2026-04-04,official-closed,not-session,0,covered,current-only,official-no-data,current-only,unknown,partial,fundamental-coverage-limited-to-2026-06-and-2026Q1;market-status-current-only;no-dated-corporate-action-observation;official-holiday-schedule-listed;security-lifecycle-current-only
TPEX,2026-04-04,official-closed,not-session,0,covered,current-only,official-no-data,current-only,unknown,partial,fundamental-coverage-limited-to-2026-06-and-2026Q1;market-status-current-only;no-dated-corporate-action-observation;official-holiday-schedule-listed;security-lifecycle-current-only
TWSE,2026-04-05,official-closed,not-session,0,covered,current-only,official-no-data,current-only,unknown,partial,fundamental-coverage-limited-to-2026-06-and-2026Q1;market-status-current-only;no-dated-corporate-action-observation;official-holiday-schedule-listed;security-lifecycle-current-only
TPEX,2026-04-05,official-closed,not-session,0,covered,current-only,official-no-data,current-only,unknown,partial,fundamental-coverage-limited-to-2026-06-and-2026Q1;market-status-current-only;no-dated-corporate-action-observation;official-holiday-schedule-listed;security-lifecycle-current-only
TWSE,2026-04-06,official-closed,not-session,0,covered,current-only,official-no-data,current-only,unknown,partial,fundamental-coverage-limited-to-2026-06-and-2026Q1;market-status-current-only;no-dated-corporate-action-observation;official-holiday-schedule-listed;security-lifecycle-current-only
TPEX,2026-04-06,official-closed,not-session,0,covered,current-only,official-no-data,current-only,unknown,partial,fundamental-coverage-limited-to-2026-06-and-2026Q1;market-status-current-only;no-dated-corporate-action-observation;official-holiday-schedule-listed;security-lifecycle-current-only
TWSE,2026-04-07,official-open,partial,1347,covered,current-only,covered,current-only,unknown,partial,fundamental-coverage-limited-to-2026-06-and-2026Q1;market-status-current-only;no-dated-corporate-action-observation;official-closing-table-present;security-lifecycle-current-only
TPEX,2026-04-07,official-open,partial,999,covered,current-only,covered,current-only,unknown,partial,fundamental-coverage-limited-to-2026-06-and-2026Q1;market-status-current-only;no-dated-corporate-action-observation;official-closing-table-present;security-lifecycle-current-only
TWSE,2026-04-08,official-open,partial,1348,covered,current-only,covered,current-only,unknown,partial,fundamental-coverage-limited-to-2026-06-and-2026Q1;market-status-current-only;no-dated-corporate-action-observation;official-closing-table-present;security-lifecycle-current-only
TPEX,2026-04-08,official-open,partial,999,covered,current-only,covered,current-only,unknown,partial,fundamental-coverage-limited-to-2026-06-and-2026Q1;market-status-current-only;no-dated-corporate-action-observation;official-closing-table-present;security-lifecycle-current-only
TWSE,2026-04-09,official-open,partial,1349,covered,current-only,covered,current-only,unknown,partial,fundamental-coverage-limited-to-2026-06-and-2026Q1;market-status-current-only;no-dated-corporate-action-observation;official-closing-table-present;security-lifecycle-current-only
TPEX,2026-04-09,official-open,partial,998,covered,current-only,covered,current-only,unknown,partial,fundamental-coverage-limited-to-2026-06-and-2026Q1;market-status-current-only;no-dated-corporate-action-observation;official-closing-table-present;security-lifecycle-current-only
TWSE,2026-04-10,official-open,partial,1350,covered,current-only,covered,current-only,unknown,partial,fundamental-coverage-limited-to-2026-06-and-2026Q1;market-status-current-only;no-dated-corporate-action-observation;official-closing-table-present;security-lifecycle-current-only
TPEX,2026-04-10,official-open,partial,998,covered,current-only,covered,current-only,unknown,partial,fundamental-coverage-limited-to-2026-06-and-2026Q1;market-status-current-only;no-dated-corporate-action-observation;official-closing-table-present;security-lifecycle-current-only
TWSE,2026-04-11,official-closed,not-session,0,covered,current-only,official-no-data,current-only,unknown,partial,closure-corroborated-by-both-markets-absence;fundamental-coverage-limited-to-2026-06-and-2026Q1;market-status-current-only;no-dated-corporate-action-observation;security-lifecycle-current-only
TPEX,2026-04-11,official-closed,not-session,0,covered,current-only,official-no-data,current-only,unknown,partial,closure-corroborated-by-both-markets-absence;fundamental-coverage-limited-to-2026-06-and-2026Q1;market-status-current-only;no-dated-corporate-action-observation;security-lifecycle-current-only
TWSE,2026-04-12,official-closed,not-session,0,covered,current-only,official-no-data,current-only,unknown,partial,closure-corroborated-by-both-markets-absence;fundamental-coverage-limited-to-2026-06-and-2026Q1;market-status-current-only;no-dated-corporate-action-observation;security-lifecycle-current-only
TPEX,2026-04-12,official-closed,not-session,0,covered,current-only,official-no-data,current-only,unknown,partial,closure-corroborated-by-both-markets-absence;fundamental-coverage-limited-to-2026-06-and-2026Q1;market-status-current-only;no-dated-corporate-action-observation;security-lifecycle-current-only
TWSE,2026-04-13,official-open,partial,1350,covered,current-only,covered,current-only,unknown,partial,fundamental-coverage-limited-to-2026-06-and-2026Q1;market-status-current-only;no-dated-corporate-action-observation;official-closing-table-present;security-lifecycle-current-only
TPEX,2026-04-13,official-open,partial,1000,covered,current-only,covered,current-only,unknown,partial,fundamental-coverage-limited-to-2026-06-and-2026Q1;market-status-current-only;no-dated-corporate-action-observation;official-closing-table-present;security-lifecycle-current-only
TWSE,2026-04-14,official-open,partial,1351,covered,current-only,covered,current-only,unknown,partial,fundamental-coverage-limited-to-2026-06-and-2026Q1;market-status-current-only;no-dated-corporate-action-observation;official-closing-table-present;security-lifecycle-current-only
TPEX,2026-04-14,official-open,partial,999,covered,current-only,covered,current-only,unknown,partial,fundamental-coverage-limited-to-2026-06-and-2026Q1;market-status-current-only;no-dated-corporate-action-observation;official-closing-table-present;security-lifecycle-current-only
TWSE,2026-04-15,official-open,partial,1350,covered,current-only,covered,current-only,unknown,partial,fundamental-coverage-limited-to-2026-06-and-2026Q1;market-status-current-only;no-dated-corporate-action-observation;official-closing-table-present;security-lifecycle-current-only
TPEX,2026-04-15,official-open,partial,1001,covered,current-only,covered,current-only,unknown,partial,fundamental-coverage-limited-to-2026-06-and-2026Q1;market-status-current-only;no-dated-corporate-action-observation;official-closing-table-present;security-lifecycle-current-only
TWSE,2026-04-16,official-open,partial,1350,covered,current-only,covered,current-only,unknown,partial,fundamental-coverage-limited-to-2026-06-and-2026Q1;market-status-current-only;no-dated-corporate-action-observation;official-closing-table-present;security-lifecycle-current-only
TPEX,2026-04-16,official-open,partial,1001,covered,current-only,covered,current-only,unknown,partial,fundamental-coverage-limited-to-2026-06-and-2026Q1;market-status-current-only;no-dated-corporate-action-observation;official-closing-table-present;security-lifecycle-current-only
TWSE,2026-04-17,official-open,partial,1350,covered,current-only,covered,current-only,unknown,partial,fundamental-coverage-limited-to-2026-06-and-2026Q1;market-status-current-only;no-dated-corporate-action-observation;official-closing-table-present;security-lifecycle-current-only
TPEX,2026-04-17,official-open,partial,1001,covered,current-only,covered,current-only,unknown,partial,fundamental-coverage-limited-to-2026-06-and-2026Q1;market-status-current-only;no-dated-corporate-action-observation;official-closing-table-present;security-lifecycle-current-only
TWSE,2026-04-18,official-closed,not-session,0,covered,current-only,official-no-data,current-only,unknown,partial,closure-corroborated-by-both-markets-absence;fundamental-coverage-limited-to-2026-06-and-2026Q1;market-status-current-only;no-dated-corporate-action-observation;security-lifecycle-current-only
TPEX,2026-04-18,official-closed,not-session,0,covered,current-only,official-no-data,current-only,unknown,partial,closure-corroborated-by-both-markets-absence;fundamental-coverage-limited-to-2026-06-and-2026Q1;market-status-current-only;no-dated-corporate-action-observation;security-lifecycle-current-only
TWSE,2026-04-19,official-closed,not-session,0,covered,current-only,official-no-data,current-only,unknown,partial,closure-corroborated-by-both-markets-absence;fundamental-coverage-limited-to-2026-06-and-2026Q1;market-status-current-only;no-dated-corporate-action-observation;security-lifecycle-current-only
TPEX,2026-04-19,official-closed,not-session,0,covered,current-only,official-no-data,current-only,unknown,partial,closure-corroborated-by-both-markets-absence;fundamental-coverage-limited-to-2026-06-and-2026Q1;market-status-current-only;no-dated-corporate-action-observation;security-lifecycle-current-only
TWSE,2026-04-20,official-open,partial,1351,covered,current-only,covered,current-only,unknown,partial,fundamental-coverage-limited-to-2026-06-and-2026Q1;market-status-current-only;no-dated-corporate-action-observation;official-closing-table-present;security-lifecycle-current-only
TPEX,2026-04-20,official-open,partial,1003,covered,current-only,covered,current-only,unknown,partial,fundamental-coverage-limited-to-2026-06-and-2026Q1;market-status-current-only;no-dated-corporate-action-observation;official-closing-table-present;security-lifecycle-current-only
TWSE,2026-04-21,official-open,partial,1351,covered,current-only,covered,current-only,unknown,partial,fundamental-coverage-limited-to-2026-06-and-2026Q1;market-status-current-only;no-dated-corporate-action-observation;official-closing-table-present;security-lifecycle-current-only
TPEX,2026-04-21,official-open,partial,1003,covered,current-only,covered,current-only,unknown,partial,fundamental-coverage-limited-to-2026-06-and-2026Q1;market-status-current-only;no-dated-corporate-action-observation;official-closing-table-present;security-lifecycle-current-only
TWSE,2026-04-22,official-open,partial,1352,covered,current-only,covered,current-only,unknown,partial,fundamental-coverage-limited-to-2026-06-and-2026Q1;market-status-current-only;no-dated-corporate-action-observation;official-closing-table-present;security-lifecycle-current-only
TPEX,2026-04-22,official-open,partial,1004,covered,current-only,covered,current-only,unknown,partial,fundamental-coverage-limited-to-2026-06-and-2026Q1;market-status-current-only;no-dated-corporate-action-observation;official-closing-table-present;security-lifecycle-current-only
TWSE,2026-04-23,official-open,partial,1354,covered,current-only,covered,current-only,unknown,partial,fundamental-coverage-limited-to-2026-06-and-2026Q1;market-status-current-only;no-dated-corporate-action-observation;official-closing-table-present;security-lifecycle-current-only
TPEX,2026-04-23,official-open,partial,1004,covered,current-only,covered,current-only,unknown,partial,fundamental-coverage-limited-to-2026-06-and-2026Q1;market-status-current-only;no-dated-corporate-action-observation;official-closing-table-present;security-lifecycle-current-only
TWSE,2026-04-24,official-open,partial,1354,covered,current-only,covered,current-only,unknown,partial,fundamental-coverage-limited-to-2026-06-and-2026Q1;market-status-current-only;no-dated-corporate-action-observation;official-closing-table-present;security-lifecycle-current-only
TPEX,2026-04-24,official-open,partial,1004,covered,current-only,covered,current-only,unknown,partial,fundamental-coverage-limited-to-2026-06-and-2026Q1;market-status-current-only;no-dated-corporate-action-observation;official-closing-table-present;security-lifecycle-current-only
TWSE,2026-04-25,official-closed,not-session,0,covered,current-only,official-no-data,current-only,unknown,partial,closure-corroborated-by-both-markets-absence;fundamental-coverage-limited-to-2026-06-and-2026Q1;market-status-current-only;no-dated-corporate-action-observation;security-lifecycle-current-only
TPEX,2026-04-25,official-closed,not-session,0,covered,current-only,official-no-data,current-only,unknown,partial,closure-corroborated-by-both-markets-absence;fundamental-coverage-limited-to-2026-06-and-2026Q1;market-status-current-only;no-dated-corporate-action-observation;security-lifecycle-current-only
TWSE,2026-04-26,official-closed,not-session,0,covered,current-only,official-no-data,current-only,unknown,partial,closure-corroborated-by-both-markets-absence;fundamental-coverage-limited-to-2026-06-and-2026Q1;market-status-current-only;no-dated-corporate-action-observation;security-lifecycle-current-only
TPEX,2026-04-26,official-closed,not-session,0,covered,current-only,official-no-data,current-only,unknown,partial,closure-corroborated-by-both-markets-absence;fundamental-coverage-limited-to-2026-06-and-2026Q1;market-status-current-only;no-dated-corporate-action-observation;security-lifecycle-current-only
TWSE,2026-04-27,official-open,partial,1354,covered,current-only,covered,current-only,unknown,partial,fundamental-coverage-limited-to-2026-06-and-2026Q1;market-status-current-only;no-dated-corporate-action-observation;official-closing-table-present;security-lifecycle-current-only
TPEX,2026-04-27,official-open,partial,1005,covered,current-only,covered,current-only,unknown,partial,fundamental-coverage-limited-to-2026-06-and-2026Q1;market-status-current-only;no-dated-corporate-action-observation;official-closing-table-present;security-lifecycle-current-only
TWSE,2026-04-28,official-open,partial,1355,covered,current-only,covered,current-only,unknown,partial,fundamental-coverage-limited-to-2026-06-and-2026Q1;market-status-current-only;no-dated-corporate-action-observation;official-closing-table-present;security-lifecycle-current-only
TPEX,2026-04-28,official-open,partial,1005,covered,current-only,covered,current-only,unknown,partial,fundamental-coverage-limited-to-2026-06-and-2026Q1;market-status-current-only;no-dated-corporate-action-observation;official-closing-table-present;security-lifecycle-current-only
TWSE,2026-04-29,official-open,partial,1354,covered,current-only,covered,current-only,unknown,partial,fundamental-coverage-limited-to-2026-06-and-2026Q1;market-status-current-only;no-dated-corporate-action-observation;official-closing-table-present;security-lifecycle-current-only
TPEX,2026-04-29,official-open,partial,1005,covered,current-only,covered,current-only,unknown,partial,fundamental-coverage-limited-to-2026-06-and-2026Q1;market-status-current-only;no-dated-corporate-action-observation;official-closing-table-present;security-lifecycle-current-only
TWSE,2026-04-30,official-open,partial,1355,covered,current-only,covered,current-only,unknown,partial,fundamental-coverage-limited-to-2026-06-and-2026Q1;market-status-current-only;no-dated-corporate-action-observation;official-closing-table-present;security-lifecycle-current-only
TPEX,2026-04-30,official-open,partial,1005,covered,current-only,covered,current-only,unknown,partial,fundamental-coverage-limited-to-2026-06-and-2026Q1;market-status-current-only;no-dated-corporate-action-observation;official-closing-table-present;security-lifecycle-current-only
TWSE,2026-05-01,official-closed,not-session,0,covered,current-only,official-no-data,current-only,unknown,partial,fundamental-coverage-limited-to-2026-06-and-2026Q1;market-status-current-only;no-dated-corporate-action-observation;official-holiday-schedule-listed;security-lifecycle-current-only
TPEX,2026-05-01,official-closed,not-session,0,covered,current-only,official-no-data,current-only,unknown,partial,fundamental-coverage-limited-to-2026-06-and-2026Q1;market-status-current-only;no-dated-corporate-action-observation;official-holiday-schedule-listed;security-lifecycle-current-only
TWSE,2026-05-02,official-closed,not-session,0,covered,current-only,official-no-data,current-only,unknown,partial,closure-corroborated-by-both-markets-absence;fundamental-coverage-limited-to-2026-06-and-2026Q1;market-status-current-only;no-dated-corporate-action-observation;security-lifecycle-current-only
TPEX,2026-05-02,official-closed,not-session,0,covered,current-only,official-no-data,current-only,unknown,partial,closure-corroborated-by-both-markets-absence;fundamental-coverage-limited-to-2026-06-and-2026Q1;market-status-current-only;no-dated-corporate-action-observation;security-lifecycle-current-only
TWSE,2026-05-03,official-closed,not-session,0,covered,current-only,official-no-data,current-only,unknown,partial,closure-corroborated-by-both-markets-absence;fundamental-coverage-limited-to-2026-06-and-2026Q1;market-status-current-only;no-dated-corporate-action-observation;security-lifecycle-current-only
TPEX,2026-05-03,official-closed,not-session,0,covered,current-only,official-no-data,current-only,unknown,partial,closure-corroborated-by-both-markets-absence;fundamental-coverage-limited-to-2026-06-and-2026Q1;market-status-current-only;no-dated-corporate-action-observation;security-lifecycle-current-only
TWSE,2026-05-04,official-open,partial,1355,covered,current-only,covered,current-only,unknown,partial,fundamental-coverage-limited-to-2026-06-and-2026Q1;market-status-current-only;no-dated-corporate-action-observation;official-closing-table-present;security-lifecycle-current-only
TPEX,2026-05-04,official-open,partial,1005,covered,current-only,covered,current-only,unknown,partial,fundamental-coverage-limited-to-2026-06-and-2026Q1;market-status-current-only;no-dated-corporate-action-observation;official-closing-table-present;security-lifecycle-current-only
TWSE,2026-05-05,official-open,partial,1356,covered,current-only,covered,current-only,unknown,partial,fundamental-coverage-limited-to-2026-06-and-2026Q1;market-status-current-only;no-dated-corporate-action-observation;official-closing-table-present;security-lifecycle-current-only
TPEX,2026-05-05,official-open,partial,1005,covered,current-only,covered,current-only,unknown,partial,fundamental-coverage-limited-to-2026-06-and-2026Q1;market-status-current-only;no-dated-corporate-action-observation;official-closing-table-present;security-lifecycle-current-only
TWSE,2026-05-06,official-open,partial,1356,covered,current-only,covered,current-only,unknown,partial,fundamental-coverage-limited-to-2026-06-and-2026Q1;market-status-current-only;no-dated-corporate-action-observation;official-closing-table-present;security-lifecycle-current-only
TPEX,2026-05-06,official-open,partial,1006,covered,current-only,covered,current-only,unknown,partial,fundamental-coverage-limited-to-2026-06-and-2026Q1;market-status-current-only;no-dated-corporate-action-observation;official-closing-table-present;security-lifecycle-current-only
TWSE,2026-05-07,official-open,partial,1357,covered,current-only,covered,current-only,unknown,partial,fundamental-coverage-limited-to-2026-06-and-2026Q1;market-status-current-only;no-dated-corporate-action-observation;official-closing-table-present;security-lifecycle-current-only
TPEX,2026-05-07,official-open,partial,1005,covered,current-only,covered,current-only,unknown,partial,fundamental-coverage-limited-to-2026-06-and-2026Q1;market-status-current-only;no-dated-corporate-action-observation;official-closing-table-present;security-lifecycle-current-only
TWSE,2026-05-08,official-open,partial,1357,covered,current-only,covered,current-only,unknown,partial,fundamental-coverage-limited-to-2026-06-and-2026Q1;market-status-current-only;no-dated-corporate-action-observation;official-closing-table-present;security-lifecycle-current-only
TPEX,2026-05-08,official-open,partial,1006,covered,current-only,covered,current-only,unknown,partial,fundamental-coverage-limited-to-2026-06-and-2026Q1;market-status-current-only;no-dated-corporate-action-observation;official-closing-table-present;security-lifecycle-current-only
TWSE,2026-05-09,official-closed,not-session,0,covered,current-only,official-no-data,current-only,unknown,partial,closure-corroborated-by-both-markets-absence;fundamental-coverage-limited-to-2026-06-and-2026Q1;market-status-current-only;no-dated-corporate-action-observation;security-lifecycle-current-only
TPEX,2026-05-09,official-closed,not-session,0,covered,current-only,official-no-data,current-only,unknown,partial,closure-corroborated-by-both-markets-absence;fundamental-coverage-limited-to-2026-06-and-2026Q1;market-status-current-only;no-dated-corporate-action-observation;security-lifecycle-current-only
TWSE,2026-05-10,official-closed,not-session,0,covered,current-only,official-no-data,current-only,unknown,partial,closure-corroborated-by-both-markets-absence;fundamental-coverage-limited-to-2026-06-and-2026Q1;market-status-current-only;no-dated-corporate-action-observation;security-lifecycle-current-only
TPEX,2026-05-10,official-closed,not-session,0,covered,current-only,official-no-data,current-only,unknown,partial,closure-corroborated-by-both-markets-absence;fundamental-coverage-limited-to-2026-06-and-2026Q1;market-status-current-only;no-dated-corporate-action-observation;security-lifecycle-current-only
TWSE,2026-05-11,official-open,partial,1358,covered,current-only,covered,current-only,unknown,partial,fundamental-coverage-limited-to-2026-06-and-2026Q1;market-status-current-only;no-dated-corporate-action-observation;official-closing-table-present;security-lifecycle-current-only
TPEX,2026-05-11,official-open,partial,1007,covered,current-only,covered,current-only,unknown,partial,fundamental-coverage-limited-to-2026-06-and-2026Q1;market-status-current-only;no-dated-corporate-action-observation;official-closing-table-present;security-lifecycle-current-only
TWSE,2026-05-12,official-open,partial,1359,covered,current-only,covered,current-only,unknown,partial,fundamental-coverage-limited-to-2026-06-and-2026Q1;market-status-current-only;no-dated-corporate-action-observation;official-closing-table-present;security-lifecycle-current-only
TPEX,2026-05-12,official-open,partial,1007,covered,current-only,covered,current-only,unknown,partial,fundamental-coverage-limited-to-2026-06-and-2026Q1;market-status-current-only;no-dated-corporate-action-observation;official-closing-table-present;security-lifecycle-current-only
TWSE,2026-05-13,official-open,partial,1359,covered,current-only,covered,current-only,unknown,partial,fundamental-coverage-limited-to-2026-06-and-2026Q1;market-status-current-only;no-dated-corporate-action-observation;official-closing-table-present;security-lifecycle-current-only
TPEX,2026-05-13,official-open,partial,1007,covered,current-only,covered,current-only,unknown,partial,fundamental-coverage-limited-to-2026-06-and-2026Q1;market-status-current-only;no-dated-corporate-action-observation;official-closing-table-present;security-lifecycle-current-only
TWSE,2026-05-14,official-open,partial,1359,covered,current-only,covered,current-only,unknown,partial,fundamental-coverage-limited-to-2026-06-and-2026Q1;market-status-current-only;no-dated-corporate-action-observation;official-closing-table-present;security-lifecycle-current-only
TPEX,2026-05-14,official-open,partial,1007,covered,current-only,covered,current-only,unknown,partial,fundamental-coverage-limited-to-2026-06-and-2026Q1;market-status-current-only;no-dated-corporate-action-observation;official-closing-table-present;security-lifecycle-current-only
TWSE,2026-05-15,official-open,partial,1359,covered,current-only,covered,current-only,unknown,partial,fundamental-coverage-limited-to-2026-06-and-2026Q1;market-status-current-only;no-dated-corporate-action-observation;official-closing-table-present;security-lifecycle-current-only
TPEX,2026-05-15,official-open,partial,1007,covered,current-only,covered,current-only,unknown,partial,fundamental-coverage-limited-to-2026-06-and-2026Q1;market-status-current-only;no-dated-corporate-action-observation;official-closing-table-present;security-lifecycle-current-only
TWSE,2026-05-16,official-closed,not-session,0,covered,current-only,official-no-data,current-only,unknown,partial,closure-corroborated-by-both-markets-absence;fundamental-coverage-limited-to-2026-06-and-2026Q1;market-status-current-only;no-dated-corporate-action-observation;security-lifecycle-current-only
TPEX,2026-05-16,official-closed,not-session,0,covered,current-only,official-no-data,current-only,unknown,partial,closure-corroborated-by-both-markets-absence;fundamental-coverage-limited-to-2026-06-and-2026Q1;market-status-current-only;no-dated-corporate-action-observation;security-lifecycle-current-only
TWSE,2026-05-17,official-closed,not-session,0,covered,current-only,official-no-data,current-only,unknown,partial,closure-corroborated-by-both-markets-absence;fundamental-coverage-limited-to-2026-06-and-2026Q1;market-status-current-only;no-dated-corporate-action-observation;security-lifecycle-current-only
TPEX,2026-05-17,official-closed,not-session,0,covered,current-only,official-no-data,current-only,unknown,partial,closure-corroborated-by-both-markets-absence;fundamental-coverage-limited-to-2026-06-and-2026Q1;market-status-current-only;no-dated-corporate-action-observation;security-lifecycle-current-only
TWSE,2026-05-18,official-open,partial,1360,covered,current-only,covered,current-only,unknown,partial,fundamental-coverage-limited-to-2026-06-and-2026Q1;market-status-current-only;no-dated-corporate-action-observation;official-closing-table-present;security-lifecycle-current-only
TPEX,2026-05-18,official-open,partial,1007,covered,current-only,covered,current-only,unknown,partial,fundamental-coverage-limited-to-2026-06-and-2026Q1;market-status-current-only;no-dated-corporate-action-observation;official-closing-table-present;security-lifecycle-current-only
TWSE,2026-05-19,official-open,partial,1360,covered,current-only,covered,current-only,unknown,partial,fundamental-coverage-limited-to-2026-06-and-2026Q1;market-status-current-only;no-dated-corporate-action-observation;official-closing-table-present;security-lifecycle-current-only
TPEX,2026-05-19,official-open,partial,1007,covered,current-only,covered,current-only,unknown,partial,fundamental-coverage-limited-to-2026-06-and-2026Q1;market-status-current-only;no-dated-corporate-action-observation;official-closing-table-present;security-lifecycle-current-only
TWSE,2026-05-20,official-open,partial,1361,covered,current-only,covered,current-only,unknown,partial,fundamental-coverage-limited-to-2026-06-and-2026Q1;market-status-current-only;no-dated-corporate-action-observation;official-closing-table-present;security-lifecycle-current-only
TPEX,2026-05-20,official-open,partial,1007,covered,current-only,covered,current-only,unknown,partial,fundamental-coverage-limited-to-2026-06-and-2026Q1;market-status-current-only;no-dated-corporate-action-observation;official-closing-table-present;security-lifecycle-current-only
TWSE,2026-05-21,official-open,partial,1361,covered,current-only,covered,current-only,unknown,partial,fundamental-coverage-limited-to-2026-06-and-2026Q1;market-status-current-only;no-dated-corporate-action-observation;official-closing-table-present;security-lifecycle-current-only
TPEX,2026-05-21,official-open,partial,1006,covered,current-only,covered,current-only,unknown,partial,fundamental-coverage-limited-to-2026-06-and-2026Q1;market-status-current-only;no-dated-corporate-action-observation;official-closing-table-present;security-lifecycle-current-only
TWSE,2026-05-22,official-open,partial,1362,covered,current-only,covered,current-only,unknown,partial,fundamental-coverage-limited-to-2026-06-and-2026Q1;market-status-current-only;no-dated-corporate-action-observation;official-closing-table-present;security-lifecycle-current-only
TPEX,2026-05-22,official-open,partial,1006,covered,current-only,covered,current-only,unknown,partial,fundamental-coverage-limited-to-2026-06-and-2026Q1;market-status-current-only;no-dated-corporate-action-observation;official-closing-table-present;security-lifecycle-current-only
TWSE,2026-05-23,official-closed,not-session,0,covered,current-only,official-no-data,current-only,unknown,partial,closure-corroborated-by-both-markets-absence;fundamental-coverage-limited-to-2026-06-and-2026Q1;market-status-current-only;no-dated-corporate-action-observation;security-lifecycle-current-only
TPEX,2026-05-23,official-closed,not-session,0,covered,current-only,official-no-data,current-only,unknown,partial,closure-corroborated-by-both-markets-absence;fundamental-coverage-limited-to-2026-06-and-2026Q1;market-status-current-only;no-dated-corporate-action-observation;security-lifecycle-current-only
TWSE,2026-05-24,official-closed,not-session,0,covered,current-only,official-no-data,current-only,unknown,partial,closure-corroborated-by-both-markets-absence;fundamental-coverage-limited-to-2026-06-and-2026Q1;market-status-current-only;no-dated-corporate-action-observation;security-lifecycle-current-only
TPEX,2026-05-24,official-closed,not-session,0,covered,current-only,official-no-data,current-only,unknown,partial,closure-corroborated-by-both-markets-absence;fundamental-coverage-limited-to-2026-06-and-2026Q1;market-status-current-only;no-dated-corporate-action-observation;security-lifecycle-current-only
TWSE,2026-05-25,official-open,partial,1362,covered,current-only,covered,current-only,unknown,partial,fundamental-coverage-limited-to-2026-06-and-2026Q1;market-status-current-only;no-dated-corporate-action-observation;official-closing-table-present;security-lifecycle-current-only
TPEX,2026-05-25,official-open,partial,1007,covered,current-only,covered,current-only,unknown,partial,fundamental-coverage-limited-to-2026-06-and-2026Q1;market-status-current-only;no-dated-corporate-action-observation;official-closing-table-present;security-lifecycle-current-only
TWSE,2026-05-26,official-open,partial,1361,covered,current-only,covered,current-only,unknown,partial,fundamental-coverage-limited-to-2026-06-and-2026Q1;market-status-current-only;no-dated-corporate-action-observation;official-closing-table-present;security-lifecycle-current-only
TPEX,2026-05-26,official-open,partial,1007,covered,current-only,covered,current-only,unknown,partial,fundamental-coverage-limited-to-2026-06-and-2026Q1;market-status-current-only;no-dated-corporate-action-observation;official-closing-table-present;security-lifecycle-current-only
TWSE,2026-05-27,official-open,partial,1361,covered,current-only,covered,current-only,unknown,partial,fundamental-coverage-limited-to-2026-06-and-2026Q1;market-status-current-only;no-dated-corporate-action-observation;official-closing-table-present;security-lifecycle-current-only
TPEX,2026-05-27,official-open,partial,1008,covered,current-only,covered,current-only,unknown,partial,fundamental-coverage-limited-to-2026-06-and-2026Q1;market-status-current-only;no-dated-corporate-action-observation;official-closing-table-present;security-lifecycle-current-only
TWSE,2026-05-28,official-open,partial,1361,covered,current-only,covered,current-only,unknown,partial,fundamental-coverage-limited-to-2026-06-and-2026Q1;market-status-current-only;no-dated-corporate-action-observation;official-closing-table-present;security-lifecycle-current-only
TPEX,2026-05-28,official-open,partial,1008,covered,current-only,covered,current-only,unknown,partial,fundamental-coverage-limited-to-2026-06-and-2026Q1;market-status-current-only;no-dated-corporate-action-observation;official-closing-table-present;security-lifecycle-current-only
TWSE,2026-05-29,official-open,partial,1362,covered,current-only,covered,current-only,unknown,partial,fundamental-coverage-limited-to-2026-06-and-2026Q1;market-status-current-only;no-dated-corporate-action-observation;official-closing-table-present;security-lifecycle-current-only
TPEX,2026-05-29,official-open,partial,1008,covered,current-only,covered,current-only,unknown,partial,fundamental-coverage-limited-to-2026-06-and-2026Q1;market-status-current-only;no-dated-corporate-action-observation;official-closing-table-present;security-lifecycle-current-only
TWSE,2026-05-30,official-closed,not-session,0,covered,current-only,official-no-data,current-only,unknown,partial,closure-corroborated-by-both-markets-absence;fundamental-coverage-limited-to-2026-06-and-2026Q1;market-status-current-only;no-dated-corporate-action-observation;security-lifecycle-current-only
TPEX,2026-05-30,official-closed,not-session,0,covered,current-only,official-no-data,current-only,unknown,partial,closure-corroborated-by-both-markets-absence;fundamental-coverage-limited-to-2026-06-and-2026Q1;market-status-current-only;no-dated-corporate-action-observation;security-lifecycle-current-only
TWSE,2026-05-31,official-closed,not-session,0,covered,current-only,official-no-data,current-only,unknown,partial,closure-corroborated-by-both-markets-absence;fundamental-coverage-limited-to-2026-06-and-2026Q1;market-status-current-only;no-dated-corporate-action-observation;security-lifecycle-current-only
TPEX,2026-05-31,official-closed,not-session,0,covered,current-only,official-no-data,current-only,unknown,partial,closure-corroborated-by-both-markets-absence;fundamental-coverage-limited-to-2026-06-and-2026Q1;market-status-current-only;no-dated-corporate-action-observation;security-lifecycle-current-only
TWSE,2026-06-01,official-open,partial,1362,covered,current-only,covered,current-only,unknown,partial,fundamental-coverage-limited-to-2026-06-and-2026Q1;market-status-current-only;no-dated-corporate-action-observation;official-closing-table-present;security-lifecycle-current-only
TPEX,2026-06-01,official-open,partial,1008,covered,current-only,covered,current-only,unknown,partial,fundamental-coverage-limited-to-2026-06-and-2026Q1;market-status-current-only;no-dated-corporate-action-observation;official-closing-table-present;security-lifecycle-current-only
TWSE,2026-06-02,official-open,partial,1362,covered,current-only,covered,current-only,unknown,partial,fundamental-coverage-limited-to-2026-06-and-2026Q1;market-status-current-only;no-dated-corporate-action-observation;official-closing-table-present;security-lifecycle-current-only
TPEX,2026-06-02,official-open,partial,1007,covered,current-only,covered,current-only,unknown,partial,fundamental-coverage-limited-to-2026-06-and-2026Q1;market-status-current-only;no-dated-corporate-action-observation;official-closing-table-present;security-lifecycle-current-only
TWSE,2026-06-03,official-open,partial,1362,covered,current-only,covered,current-only,unknown,partial,fundamental-coverage-limited-to-2026-06-and-2026Q1;market-status-current-only;no-dated-corporate-action-observation;official-closing-table-present;security-lifecycle-current-only
TPEX,2026-06-03,official-open,partial,1008,covered,current-only,covered,current-only,unknown,partial,fundamental-coverage-limited-to-2026-06-and-2026Q1;market-status-current-only;no-dated-corporate-action-observation;official-closing-table-present;security-lifecycle-current-only
TWSE,2026-06-04,official-open,partial,1362,covered,current-only,covered,current-only,unknown,partial,fundamental-coverage-limited-to-2026-06-and-2026Q1;market-status-current-only;no-dated-corporate-action-observation;official-closing-table-present;security-lifecycle-current-only
TPEX,2026-06-04,official-open,partial,1008,covered,current-only,covered,current-only,unknown,partial,fundamental-coverage-limited-to-2026-06-and-2026Q1;market-status-current-only;no-dated-corporate-action-observation;official-closing-table-present;security-lifecycle-current-only
TWSE,2026-06-05,official-open,partial,1362,covered,current-only,covered,current-only,unknown,partial,fundamental-coverage-limited-to-2026-06-and-2026Q1;market-status-current-only;no-dated-corporate-action-observation;official-closing-table-present;security-lifecycle-current-only
TPEX,2026-06-05,official-open,partial,1009,covered,current-only,covered,current-only,unknown,partial,fundamental-coverage-limited-to-2026-06-and-2026Q1;market-status-current-only;no-dated-corporate-action-observation;official-closing-table-present;security-lifecycle-current-only
TWSE,2026-06-06,official-closed,not-session,0,covered,current-only,official-no-data,current-only,unknown,partial,closure-corroborated-by-both-markets-absence;fundamental-coverage-limited-to-2026-06-and-2026Q1;market-status-current-only;no-dated-corporate-action-observation;security-lifecycle-current-only
TPEX,2026-06-06,official-closed,not-session,0,covered,current-only,official-no-data,current-only,unknown,partial,closure-corroborated-by-both-markets-absence;fundamental-coverage-limited-to-2026-06-and-2026Q1;market-status-current-only;no-dated-corporate-action-observation;security-lifecycle-current-only
TWSE,2026-06-07,official-closed,not-session,0,covered,current-only,official-no-data,current-only,unknown,partial,closure-corroborated-by-both-markets-absence;fundamental-coverage-limited-to-2026-06-and-2026Q1;market-status-current-only;no-dated-corporate-action-observation;security-lifecycle-current-only
TPEX,2026-06-07,official-closed,not-session,0,covered,current-only,official-no-data,current-only,unknown,partial,closure-corroborated-by-both-markets-absence;fundamental-coverage-limited-to-2026-06-and-2026Q1;market-status-current-only;no-dated-corporate-action-observation;security-lifecycle-current-only
TWSE,2026-06-08,official-open,partial,1362,covered,current-only,covered,current-only,unknown,partial,fundamental-coverage-limited-to-2026-06-and-2026Q1;market-status-current-only;no-dated-corporate-action-observation;official-closing-table-present;security-lifecycle-current-only
TPEX,2026-06-08,official-open,partial,1009,covered,current-only,covered,current-only,unknown,partial,fundamental-coverage-limited-to-2026-06-and-2026Q1;market-status-current-only;no-dated-corporate-action-observation;official-closing-table-present;security-lifecycle-current-only
TWSE,2026-06-09,official-open,partial,1365,covered,current-only,covered,current-only,unknown,partial,fundamental-coverage-limited-to-2026-06-and-2026Q1;market-status-current-only;no-dated-corporate-action-observation;official-closing-table-present;security-lifecycle-current-only
TPEX,2026-06-09,official-open,partial,1009,covered,current-only,covered,current-only,unknown,partial,fundamental-coverage-limited-to-2026-06-and-2026Q1;market-status-current-only;no-dated-corporate-action-observation;official-closing-table-present;security-lifecycle-current-only
TWSE,2026-06-10,official-open,partial,1365,covered,current-only,covered,current-only,unknown,partial,fundamental-coverage-limited-to-2026-06-and-2026Q1;market-status-current-only;no-dated-corporate-action-observation;official-closing-table-present;security-lifecycle-current-only
TPEX,2026-06-10,official-open,partial,1009,covered,current-only,covered,current-only,unknown,partial,fundamental-coverage-limited-to-2026-06-and-2026Q1;market-status-current-only;no-dated-corporate-action-observation;official-closing-table-present;security-lifecycle-current-only
TWSE,2026-06-11,official-open,partial,1366,covered,current-only,covered,current-only,unknown,partial,fundamental-coverage-limited-to-2026-06-and-2026Q1;market-status-current-only;no-dated-corporate-action-observation;official-closing-table-present;security-lifecycle-current-only
TPEX,2026-06-11,official-open,partial,1008,covered,current-only,covered,current-only,unknown,partial,fundamental-coverage-limited-to-2026-06-and-2026Q1;market-status-current-only;no-dated-corporate-action-observation;official-closing-table-present;security-lifecycle-current-only
TWSE,2026-06-12,official-open,partial,1366,covered,current-only,covered,current-only,unknown,partial,fundamental-coverage-limited-to-2026-06-and-2026Q1;market-status-current-only;no-dated-corporate-action-observation;official-closing-table-present;security-lifecycle-current-only
TPEX,2026-06-12,official-open,partial,1008,covered,current-only,covered,current-only,unknown,partial,fundamental-coverage-limited-to-2026-06-and-2026Q1;market-status-current-only;no-dated-corporate-action-observation;official-closing-table-present;security-lifecycle-current-only
TWSE,2026-06-13,official-closed,not-session,0,covered,current-only,official-no-data,current-only,unknown,partial,closure-corroborated-by-both-markets-absence;fundamental-coverage-limited-to-2026-06-and-2026Q1;market-status-current-only;no-dated-corporate-action-observation;security-lifecycle-current-only
TPEX,2026-06-13,official-closed,not-session,0,covered,current-only,official-no-data,current-only,unknown,partial,closure-corroborated-by-both-markets-absence;fundamental-coverage-limited-to-2026-06-and-2026Q1;market-status-current-only;no-dated-corporate-action-observation;security-lifecycle-current-only
TWSE,2026-06-14,official-closed,not-session,0,covered,current-only,official-no-data,current-only,unknown,partial,closure-corroborated-by-both-markets-absence;fundamental-coverage-limited-to-2026-06-and-2026Q1;market-status-current-only;no-dated-corporate-action-observation;security-lifecycle-current-only
TPEX,2026-06-14,official-closed,not-session,0,covered,current-only,official-no-data,current-only,unknown,partial,closure-corroborated-by-both-markets-absence;fundamental-coverage-limited-to-2026-06-and-2026Q1;market-status-current-only;no-dated-corporate-action-observation;security-lifecycle-current-only
TWSE,2026-06-15,official-open,partial,1366,covered,current-only,covered,current-only,unknown,partial,fundamental-coverage-limited-to-2026-06-and-2026Q1;market-status-current-only;no-dated-corporate-action-observation;official-closing-table-present;security-lifecycle-current-only
TPEX,2026-06-15,official-open,partial,1009,covered,current-only,covered,current-only,unknown,partial,fundamental-coverage-limited-to-2026-06-and-2026Q1;market-status-current-only;no-dated-corporate-action-observation;official-closing-table-present;security-lifecycle-current-only
TWSE,2026-06-16,official-open,partial,1366,covered,current-only,covered,current-only,unknown,partial,fundamental-coverage-limited-to-2026-06-and-2026Q1;market-status-current-only;no-dated-corporate-action-observation;official-closing-table-present;security-lifecycle-current-only
TPEX,2026-06-16,official-open,partial,1009,covered,current-only,covered,current-only,unknown,partial,fundamental-coverage-limited-to-2026-06-and-2026Q1;market-status-current-only;no-dated-corporate-action-observation;official-closing-table-present;security-lifecycle-current-only
TWSE,2026-06-17,official-open,partial,1366,covered,current-only,covered,current-only,unknown,partial,fundamental-coverage-limited-to-2026-06-and-2026Q1;market-status-current-only;no-dated-corporate-action-observation;official-closing-table-present;security-lifecycle-current-only
TPEX,2026-06-17,official-open,partial,1010,covered,current-only,covered,current-only,unknown,partial,fundamental-coverage-limited-to-2026-06-and-2026Q1;market-status-current-only;no-dated-corporate-action-observation;official-closing-table-present;security-lifecycle-current-only
TWSE,2026-06-18,official-open,partial,1367,covered,current-only,covered,current-only,unknown,partial,fundamental-coverage-limited-to-2026-06-and-2026Q1;market-status-current-only;no-dated-corporate-action-observation;official-closing-table-present;security-lifecycle-current-only
TPEX,2026-06-18,official-open,partial,1010,covered,current-only,covered,current-only,unknown,partial,fundamental-coverage-limited-to-2026-06-and-2026Q1;market-status-current-only;no-dated-corporate-action-observation;official-closing-table-present;security-lifecycle-current-only
TWSE,2026-06-19,official-closed,not-session,0,covered,current-only,official-no-data,current-only,unknown,partial,fundamental-coverage-limited-to-2026-06-and-2026Q1;market-status-current-only;no-dated-corporate-action-observation;official-holiday-schedule-listed;security-lifecycle-current-only
TPEX,2026-06-19,official-closed,not-session,0,covered,current-only,official-no-data,current-only,unknown,partial,fundamental-coverage-limited-to-2026-06-and-2026Q1;market-status-current-only;no-dated-corporate-action-observation;official-holiday-schedule-listed;security-lifecycle-current-only
TWSE,2026-06-20,official-closed,not-session,0,covered,current-only,official-no-data,current-only,unknown,partial,closure-corroborated-by-both-markets-absence;fundamental-coverage-limited-to-2026-06-and-2026Q1;market-status-current-only;no-dated-corporate-action-observation;security-lifecycle-current-only
TPEX,2026-06-20,official-closed,not-session,0,covered,current-only,official-no-data,current-only,unknown,partial,closure-corroborated-by-both-markets-absence;fundamental-coverage-limited-to-2026-06-and-2026Q1;market-status-current-only;no-dated-corporate-action-observation;security-lifecycle-current-only
TWSE,2026-06-21,official-closed,not-session,0,covered,current-only,official-no-data,current-only,unknown,partial,closure-corroborated-by-both-markets-absence;fundamental-coverage-limited-to-2026-06-and-2026Q1;market-status-current-only;no-dated-corporate-action-observation;security-lifecycle-current-only
TPEX,2026-06-21,official-closed,not-session,0,covered,current-only,official-no-data,current-only,unknown,partial,closure-corroborated-by-both-markets-absence;fundamental-coverage-limited-to-2026-06-and-2026Q1;market-status-current-only;no-dated-corporate-action-observation;security-lifecycle-current-only
TWSE,2026-06-22,official-open,partial,1367,covered,current-only,covered,current-only,unknown,partial,fundamental-coverage-limited-to-2026-06-and-2026Q1;market-status-current-only;no-dated-corporate-action-observation;official-closing-table-present;security-lifecycle-current-only
TPEX,2026-06-22,official-open,partial,1010,covered,current-only,covered,current-only,unknown,partial,fundamental-coverage-limited-to-2026-06-and-2026Q1;market-status-current-only;no-dated-corporate-action-observation;official-closing-table-present;security-lifecycle-current-only
TWSE,2026-06-23,official-open,partial,1366,covered,current-only,covered,current-only,unknown,partial,fundamental-coverage-limited-to-2026-06-and-2026Q1;market-status-current-only;no-dated-corporate-action-observation;official-closing-table-present;security-lifecycle-current-only
TPEX,2026-06-23,official-open,partial,1009,covered,current-only,covered,current-only,unknown,partial,fundamental-coverage-limited-to-2026-06-and-2026Q1;market-status-current-only;no-dated-corporate-action-observation;official-closing-table-present;security-lifecycle-current-only
TWSE,2026-06-24,official-open,partial,1367,covered,current-only,covered,current-only,unknown,partial,fundamental-coverage-limited-to-2026-06-and-2026Q1;market-status-current-only;no-dated-corporate-action-observation;official-closing-table-present;security-lifecycle-current-only
TPEX,2026-06-24,official-open,partial,1009,covered,current-only,covered,current-only,unknown,partial,fundamental-coverage-limited-to-2026-06-and-2026Q1;market-status-current-only;no-dated-corporate-action-observation;official-closing-table-present;security-lifecycle-current-only
TWSE,2026-06-25,official-open,partial,1368,covered,current-only,covered,current-only,unknown,partial,fundamental-coverage-limited-to-2026-06-and-2026Q1;market-status-current-only;no-dated-corporate-action-observation;official-closing-table-present;security-lifecycle-current-only
TPEX,2026-06-25,official-open,partial,1010,covered,current-only,covered,current-only,unknown,partial,fundamental-coverage-limited-to-2026-06-and-2026Q1;market-status-current-only;no-dated-corporate-action-observation;official-closing-table-present;security-lifecycle-current-only
TWSE,2026-06-26,official-open,partial,1368,covered,current-only,covered,current-only,unknown,partial,fundamental-coverage-limited-to-2026-06-and-2026Q1;market-status-current-only;no-dated-corporate-action-observation;official-closing-table-present;security-lifecycle-current-only
TPEX,2026-06-26,official-open,partial,1011,covered,current-only,covered,current-only,unknown,partial,fundamental-coverage-limited-to-2026-06-and-2026Q1;market-status-current-only;no-dated-corporate-action-observation;official-closing-table-present;security-lifecycle-current-only
TWSE,2026-06-27,official-closed,not-session,0,covered,current-only,official-no-data,current-only,unknown,partial,closure-corroborated-by-both-markets-absence;fundamental-coverage-limited-to-2026-06-and-2026Q1;market-status-current-only;no-dated-corporate-action-observation;security-lifecycle-current-only
TPEX,2026-06-27,official-closed,not-session,0,covered,current-only,official-no-data,current-only,unknown,partial,closure-corroborated-by-both-markets-absence;fundamental-coverage-limited-to-2026-06-and-2026Q1;market-status-current-only;no-dated-corporate-action-observation;security-lifecycle-current-only
TWSE,2026-06-28,official-closed,not-session,0,covered,current-only,official-no-data,current-only,unknown,partial,closure-corroborated-by-both-markets-absence;fundamental-coverage-limited-to-2026-06-and-2026Q1;market-status-current-only;no-dated-corporate-action-observation;security-lifecycle-current-only
TPEX,2026-06-28,official-closed,not-session,0,covered,current-only,official-no-data,current-only,unknown,partial,closure-corroborated-by-both-markets-absence;fundamental-coverage-limited-to-2026-06-and-2026Q1;market-status-current-only;no-dated-corporate-action-observation;security-lifecycle-current-only
TWSE,2026-06-29,official-open,partial,1369,covered,current-only,covered,current-only,unknown,partial,fundamental-coverage-limited-to-2026-06-and-2026Q1;market-status-current-only;no-dated-corporate-action-observation;official-closing-table-present;security-lifecycle-current-only
TPEX,2026-06-29,official-open,partial,1011,covered,current-only,covered,current-only,unknown,partial,fundamental-coverage-limited-to-2026-06-and-2026Q1;market-status-current-only;no-dated-corporate-action-observation;official-closing-table-present;security-lifecycle-current-only
TWSE,2026-06-30,official-open,partial,1369,covered,current-only,covered,current-only,unknown,partial,fundamental-coverage-limited-to-2026-06-and-2026Q1;market-status-current-only;no-dated-corporate-action-observation;official-closing-table-present;security-lifecycle-current-only
TPEX,2026-06-30,official-open,partial,1012,covered,current-only,covered,current-only,unknown,partial,fundamental-coverage-limited-to-2026-06-and-2026Q1;market-status-current-only;no-dated-corporate-action-observation;official-closing-table-present;security-lifecycle-current-only
TWSE,2026-07-01,official-open,partial,1368,covered,current-only,covered,current-only,unknown,partial,fundamental-coverage-limited-to-2026-06-and-2026Q1;market-status-current-only;no-dated-corporate-action-observation;official-closing-table-present;security-lifecycle-current-only
TPEX,2026-07-01,official-open,partial,1012,covered,current-only,covered,current-only,unknown,partial,fundamental-coverage-limited-to-2026-06-and-2026Q1;market-status-current-only;no-dated-corporate-action-observation;official-closing-table-present;security-lifecycle-current-only
TWSE,2026-07-02,official-open,partial,1368,covered,current-only,covered,current-only,unknown,partial,also-present-in-m2-archive;fundamental-coverage-limited-to-2026-06-and-2026Q1;market-status-current-only;no-dated-corporate-action-observation;official-closing-table-present;security-lifecycle-current-only
TPEX,2026-07-02,official-open,partial,1012,covered,current-only,covered,current-only,unknown,partial,fundamental-coverage-limited-to-2026-06-and-2026Q1;market-status-current-only;no-dated-corporate-action-observation;official-closing-table-present;security-lifecycle-current-only
TWSE,2026-07-03,official-open,partial,1368,covered,current-only,covered,current-only,unknown,partial,fundamental-coverage-limited-to-2026-06-and-2026Q1;market-status-current-only;no-dated-corporate-action-observation;official-closing-table-present;security-lifecycle-current-only
TPEX,2026-07-03,official-open,partial,1012,covered,current-only,covered,current-only,unknown,partial,fundamental-coverage-limited-to-2026-06-and-2026Q1;market-status-current-only;no-dated-corporate-action-observation;official-closing-table-present;security-lifecycle-current-only
TWSE,2026-07-04,official-closed,not-session,0,covered,current-only,official-no-data,current-only,unknown,partial,closure-corroborated-by-both-markets-absence;fundamental-coverage-limited-to-2026-06-and-2026Q1;market-status-current-only;no-dated-corporate-action-observation;security-lifecycle-current-only
TPEX,2026-07-04,official-closed,not-session,0,covered,current-only,official-no-data,current-only,unknown,partial,closure-corroborated-by-both-markets-absence;fundamental-coverage-limited-to-2026-06-and-2026Q1;market-status-current-only;no-dated-corporate-action-observation;security-lifecycle-current-only
TWSE,2026-07-05,official-closed,not-session,0,covered,current-only,official-no-data,current-only,unknown,partial,closure-corroborated-by-both-markets-absence;fundamental-coverage-limited-to-2026-06-and-2026Q1;market-status-current-only;no-dated-corporate-action-observation;security-lifecycle-current-only
TPEX,2026-07-05,official-closed,not-session,0,covered,current-only,official-no-data,current-only,unknown,partial,closure-corroborated-by-both-markets-absence;fundamental-coverage-limited-to-2026-06-and-2026Q1;market-status-current-only;no-dated-corporate-action-observation;security-lifecycle-current-only
TWSE,2026-07-06,official-open,partial,1368,covered,current-only,covered,current-only,unknown,partial,fundamental-coverage-limited-to-2026-06-and-2026Q1;market-status-current-only;no-dated-corporate-action-observation;official-closing-table-present;security-lifecycle-current-only
TPEX,2026-07-06,official-open,partial,1012,covered,current-only,covered,current-only,unknown,partial,fundamental-coverage-limited-to-2026-06-and-2026Q1;market-status-current-only;no-dated-corporate-action-observation;official-closing-table-present;security-lifecycle-current-only
TWSE,2026-07-07,official-open,partial,1369,covered,current-only,covered,current-only,unknown,partial,fundamental-coverage-limited-to-2026-06-and-2026Q1;market-status-current-only;no-dated-corporate-action-observation;official-closing-table-present;security-lifecycle-current-only
TPEX,2026-07-07,official-open,partial,1012,covered,current-only,covered,current-only,unknown,partial,fundamental-coverage-limited-to-2026-06-and-2026Q1;market-status-current-only;no-dated-corporate-action-observation;official-closing-table-present;security-lifecycle-current-only
TWSE,2026-07-08,official-open,partial,1369,covered,current-only,covered,current-only,unknown,partial,fundamental-coverage-limited-to-2026-06-and-2026Q1;market-status-current-only;no-dated-corporate-action-observation;official-closing-table-present;security-lifecycle-current-only
TPEX,2026-07-08,official-open,partial,1012,covered,current-only,covered,current-only,unknown,partial,fundamental-coverage-limited-to-2026-06-and-2026Q1;market-status-current-only;no-dated-corporate-action-observation;official-closing-table-present;security-lifecycle-current-only
TWSE,2026-07-09,official-open,partial,1369,covered,current-only,covered,current-only,unknown,partial,fundamental-coverage-limited-to-2026-06-and-2026Q1;market-status-current-only;no-dated-corporate-action-observation;official-closing-table-present;security-lifecycle-current-only
TPEX,2026-07-09,official-open,partial,1013,covered,current-only,covered,current-only,unknown,partial,fundamental-coverage-limited-to-2026-06-and-2026Q1;market-status-current-only;no-dated-corporate-action-observation;official-closing-table-present;security-lifecycle-current-only
TWSE,2026-07-10,official-closed,not-session,0,covered,current-only,official-no-data,current-only,unknown,partial,closure-corroborated-by-both-markets-absence;fundamental-coverage-limited-to-2026-06-and-2026Q1;market-status-current-only;no-dated-corporate-action-observation;security-lifecycle-current-only
TPEX,2026-07-10,official-closed,not-session,0,covered,current-only,official-no-data,current-only,unknown,partial,closure-corroborated-by-both-markets-absence;fundamental-coverage-limited-to-2026-06-and-2026Q1;market-status-current-only;no-dated-corporate-action-observation;security-lifecycle-current-only
TWSE,2026-07-11,official-closed,not-session,0,covered,current-only,official-no-data,current-only,unknown,partial,closure-corroborated-by-both-markets-absence;fundamental-coverage-limited-to-2026-06-and-2026Q1;market-status-current-only;no-dated-corporate-action-observation;security-lifecycle-current-only
TPEX,2026-07-11,official-closed,not-session,0,covered,current-only,official-no-data,current-only,unknown,partial,closure-corroborated-by-both-markets-absence;fundamental-coverage-limited-to-2026-06-and-2026Q1;market-status-current-only;no-dated-corporate-action-observation;security-lifecycle-current-only
TWSE,2026-07-12,official-closed,not-session,0,covered,current-only,official-no-data,current-only,unknown,partial,closure-corroborated-by-both-markets-absence;fundamental-coverage-limited-to-2026-06-and-2026Q1;market-status-current-only;no-dated-corporate-action-observation;security-lifecycle-current-only
TPEX,2026-07-12,official-closed,not-session,0,covered,current-only,official-no-data,current-only,unknown,partial,closure-corroborated-by-both-markets-absence;fundamental-coverage-limited-to-2026-06-and-2026Q1;market-status-current-only;no-dated-corporate-action-observation;security-lifecycle-current-only
TWSE,2026-07-13,official-open,partial,1369,covered,current-only,covered,current-only,unknown,partial,fundamental-coverage-limited-to-2026-06-and-2026Q1;market-status-current-only;no-dated-corporate-action-observation;official-closing-table-present;security-lifecycle-current-only
TPEX,2026-07-13,official-open,partial,1013,covered,current-only,covered,current-only,unknown,partial,fundamental-coverage-limited-to-2026-06-and-2026Q1;market-status-current-only;no-dated-corporate-action-observation;official-closing-table-present;security-lifecycle-current-only
TWSE,2026-07-14,official-open,partial,1369,covered,current-only,covered,current-only,unknown,partial,fundamental-coverage-limited-to-2026-06-and-2026Q1;market-status-current-only;no-dated-corporate-action-observation;official-closing-table-present;security-lifecycle-current-only
TPEX,2026-07-14,official-open,partial,1013,covered,current-only,covered,current-only,unknown,partial,fundamental-coverage-limited-to-2026-06-and-2026Q1;market-status-current-only;no-dated-corporate-action-observation;official-closing-table-present;security-lifecycle-current-only
TWSE,2026-07-15,official-open,partial,1370,covered,current-only,covered,current-only,unknown,partial,fundamental-coverage-limited-to-2026-06-and-2026Q1;market-status-current-only;no-dated-corporate-action-observation;official-closing-table-present;security-lifecycle-current-only
TPEX,2026-07-15,official-open,partial,1013,covered,current-only,covered,current-only,unknown,partial,fundamental-coverage-limited-to-2026-06-and-2026Q1;market-status-current-only;no-dated-corporate-action-observation;official-closing-table-present;security-lifecycle-current-only
TWSE,2026-07-16,official-open,partial,1371,covered,current-only,covered,current-only,unknown,partial,fundamental-coverage-limited-to-2026-06-and-2026Q1;market-status-current-only;no-dated-corporate-action-observation;official-closing-table-present;security-lifecycle-current-only
TPEX,2026-07-16,official-open,partial,1013,covered,current-only,covered,current-only,unknown,partial,fundamental-coverage-limited-to-2026-06-and-2026Q1;market-status-current-only;no-dated-corporate-action-observation;official-closing-table-present;security-lifecycle-current-only
TWSE,2026-07-17,official-open,partial,1371,covered,current-only,covered,current-only,unknown,partial,fundamental-coverage-limited-to-2026-06-and-2026Q1;market-status-current-only;no-dated-corporate-action-observation;official-closing-table-present;security-lifecycle-current-only
TPEX,2026-07-17,official-open,partial,1013,covered,current-only,covered,current-only,unknown,partial,fundamental-coverage-limited-to-2026-06-and-2026Q1;market-status-current-only;no-dated-corporate-action-observation;official-closing-table-present;security-lifecycle-current-only
TWSE,2026-07-18,official-closed,not-session,0,covered,current-only,official-no-data,current-only,unknown,partial,closure-corroborated-by-both-markets-absence;fundamental-coverage-limited-to-2026-06-and-2026Q1;market-status-current-only;no-dated-corporate-action-observation;security-lifecycle-current-only
TPEX,2026-07-18,official-closed,not-session,0,covered,current-only,official-no-data,current-only,unknown,partial,closure-corroborated-by-both-markets-absence;fundamental-coverage-limited-to-2026-06-and-2026Q1;market-status-current-only;no-dated-corporate-action-observation;security-lifecycle-current-only
TWSE,2026-07-19,official-closed,not-session,0,covered,current-only,official-no-data,current-only,unknown,partial,closure-corroborated-by-both-markets-absence;fundamental-coverage-limited-to-2026-06-and-2026Q1;market-status-current-only;no-dated-corporate-action-observation;security-lifecycle-current-only
TPEX,2026-07-19,official-closed,not-session,0,covered,current-only,official-no-data,current-only,unknown,partial,closure-corroborated-by-both-markets-absence;fundamental-coverage-limited-to-2026-06-and-2026Q1;market-status-current-only;no-dated-corporate-action-observation;security-lifecycle-current-only
TWSE,2026-07-20,official-open,partial,1371,covered,current-only,covered,current-only,unknown,partial,fundamental-coverage-limited-to-2026-06-and-2026Q1;market-status-current-only;no-dated-corporate-action-observation;official-closing-table-present;security-lifecycle-current-only
TPEX,2026-07-20,official-open,partial,1013,covered,current-only,covered,current-only,unknown,partial,fundamental-coverage-limited-to-2026-06-and-2026Q1;market-status-current-only;no-dated-corporate-action-observation;official-closing-table-present;security-lifecycle-current-only
TWSE,2026-07-21,official-open,partial,1371,covered,current-only,covered,current-only,unknown,partial,fundamental-coverage-limited-to-2026-06-and-2026Q1;market-status-current-only;no-dated-corporate-action-observation;official-closing-table-present;security-lifecycle-current-only
TPEX,2026-07-21,official-open,partial,1013,covered,current-only,covered,current-only,unknown,partial,fundamental-coverage-limited-to-2026-06-and-2026Q1;market-status-current-only;no-dated-corporate-action-observation;official-closing-table-present;security-lifecycle-current-only
TWSE,2026-07-22,official-open,partial,1371,covered,current-only,covered,current-only,unknown,partial,fundamental-coverage-limited-to-2026-06-and-2026Q1;market-status-current-only;no-dated-corporate-action-observation;official-closing-table-present;security-lifecycle-current-only
TPEX,2026-07-22,official-open,partial,1013,covered,current-only,covered,current-only,unknown,partial,fundamental-coverage-limited-to-2026-06-and-2026Q1;market-status-current-only;no-dated-corporate-action-observation;official-closing-table-present;security-lifecycle-current-only
TWSE,2026-07-23,official-open,partial,1371,covered,current-only,covered,current-only,unknown,partial,fundamental-coverage-limited-to-2026-06-and-2026Q1;market-status-current-only;no-dated-corporate-action-observation;official-closing-table-present;security-lifecycle-current-only
TPEX,2026-07-23,official-open,partial,1013,covered,current-only,covered,current-only,unknown,partial,fundamental-coverage-limited-to-2026-06-and-2026Q1;market-status-current-only;no-dated-corporate-action-observation;official-closing-table-present;security-lifecycle-current-only
TWSE,2026-07-24,official-open,partial,1372,covered,current-only,covered,current-only,unknown,partial,fundamental-coverage-limited-to-2026-06-and-2026Q1;market-status-current-only;no-dated-corporate-action-observation;official-closing-table-present;security-lifecycle-current-only
TPEX,2026-07-24,official-open,partial,1013,covered,current-only,covered,current-only,unknown,partial,fundamental-coverage-limited-to-2026-06-and-2026Q1;market-status-current-only;no-dated-corporate-action-observation;official-closing-table-present;security-lifecycle-current-only
TWSE,2026-07-25,official-closed,not-session,0,covered,current-only,official-no-data,current-only,unknown,partial,closure-corroborated-by-both-markets-absence;fundamental-coverage-limited-to-2026-06-and-2026Q1;market-status-current-only;no-dated-corporate-action-observation;security-lifecycle-current-only
TPEX,2026-07-25,official-closed,not-session,0,covered,current-only,official-no-data,current-only,unknown,partial,closure-corroborated-by-both-markets-absence;fundamental-coverage-limited-to-2026-06-and-2026Q1;market-status-current-only;no-dated-corporate-action-observation;security-lifecycle-current-only
TWSE,2026-07-26,official-closed,not-session,0,covered,current-only,official-no-data,current-only,unknown,partial,closure-corroborated-by-both-markets-absence;fundamental-coverage-limited-to-2026-06-and-2026Q1;market-status-current-only;no-dated-corporate-action-observation;security-lifecycle-current-only
TPEX,2026-07-26,official-closed,not-session,0,covered,current-only,official-no-data,current-only,unknown,partial,closure-corroborated-by-both-markets-absence;fundamental-coverage-limited-to-2026-06-and-2026Q1;market-status-current-only;no-dated-corporate-action-observation;security-lifecycle-current-only
TWSE,2026-07-27,official-open,partial,1372,covered,current-only,covered,current-only,unknown,partial,fundamental-coverage-limited-to-2026-06-and-2026Q1;market-status-current-only;no-dated-corporate-action-observation;official-closing-table-present;security-lifecycle-current-only
TPEX,2026-07-27,official-open,partial,1013,covered,current-only,covered,current-only,unknown,partial,fundamental-coverage-limited-to-2026-06-and-2026Q1;market-status-current-only;no-dated-corporate-action-observation;official-closing-table-present;security-lifecycle-current-only
TWSE,2026-07-28,official-open,partial,1373,covered,current-only,covered,current-only,unknown,partial,fundamental-coverage-limited-to-2026-06-and-2026Q1;market-status-current-only;no-dated-corporate-action-observation;official-closing-table-present;security-lifecycle-current-only
TPEX,2026-07-28,official-open,partial,1013,covered,current-only,covered,current-only,unknown,partial,fundamental-coverage-limited-to-2026-06-and-2026Q1;market-status-current-only;no-dated-corporate-action-observation;official-closing-table-present;security-lifecycle-current-only
TWSE,2026-07-29,official-open,partial,1373,covered,current-only,covered,current-only,unknown,partial,fundamental-coverage-limited-to-2026-06-and-2026Q1;market-status-current-only;no-dated-corporate-action-observation;official-closing-table-present;security-lifecycle-current-only
TPEX,2026-07-29,official-open,partial,1013,covered,current-only,covered,current-only,unknown,partial,fundamental-coverage-limited-to-2026-06-and-2026Q1;market-status-current-only;no-dated-corporate-action-observation;official-closing-table-present;security-lifecycle-current-only
TWSE,2026-07-30,official-open,partial,1373,covered,current-only,covered,current-only,unknown,partial,fundamental-coverage-limited-to-2026-06-and-2026Q1;market-status-current-only;no-dated-corporate-action-observation;official-closing-table-present;security-lifecycle-current-only
TPEX,2026-07-30,official-open,partial,1012,covered,current-only,covered,current-only,unknown,partial,fundamental-coverage-limited-to-2026-06-and-2026Q1;market-status-current-only;no-dated-corporate-action-observation;official-closing-table-present;security-lifecycle-current-only
TWSE,2026-07-31,official-open,partial,1373,covered,current-only,covered,current-only,covered,partial,also-present-in-m2-archive;fundamental-coverage-limited-to-2026-06-and-2026Q1;market-status-current-only;official-closing-table-present;security-lifecycle-current-only
TPEX,2026-07-31,official-open,partial,1012,covered,current-only,covered,current-only,unknown,partial,also-present-in-m2-archive;fundamental-coverage-limited-to-2026-06-and-2026Q1;market-status-current-only;no-dated-corporate-action-observation;official-closing-table-present;security-lifecycle-current-only
TWSE,2026-08-01,official-closed,not-session,0,covered,current-only,official-no-data,current-only,unknown,partial,closure-corroborated-by-both-markets-absence;fundamental-coverage-limited-to-2026-06-and-2026Q1;market-status-current-only;no-dated-corporate-action-observation;security-lifecycle-current-only
TPEX,2026-08-01,official-closed,not-session,0,covered,current-only,official-no-data,current-only,unknown,partial,closure-corroborated-by-both-markets-absence;fundamental-coverage-limited-to-2026-06-and-2026Q1;market-status-current-only;no-dated-corporate-action-observation;security-lifecycle-current-only
TWSE,2026-08-02,official-closed,not-session,0,covered,current-only,official-no-data,current-only,unknown,partial,closure-corroborated-by-both-markets-absence;fundamental-coverage-limited-to-2026-06-and-2026Q1;market-status-current-only;no-dated-corporate-action-observation;security-lifecycle-current-only
TPEX,2026-08-02,official-closed,not-session,0,covered,current-only,official-no-data,current-only,unknown,partial,closure-corroborated-by-both-markets-absence;fundamental-coverage-limited-to-2026-06-and-2026Q1;market-status-current-only;no-dated-corporate-action-observation;security-lifecycle-current-only
TWSE,2026-08-03,official-open,partial,1377,covered,current-only,covered,current-only,unknown,partial,fundamental-coverage-limited-to-2026-06-and-2026Q1;market-status-current-only;no-dated-corporate-action-observation;official-closing-table-present;security-lifecycle-current-only
TPEX,2026-08-03,official-open,partial,1012,covered,current-only,covered,current-only,unknown,partial,fundamental-coverage-limited-to-2026-06-and-2026Q1;market-status-current-only;no-dated-corporate-action-observation;official-closing-table-present;security-lifecycle-current-only
